weather_condition,distance_km,delivery_time_hours,time_diff_bin
clear,297.0,8,Ligeramente antes
cold,89.6,2,Ligeramente antes
rainy,273.5,10,Mucho antes
cold,269.7,6,Mucho antes
foggy,256.7,9,Mucho antes
rainy,48.4,4,Ligeramente tarde
clear,198.3,6,Mucho antes
cold,114.6,4,Mucho antes
hot,142.4,5,Mucho antes
foggy,47.1,3,Mucho antes
cold,293.2,5,Mucho antes
cold,80.4,3,Mucho antes
rainy,257.7,8,Mucho antes
stormy,19.0,6,Mucho tarde
stormy,237.9,12,Mucho antes
hot,239.3,8,Ligeramente tarde
stormy,79.0,10,Mucho antes
rainy,170.7,11,Mucho antes
rainy,90.0,4,Mucho antes
rainy,64.0,7,Mucho tarde
foggy,185.9,6,Mucho antes
stormy,217.9,9,Mucho antes
cold,214.1,6,Mucho antes
clear,251.7,8,Mucho antes
foggy,214.9,7,Mucho antes
stormy,115.4,6,Mucho antes
foggy,293.8,9,Ligeramente tarde
clear,286.8,8,Mucho antes
hot,136.1,3,Ligeramente antes
rainy,291.4,13,Mucho antes
hot,295.0,9,Mucho antes
rainy,223.3,10,Ligeramente tarde
hot,242.5,10,Mucho tarde
rainy,35.1,8,Mucho antes
stormy,81.8,5,Ligeramente tarde
clear,37.6,3,Mucho antes
rainy,46.8,5,Mucho tarde
hot,233.4,5,Mucho antes
rainy,62.2,7,Mucho antes
foggy,114.0,6,Mucho antes
foggy,131.5,6,Mucho antes
rainy,21.4,3,Ligeramente tarde
stormy,258.5,7,Mucho antes
rainy,253.9,9,Mucho antes
stormy,6.7,6,Mucho antes
hot,178.1,5,Mucho antes
hot,180.0,4,Mucho antes
rainy,187.9,11,Mucho antes
hot,78.3,4,Ligeramente tarde
hot,51.6,2,Ligeramente antes
stormy,26.9,5,Mucho antes
hot,216.7,7,Ligeramente tarde
foggy,148.2,5,Mucho antes
clear,184.2,5,Mucho antes
stormy,167.7,7,Ligeramente antes
cold,197.7,9,Mucho antes
foggy,211.9,7,Mucho antes
stormy,64.3,6,Mucho antes
hot,206.7,3,Mucho antes
cold,83.5,3,Mucho antes
foggy,9.3,3,Mucho antes
rainy,245.9,12,Mucho antes
stormy,225.7,8,Ligeramente tarde
hot,226.0,7,Ligeramente tarde
hot,113.3,4,Mucho antes
stormy,232.3,12,Mucho antes
cold,87.7,4,Ligeramente tarde
rainy,90.1,6,Mucho antes
rainy,110.4,6,Ligeramente tarde
cold,217.3,6,Mucho antes
rainy,75.2,6,Mucho antes
hot,23.2,2,Mucho antes
rainy,78.5,8,Mucho tarde
hot,138.3,8,Mucho tarde
cold,96.4,3,Mucho antes
cold,216.2,11,Mucho antes
stormy,24.1,7,Mucho tarde
rainy,197.1,13,Mucho antes
foggy,94.8,2,Mucho antes
hot,56.0,3,Ligeramente antes
stormy,70.7,8,Ligeramente antes
rainy,60.4,6,Mucho antes
stormy,258.4,9,Ligeramente tarde
cold,89.3,4,Mucho antes
clear,244.0,7,Mucho antes
stormy,87.8,8,Mucho antes
stormy,3.6,3,Mucho antes
cold,3.6,0,Mucho antes
rainy,111.0,9,Mucho antes
rainy,256.4,11,Mucho tarde
foggy,177.9,7,Ligeramente antes
rainy,204.2,9,Mucho antes
cold,125.0,4,Mucho antes
hot,83.3,4,Mucho antes
foggy,193.2,7,Mucho antes
foggy,174.3,10,Mucho antes
clear,11.4,1,Mucho antes
clear,166.4,6,Ligeramente tarde
stormy,189.6,11,Mucho antes
stormy,111.2,6,Ligeramente tarde
hot,103.2,4,Mucho antes
clear,236.4,9,Mucho antes
clear,111.9,5,Mucho antes
stormy,86.6,8,Mucho antes
clear,235.6,5,Mucho antes
cold,295.5,6,Mucho antes
foggy,56.3,5,Mucho antes
stormy,114.2,6,Mucho antes
hot,3.6,2,Mucho antes
stormy,146.2,9,Ligeramente tarde
clear,85.6,3,Mucho antes
rainy,247.9,9,Mucho tarde
foggy,274.8,9,Mucho antes
clear,35.7,3,Mucho antes
stormy,259.3,8,Ligeramente tarde
clear,65.3,4,Mucho antes
clear,93.1,2,Ligeramente antes
hot,265.8,9,Mucho antes
clear,110.2,4,Mucho antes
clear,6.0,1,Mucho antes
foggy,16.5,2,Mucho antes
cold,102.0,4,Mucho antes
rainy,265.4,13,Mucho tarde
foggy,27.5,2,Mucho antes
hot,59.5,2,Mucho antes
cold,290.2,6,Ligeramente antes
rainy,124.0,8,Mucho antes
clear,261.9,9,Mucho antes
rainy,115.6,8,Mucho antes
hot,156.0,2,Mucho antes
foggy,284.1,9,Mucho antes
cold,287.0,10,Ligeramente tarde
foggy,50.5,2,Mucho antes
foggy,203.3,7,Mucho antes
hot,127.8,2,Mucho antes
cold,45.8,1,Mucho antes
hot,8.7,0,Mucho antes
rainy,152.8,6,Mucho antes
rainy,29.0,5,Mucho antes
clear,281.6,8,Mucho antes
stormy,75.7,8,Ligeramente antes
cold,132.5,3,Mucho antes
rainy,218.2,10,Mucho antes
rainy,152.8,8,Mucho tarde
cold,113.8,4,Mucho antes
clear,189.3,7,Mucho antes
rainy,60.1,5,Mucho antes
foggy,147.7,6,Mucho antes
cold,289.0,6,Mucho antes
cold,235.6,7,Ligeramente tarde
cold,101.1,4,Mucho antes
cold,273.9,6,Mucho antes
clear,262.6,4,Mucho antes
clear,82.2,2,Mucho antes
cold,280.3,7,Ligeramente antes
foggy,146.1,8,Ligeramente antes
clear,279.9,12,Mucho tarde
stormy,165.4,11,Mucho tarde
cold,29.9,2,Mucho antes
hot,42.6,1,Mucho antes
foggy,149.9,10,Mucho antes
rainy,8.4,4,Mucho antes
hot,230.8,6,Mucho antes
clear,93.0,2,Ligeramente antes
clear,10.4,1,Mucho antes
hot,194.9,4,Mucho antes
rainy,182.1,11,Mucho tarde
clear,38.8,3,Mucho antes
cold,55.2,1,Mucho antes
stormy,223.3,12,Mucho tarde
hot,46.2,2,Ligeramente antes
hot,3.6,1,Mucho antes
hot,297.1,5,Mucho antes
hot,87.8,3,Ligeramente antes
hot,267.4,9,Ligeramente tarde
stormy,124.8,10,Mucho antes
clear,288.9,6,Ligeramente antes
hot,129.5,4,Mucho antes
foggy,225.0,11,Mucho tarde
stormy,289.7,14,Mucho antes
rainy,85.4,7,Mucho antes
hot,9.9,0,Mucho antes
hot,135.1,4,Mucho antes
stormy,228.6,9,Mucho antes
rainy,169.6,9,Mucho tarde
foggy,250.7,10,Mucho tarde
rainy,80.7,7,Mucho antes
stormy,21.3,7,Mucho antes
clear,67.1,2,Mucho antes
foggy,69.4,5,Mucho antes
cold,101.2,2,Mucho antes
rainy,94.2,5,Mucho antes
foggy,71.0,5,Mucho antes
foggy,37.4,3,Mucho antes
cold,157.0,3,Mucho antes
cold,213.7,5,Mucho antes
cold,272.6,8,Ligeramente tarde
stormy,83.5,7,Mucho tarde
foggy,198.5,4,Ligeramente antes
hot,158.7,6,Ligeramente tarde
clear,265.3,5,Mucho antes
stormy,208.8,9,Mucho tarde
rainy,55.7,3,Ligeramente antes
foggy,80.6,4,Mucho antes
stormy,187.7,13,Mucho tarde
foggy,225.6,9,Mucho antes
rainy,24.5,5,Mucho tarde
rainy,194.3,6,Mucho antes
foggy,52.0,6,Mucho tarde
clear,282.9,8,Ligeramente antes
cold,289.2,9,Ligeramente tarde
cold,257.9,5,Mucho antes
hot,258.3,12,Mucho tarde
rainy,288.4,9,Ligeramente tarde
hot,86.5,3,Ligeramente antes
stormy,157.3,9,Ligeramente tarde
rainy,41.0,6,Mucho antes
foggy,137.4,7,Mucho antes
clear,32.3,1,Mucho antes
clear,207.8,6,Ligeramente antes
foggy,23.6,3,Mucho antes
clear,258.0,8,Mucho antes
cold,255.6,7,Ligeramente antes
cold,289.7,5,Mucho antes
rainy,9.1,5,Mucho tarde
foggy,245.8,5,Mucho antes
hot,88.6,3,Mucho antes
rainy,59.6,7,Mucho antes
hot,225.4,5,Ligeramente antes
clear,36.9,2,Ligeramente antes
stormy,262.9,16,Mucho tarde
clear,262.7,5,Mucho antes
hot,167.2,7,Mucho antes
hot,127.4,3,Ligeramente antes
foggy,267.0,11,Mucho antes
cold,214.0,7,Ligeramente antes
stormy,10.6,5,Mucho antes
rainy,124.2,7,Ligeramente antes
stormy,129.5,7,Mucho antes
foggy,257.0,7,Ligeramente antes
hot,264.9,9,Mucho antes
stormy,163.5,8,Mucho antes
hot,34.6,3,Mucho antes
rainy,183.1,13,Mucho antes
clear,138.7,3,Mucho antes
foggy,127.5,6,Mucho antes
clear,295.3,10,Mucho antes
foggy,297.1,12,Mucho tarde
foggy,123.5,8,Ligeramente antes
stormy,280.4,11,Mucho antes
hot,74.1,3,Ligeramente antes
cold,58.9,2,Ligeramente antes
clear,197.4,8,Mucho antes
foggy,150.6,7,Ligeramente antes
hot,224.0,4,Mucho antes
rainy,33.9,4,Mucho antes
cold,145.2,5,Mucho antes
stormy,204.9,9,Mucho antes
foggy,150.8,6,Mucho antes
clear,86.6,3,Mucho antes
stormy,150.7,8,Mucho antes
clear,176.0,5,Mucho antes
rainy,165.6,7,Mucho antes
foggy,170.2,5,Mucho antes
clear,133.4,4,Ligeramente antes
clear,100.0,4,Mucho antes
cold,22.1,1,Mucho antes
foggy,14.9,4,Mucho antes
clear,160.6,6,Mucho antes
rainy,257.8,7,Ligeramente antes
stormy,235.9,11,Mucho antes
cold,161.3,5,Ligeramente antes
foggy,192.2,7,Ligeramente tarde
rainy,293.0,9,Mucho antes
foggy,290.2,11,Mucho tarde
hot,297.1,5,Mucho antes
clear,5.9,1,Ligeramente antes
stormy,191.2,8,Ligeramente antes
foggy,223.8,8,Ligeramente antes
cold,31.8,2,Mucho antes
foggy,109.6,5,Mucho antes
stormy,50.4,9,Mucho antes
hot,116.0,3,Mucho antes
hot,132.9,3,Mucho antes
clear,54.3,2,Mucho antes
foggy,149.3,6,Mucho antes
clear,57.1,4,Mucho antes
clear,276.8,12,Mucho antes
foggy,51.7,5,Mucho antes
foggy,154.3,4,Mucho antes
hot,103.9,4,Mucho antes
hot,127.4,6,Ligeramente tarde
cold,117.4,3,Ligeramente antes
rainy,293.6,10,Ligeramente tarde
stormy,199.4,8,Mucho tarde
clear,15.6,1,Mucho antes
foggy,250.7,7,Mucho antes
clear,164.1,2,Mucho antes
cold,35.8,3,Mucho antes
stormy,142.0,6,Mucho antes
clear,40.9,2,Mucho antes
foggy,167.7,7,Ligeramente tarde
hot,111.8,3,Mucho antes
hot,21.0,0,Mucho antes
hot,196.4,4,Mucho antes
stormy,70.8,8,Ligeramente antes
cold,230.1,8,Mucho antes
cold,271.2,9,Mucho antes
foggy,73.6,4,Mucho antes
cold,92.4,1,Mucho antes
hot,14.9,1,Mucho antes
clear,145.0,5,Ligeramente tarde
hot,252.2,9,Mucho antes
rainy,33.9,4,Ligeramente tarde
cold,51.2,2,Mucho antes
rainy,223.6,12,Mucho antes
foggy,191.8,6,Mucho antes
cold,60.6,2,Mucho antes
hot,52.2,1,Mucho antes
clear,22.1,3,Mucho antes
cold,6.3,1,Mucho antes
foggy,127.4,8,Mucho antes
stormy,33.2,7,Mucho antes
clear,88.3,4,Mucho antes
clear,262.3,6,Mucho antes
foggy,15.8,1,Ligeramente antes
foggy,239.2,8,Mucho antes
clear,115.1,5,Mucho antes
clear,124.2,6,Mucho antes
hot,291.8,7,Mucho antes
stormy,171.0,12,Mucho antes
stormy,12.0,5,Mucho antes
stormy,238.4,11,Mucho tarde
cold,166.8,4,Mucho antes
foggy,233.3,7,Mucho antes
cold,46.2,2,Ligeramente antes
rainy,79.5,7,Mucho tarde
hot,273.2,9,Ligeramente tarde
stormy,129.5,9,Mucho antes
rainy,153.7,6,Mucho antes
clear,193.3,4,Mucho antes
clear,159.0,8,Mucho antes
stormy,225.4,12,Mucho antes
clear,67.7,5,Mucho antes
stormy,276.3,13,Mucho antes
hot,17.1,1,Ligeramente antes
hot,150.4,5,Mucho antes
clear,297.1,7,Mucho antes
clear,198.0,7,Ligeramente antes
rainy,145.2,7,Mucho tarde
foggy,285.8,8,Ligeramente tarde
clear,24.3,1,Mucho antes
foggy,127.3,6,Mucho antes
clear,271.2,8,Ligeramente antes
clear,204.4,6,Mucho antes
foggy,111.2,5,Mucho antes
stormy,293.3,15,Mucho tarde
foggy,228.0,8,Ligeramente tarde
hot,293.2,6,Ligeramente antes
rainy,175.5,9,Mucho antes
clear,3.6,1,Mucho antes
cold,291.6,7,Mucho antes
foggy,247.4,7,Mucho antes
stormy,165.5,13,Mucho antes
hot,49.1,3,Ligeramente tarde
rainy,264.4,10,Ligeramente tarde
clear,191.6,6,Mucho antes
cold,3.6,1,Mucho antes
hot,148.6,6,Mucho antes
stormy,294.7,11,Mucho tarde
cold,176.2,6,Mucho antes
foggy,213.5,8,Mucho antes
clear,197.8,6,Mucho antes
hot,156.1,7,Ligeramente tarde
hot,207.9,6,Mucho antes
foggy,59.5,4,Mucho antes
rainy,102.0,5,Mucho antes
hot,266.9,8,Mucho antes
clear,81.7,4,Ligeramente tarde
clear,125.6,2,Mucho antes
cold,31.9,1,Mucho antes
rainy,279.2,11,Mucho antes
hot,81.5,3,Mucho antes
stormy,174.7,13,Mucho tarde
cold,120.2,3,Ligeramente antes
cold,104.7,5,Ligeramente tarde
foggy,51.3,2,Mucho antes
hot,297.1,9,Mucho antes
clear,87.5,3,Mucho antes
cold,119.5,4,Mucho antes
cold,58.6,4,Ligeramente tarde
rainy,188.6,11,Mucho tarde
stormy,26.8,7,Mucho tarde
cold,199.2,6,Ligeramente tarde
rainy,151.4,9,Ligeramente tarde
clear,194.6,9,Mucho antes
cold,3.6,1,Mucho antes
rainy,202.4,11,Mucho tarde
clear,14.7,2,Mucho antes
foggy,275.3,7,Mucho antes
foggy,238.2,8,Ligeramente tarde
rainy,38.0,4,Mucho antes
cold,167.3,5,Ligeramente antes
clear,287.1,11,Mucho tarde
cold,73.5,3,Mucho antes
stormy,22.7,4,Ligeramente tarde
rainy,127.3,6,Mucho antes
foggy,42.3,5,Mucho antes
clear,233.5,11,Mucho tarde
cold,273.7,6,Mucho antes
hot,135.4,5,Mucho antes
cold,297.1,9,Mucho antes
clear,57.8,2,Mucho antes
cold,275.4,11,Mucho tarde
hot,97.7,4,Mucho antes
stormy,270.7,15,Mucho tarde
stormy,271.4,10,Ligeramente tarde
rainy,105.3,5,Mucho antes
stormy,7.1,3,Mucho antes
cold,91.5,2,Mucho antes
hot,131.5,3,Ligeramente antes
foggy,295.2,9,Mucho antes
stormy,207.2,12,Mucho tarde
foggy,190.8,6,Mucho antes
foggy,193.9,5,Mucho antes
stormy,119.5,10,Mucho antes
foggy,207.2,5,Ligeramente antes
stormy,84.6,6,Mucho antes
cold,225.9,4,Mucho antes
clear,195.9,6,Mucho antes
foggy,224.2,10,Ligeramente tarde
rainy,46.3,5,Mucho antes
clear,166.1,6,Ligeramente tarde
clear,58.3,1,Mucho antes
foggy,94.2,5,Ligeramente tarde
clear,237.8,7,Ligeramente antes
hot,125.8,4,Mucho antes
foggy,15.9,3,Mucho antes
rainy,267.7,15,Mucho antes
cold,33.1,1,Mucho antes
stormy,149.7,11,Mucho tarde
hot,143.1,2,Mucho antes
hot,120.3,6,Mucho antes
rainy,3.6,3,Mucho antes
stormy,77.0,6,Mucho antes
clear,47.5,2,Ligeramente antes
stormy,49.9,7,Mucho antes
cold,38.8,2,Ligeramente antes
rainy,247.4,9,Ligeramente tarde
hot,31.2,1,Mucho antes
clear,100.6,4,Mucho antes
stormy,174.4,9,Mucho antes
clear,13.2,1,Mucho antes
cold,158.0,3,Mucho antes
foggy,139.7,6,Mucho antes
cold,257.6,7,Mucho antes
cold,35.7,1,Ligeramente antes
clear,18.5,3,Mucho antes
stormy,45.0,9,Mucho antes
stormy,143.4,8,Ligeramente antes
foggy,32.4,5,Mucho antes
hot,185.1,6,Mucho antes
foggy,238.2,7,Mucho antes
cold,167.1,7,Ligeramente antes
stormy,108.2,7,Ligeramente antes
foggy,134.6,8,Ligeramente antes
cold,73.5,4,Mucho antes
hot,255.8,10,Mucho tarde
rainy,97.7,8,Ligeramente antes
foggy,257.7,13,Mucho tarde
clear,289.8,8,Mucho antes
foggy,77.4,4,Mucho antes
stormy,257.5,14,Mucho tarde
stormy,251.1,10,Mucho antes
hot,183.8,6,Ligeramente tarde
rainy,250.3,8,Mucho antes
foggy,128.2,5,Ligeramente tarde
hot,181.3,5,Mucho antes
hot,122.3,3,Ligeramente antes
foggy,297.1,13,Mucho tarde
hot,160.0,6,Mucho antes
cold,71.9,4,Mucho antes
foggy,201.4,10,Mucho tarde
hot,227.7,7,Mucho antes
rainy,258.5,10,Mucho tarde
stormy,4.8,5,Mucho tarde
rainy,224.4,12,Mucho antes
hot,159.6,4,Mucho antes
foggy,218.2,9,Mucho antes
cold,158.7,6,Mucho antes
cold,99.6,3,Ligeramente antes
foggy,11.5,5,Mucho antes
clear,96.8,4,Mucho antes
hot,197.1,7,Mucho antes
cold,3.9,1,Mucho antes
cold,276.5,5,Mucho antes
rainy,120.4,8,Mucho tarde
clear,19.8,2,Mucho antes
clear,264.7,5,Mucho antes
foggy,55.0,3,Mucho antes
rainy,18.4,3,Mucho antes
clear,24.5,3,Mucho antes
rainy,158.9,8,Ligeramente antes
foggy,86.5,4,Mucho antes
clear,252.7,7,Ligeramente antes
hot,164.1,7,Ligeramente tarde
cold,84.1,3,Mucho antes
rainy,175.7,7,Mucho antes
stormy,283.3,11,Mucho tarde
clear,258.9,6,Ligeramente antes
clear,41.8,1,Ligeramente antes
rainy,261.7,13,Mucho tarde
cold,110.5,4,Mucho antes
hot,116.0,4,Mucho antes
hot,151.7,5,Ligeramente antes
clear,230.7,5,Mucho antes
rainy,127.3,7,Mucho antes
stormy,198.7,12,Mucho tarde
foggy,51.9,3,Mucho antes
hot,89.2,3,Mucho antes
stormy,284.4,10,Mucho antes
stormy,126.6,9,Mucho antes
stormy,218.2,12,Mucho tarde
cold,24.8,1,Mucho antes
stormy,10.1,6,Mucho antes
hot,16.7,1,Mucho antes
foggy,210.7,6,Mucho antes
clear,18.0,1,Mucho antes
stormy,181.0,11,Mucho tarde
cold,76.0,5,Mucho antes
hot,43.0,4,Ligeramente tarde
stormy,208.1,10,Ligeramente tarde
cold,163.6,5,Mucho antes
cold,267.5,11,Mucho antes
cold,218.4,5,Mucho antes
cold,97.5,4,Mucho antes
rainy,38.8,3,Mucho antes
clear,191.5,5,Mucho antes
foggy,104.9,6,Ligeramente tarde
rainy,50.5,3,Mucho antes
clear,172.3,5,Mucho antes
stormy,198.9,10,Mucho antes
clear,86.4,2,Mucho antes
clear,216.8,5,Ligeramente antes
rainy,21.4,6,Mucho antes
foggy,219.2,6,Mucho antes
stormy,32.6,6,Mucho antes
cold,207.5,5,Ligeramente antes
stormy,131.1,8,Mucho antes
stormy,46.4,6,Mucho antes
rainy,7.3,5,Mucho antes
rainy,253.8,8,Mucho antes
stormy,264.0,12,Mucho tarde
rainy,111.6,6,Ligeramente tarde
clear,198.1,7,Mucho antes
hot,261.0,9,Mucho antes
cold,27.8,3,Mucho antes
cold,152.3,3,Mucho antes
hot,128.0,6,Mucho antes
cold,65.4,1,Mucho antes
hot,76.0,4,Ligeramente tarde
clear,275.5,5,Mucho antes
foggy,208.8,7,Ligeramente antes
clear,187.7,6,Mucho antes
rainy,194.5,7,Mucho antes
cold,124.6,4,Mucho antes
hot,236.5,7,Ligeramente tarde
cold,224.0,4,Mucho antes
foggy,131.4,5,Mucho antes
rainy,44.9,6,Mucho antes
foggy,30.1,3,Mucho antes
rainy,238.7,6,Mucho antes
cold,211.1,7,Ligeramente tarde
stormy,135.5,11,Mucho antes
clear,41.7,0,Mucho antes
rainy,232.2,9,Ligeramente tarde
foggy,108.4,3,Mucho antes
hot,233.2,10,Mucho antes
cold,210.1,8,Ligeramente antes
rainy,279.1,8,Mucho antes
hot,21.3,3,Mucho antes
hot,193.4,9,Mucho tarde
hot,238.0,8,Ligeramente antes
rainy,88.2,8,Mucho antes
foggy,221.3,7,Ligeramente tarde
clear,90.0,3,Ligeramente antes
stormy,190.9,10,Mucho tarde
foggy,204.5,11,Mucho tarde
foggy,268.6,11,Mucho tarde
clear,285.3,6,Mucho antes
cold,297.1,13,Mucho tarde
stormy,208.5,9,Mucho antes
rainy,174.1,13,Mucho tarde
clear,205.2,5,Mucho antes
foggy,224.4,6,Mucho antes
clear,244.9,11,Mucho tarde
rainy,88.0,6,Mucho tarde
hot,213.0,9,Ligeramente tarde
clear,58.4,1,Mucho antes
stormy,31.8,4,Mucho antes
hot,238.2,5,Ligeramente antes
stormy,174.5,13,Mucho antes
clear,143.3,7,Ligeramente antes
rainy,120.1,6,Mucho antes
rainy,77.4,5,Mucho antes
cold,176.3,3,Mucho antes
hot,26.5,2,Ligeramente antes
cold,209.3,5,Ligeramente antes
clear,146.8,6,Mucho antes
foggy,189.5,5,Ligeramente antes
foggy,10.4,3,Mucho antes
hot,112.9,4,Mucho antes
clear,120.5,4,Ligeramente antes
hot,173.8,5,Ligeramente antes
foggy,270.7,11,Mucho tarde
cold,215.3,8,Mucho antes
rainy,242.0,11,Mucho antes
cold,227.9,8,Mucho antes
cold,59.5,3,Mucho antes
foggy,154.5,6,Mucho antes
cold,220.8,6,Mucho antes
foggy,161.2,5,Ligeramente antes
stormy,284.9,15,Mucho tarde
cold,155.9,7,Ligeramente antes
rainy,164.8,11,Mucho antes
foggy,36.8,5,Mucho antes
clear,24.7,1,Mucho antes
stormy,18.6,8,Ligeramente antes
rainy,45.7,5,Mucho antes
clear,201.9,9,Mucho antes
cold,54.3,1,Mucho antes
rainy,33.3,8,Mucho tarde
hot,184.2,6,Mucho antes
clear,257.6,7,Mucho antes
rainy,10.9,6,Mucho antes
clear,152.3,5,Mucho antes
hot,58.3,3,Ligeramente antes
foggy,274.4,9,Ligeramente tarde
cold,126.1,4,Ligeramente antes
stormy,194.5,9,Mucho tarde
rainy,131.0,8,Ligeramente antes
hot,245.5,4,Mucho antes
cold,148.3,5,Mucho antes
stormy,283.8,10,Ligeramente tarde
hot,108.3,3,Mucho antes
hot,216.7,6,Ligeramente antes
clear,27.5,3,Mucho antes
rainy,49.5,5,Mucho antes
hot,159.4,8,Mucho antes
hot,78.5,1,Mucho antes
rainy,18.6,5,Mucho antes
clear,75.1,1,Mucho antes
stormy,82.0,8,Mucho tarde
rainy,187.3,10,Ligeramente tarde
clear,50.7,1,Mucho antes
foggy,278.6,7,Mucho antes
rainy,86.8,7,Mucho antes
cold,289.1,7,Ligeramente antes
hot,127.6,5,Mucho antes
clear,219.9,8,Mucho antes
cold,203.8,5,Ligeramente antes
rainy,85.0,6,Mucho antes
clear,133.6,3,Mucho antes
clear,69.6,2,Mucho antes
foggy,265.5,7,Ligeramente antes
foggy,266.0,6,Mucho antes
cold,108.6,4,Mucho antes
rainy,123.2,6,Mucho antes
hot,91.5,2,Mucho antes
clear,90.4,6,Mucho antes
hot,27.2,1,Mucho antes
foggy,192.3,6,Mucho antes
stormy,230.7,9,Mucho antes
foggy,102.9,4,Mucho antes
hot,151.0,5,Mucho antes
stormy,7.6,4,Mucho antes
foggy,189.4,5,Mucho antes
cold,98.2,3,Mucho antes
clear,45.2,1,Mucho antes
cold,4.3,2,Ligeramente antes
stormy,128.7,9,Mucho tarde
clear,201.3,5,Mucho antes
foggy,72.8,3,Mucho antes
foggy,51.2,5,Mucho antes
clear,184.3,6,Mucho antes
cold,178.5,5,Mucho antes
cold,92.2,2,Mucho antes
stormy,255.4,13,Mucho antes
clear,179.5,6,Ligeramente tarde
foggy,244.8,10,Mucho tarde
hot,277.2,11,Mucho antes
foggy,202.9,9,Mucho tarde
stormy,88.4,8,Mucho antes
cold,203.5,4,Mucho antes
rainy,126.9,8,Mucho antes
cold,55.2,3,Mucho antes
cold,53.1,1,Mucho antes
rainy,46.9,6,Mucho antes
cold,140.0,6,Ligeramente tarde
rainy,178.7,11,Mucho tarde
hot,292.4,11,Mucho tarde
hot,202.3,9,Mucho antes
cold,70.4,4,Mucho antes
clear,250.7,6,Mucho antes
stormy,295.2,11,Mucho tarde
cold,124.5,5,Ligeramente tarde
clear,264.2,10,Mucho tarde
clear,223.5,8,Ligeramente antes
clear,95.5,2,Ligeramente antes
foggy,3.6,1,Ligeramente antes
stormy,209.8,7,Ligeramente tarde
hot,289.6,9,Mucho antes
foggy,41.5,2,Ligeramente antes
cold,274.6,8,Mucho antes
clear,62.9,4,Mucho antes
stormy,162.9,9,Mucho antes
foggy,166.2,7,Ligeramente antes
stormy,67.0,6,Mucho antes
stormy,8.2,4,Mucho antes
hot,52.9,2,Mucho antes
hot,117.8,3,Ligeramente antes
cold,57.6,4,Mucho antes
foggy,201.6,8,Ligeramente tarde
clear,146.9,3,Mucho antes
clear,106.9,3,Mucho antes
stormy,70.6,5,Mucho antes
clear,199.0,5,Ligeramente antes
hot,267.7,8,Mucho antes
clear,195.6,6,Ligeramente tarde
cold,123.3,3,Mucho antes
cold,9.3,2,Mucho antes
foggy,237.3,5,Ligeramente antes
cold,157.9,6,Mucho antes
cold,20.6,2,Ligeramente antes
hot,218.5,7,Mucho antes
stormy,69.8,5,Mucho antes
rainy,90.4,9,Mucho antes
foggy,195.7,9,Mucho tarde
foggy,57.4,5,Ligeramente tarde
cold,97.2,2,Mucho antes
stormy,209.6,11,Mucho antes
clear,95.3,2,Mucho antes
clear,28.4,1,Ligeramente antes
cold,30.9,2,Mucho antes
foggy,162.8,5,Mucho antes
stormy,297.1,14,Mucho tarde
cold,157.4,6,Mucho antes
stormy,293.2,11,Mucho tarde
foggy,272.1,11,Mucho tarde
hot,263.3,6,Mucho antes
foggy,134.7,8,Mucho tarde
cold,170.0,5,Mucho antes
clear,190.9,5,Mucho antes
cold,3.6,1,Mucho antes
clear,14.1,2,Mucho antes
foggy,287.9,11,Mucho tarde
rainy,132.5,7,Mucho antes
hot,250.9,7,Ligeramente antes
foggy,37.6,4,Ligeramente tarde
hot,78.1,4,Mucho antes
stormy,16.7,6,Mucho antes
foggy,229.0,12,Mucho tarde
hot,78.3,3,Mucho antes
rainy,237.5,9,Ligeramente tarde
rainy,233.9,10,Mucho antes
hot,31.8,3,Mucho antes
cold,86.4,4,Ligeramente tarde
stormy,161.2,7,Mucho antes
cold,242.2,7,Mucho antes
rainy,239.6,12,Mucho tarde
clear,162.2,4,Mucho antes
cold,208.9,7,Ligeramente tarde
hot,281.8,10,Mucho antes
foggy,123.8,5,Ligeramente tarde
cold,40.2,1,Mucho antes
cold,41.7,1,Mucho antes
foggy,113.1,6,Mucho antes
clear,35.7,1,Mucho antes
stormy,264.4,16,Ligeramente antes
cold,162.7,6,Mucho antes
stormy,231.0,12,Mucho antes
foggy,297.1,14,Mucho antes
rainy,121.8,6,Mucho antes
rainy,240.8,10,Mucho tarde
hot,220.6,5,Ligeramente antes
foggy,77.0,5,Mucho antes
stormy,35.6,6,Mucho antes
stormy,4.0,7,Ligeramente antes
rainy,248.2,9,Mucho tarde
rainy,294.0,12,Mucho tarde
hot,116.7,4,Mucho antes
stormy,160.6,8,Mucho antes
hot,59.6,4,Mucho antes
stormy,233.4,9,Mucho antes
clear,7.3,3,Mucho antes
stormy,41.3,7,Mucho tarde
clear,281.9,7,Mucho antes
foggy,92.2,7,Mucho antes
hot,162.6,5,Mucho antes
rainy,134.1,5,Mucho antes
cold,54.1,3,Mucho antes
hot,212.2,4,Mucho antes
cold,271.2,6,Mucho antes
stormy,170.5,12,Mucho antes
foggy,80.3,3,Ligeramente antes
clear,255.0,12,Mucho tarde
cold,89.1,4,Mucho antes
stormy,245.1,14,Mucho antes
hot,257.4,6,Mucho antes
rainy,255.4,10,Mucho antes
rainy,216.6,11,Mucho antes
foggy,287.8,12,Mucho tarde
foggy,268.5,13,Mucho tarde
cold,280.2,10,Mucho tarde
rainy,129.3,5,Ligeramente tarde
rainy,73.5,7,Mucho tarde
clear,297.1,5,Mucho antes
foggy,42.7,2,Mucho antes
clear,175.2,5,Mucho antes
clear,207.7,7,Mucho antes
foggy,107.6,6,Mucho antes
foggy,84.5,3,Mucho antes
foggy,45.3,4,Ligeramente tarde
cold,13.2,0,Mucho antes
cold,293.2,7,Mucho antes
stormy,132.0,9,Mucho antes
cold,87.7,2,Mucho antes
cold,56.3,3,Mucho antes
clear,70.3,3,Mucho antes
stormy,158.2,11,Mucho tarde
foggy,74.1,5,Ligeramente tarde
clear,82.3,2,Mucho antes
stormy,296.1,10,Mucho antes
stormy,178.2,8,Mucho antes
stormy,31.6,7,Mucho tarde
rainy,226.5,11,Mucho antes
cold,24.5,0,Mucho antes
foggy,96.3,5,Mucho antes
rainy,102.4,4,Ligeramente antes
rainy,208.3,9,Mucho antes
rainy,23.6,2,Mucho antes
clear,174.0,7,Ligeramente tarde
cold,158.9,5,Mucho antes
rainy,101.4,5,Mucho antes
hot,145.0,5,Mucho antes
foggy,140.3,5,Mucho antes
clear,292.3,7,Mucho antes
hot,201.7,6,Mucho antes
hot,89.5,3,Mucho antes
hot,239.0,5,Mucho antes
foggy,135.5,7,Ligeramente antes
clear,29.8,2,Ligeramente antes
hot,43.2,4,Mucho antes
hot,170.4,7,Ligeramente tarde
cold,49.9,3,Mucho antes
clear,250.1,7,Ligeramente antes
cold,49.4,1,Mucho antes
clear,111.8,2,Mucho antes
clear,167.3,6,Ligeramente tarde
hot,297.1,10,Mucho antes
hot,15.1,3,Mucho antes
foggy,190.2,8,Mucho antes
hot,149.8,4,Mucho antes
rainy,136.2,7,Mucho antes
clear,72.2,5,Mucho antes
foggy,3.6,4,Mucho antes
cold,242.5,5,Ligeramente antes
stormy,226.3,10,Mucho antes
hot,34.3,2,Mucho antes
stormy,164.4,6,Mucho antes
stormy,101.5,7,Mucho antes
hot,33.3,0,Mucho antes
clear,138.4,5,Ligeramente tarde
clear,3.6,2,Mucho antes
clear,141.4,4,Mucho antes
clear,43.5,2,Mucho antes
hot,106.5,5,Mucho antes
foggy,113.6,6,Mucho antes
foggy,22.7,3,Mucho antes
cold,185.7,6,Ligeramente tarde
foggy,153.9,6,Ligeramente tarde
hot,198.4,6,Ligeramente tarde
stormy,247.4,15,Ligeramente antes
rainy,97.9,5,Mucho antes
foggy,152.3,6,Mucho antes
rainy,233.1,11,Mucho antes
hot,106.8,5,Ligeramente tarde
foggy,167.1,5,Mucho antes
stormy,168.7,11,Mucho antes
cold,78.3,2,Mucho antes
foggy,160.4,7,Mucho antes
cold,73.6,4,Mucho antes
rainy,45.4,4,Mucho antes
clear,239.5,6,Mucho antes
rainy,258.7,9,Mucho antes
foggy,241.0,8,Ligeramente tarde
clear,185.8,4,Ligeramente antes
foggy,23.3,3,Mucho antes
rainy,159.7,7,Ligeramente antes
rainy,285.6,13,Mucho antes
rainy,271.9,12,Mucho tarde
foggy,242.2,11,Mucho antes
rainy,208.6,13,Mucho tarde
hot,152.1,5,Mucho antes
stormy,132.2,9,Mucho antes
stormy,177.8,6,Mucho antes
hot,142.5,5,Mucho antes
foggy,124.4,7,Mucho tarde
rainy,179.9,10,Mucho tarde
hot,275.2,8,Mucho antes
cold,66.4,2,Ligeramente antes
foggy,41.5,4,Ligeramente tarde
hot,48.1,2,Mucho antes
stormy,210.1,11,Mucho antes
clear,261.1,8,Ligeramente tarde
rainy,230.2,10,Mucho antes
hot,121.8,4,Mucho antes
foggy,170.0,6,Ligeramente tarde
rainy,14.9,6,Mucho tarde
stormy,139.9,6,Mucho antes
stormy,223.9,12,Mucho antes
cold,237.8,8,Mucho antes
cold,183.9,4,Mucho antes
clear,249.8,7,Ligeramente antes
foggy,104.2,6,Mucho antes
hot,27.3,1,Mucho antes
foggy,155.3,6,Ligeramente tarde
foggy,297.1,7,Ligeramente antes
hot,267.3,6,Mucho antes
hot,263.0,7,Ligeramente antes
cold,182.2,9,Ligeramente tarde
clear,286.3,8,Mucho antes
foggy,168.2,5,Ligeramente antes
stormy,131.3,7,Mucho antes
cold,197.9,7,Mucho antes
foggy,166.6,9,Mucho antes
clear,209.7,8,Ligeramente antes
rainy,113.9,9,Mucho antes
cold,292.0,10,Ligeramente tarde
clear,282.8,8,Mucho antes
cold,241.1,6,Mucho antes
stormy,11.3,3,Mucho antes
rainy,79.7,9,Mucho antes
foggy,280.7,14,Mucho tarde
foggy,243.6,8,Mucho antes
cold,76.6,3,Mucho antes
hot,172.1,5,Mucho antes
hot,9.0,0,Mucho antes
clear,248.8,4,Mucho antes
clear,148.8,7,Mucho tarde
cold,147.6,3,Ligeramente antes
rainy,42.8,7,Mucho antes
rainy,11.2,3,Ligeramente tarde
rainy,283.3,9,Ligeramente tarde
stormy,219.6,9,Mucho antes
hot,79.3,3,Ligeramente antes
rainy,8.4,7,Mucho antes
stormy,191.1,8,Mucho tarde
hot,260.8,6,Ligeramente antes
foggy,141.6,7,Mucho antes
clear,200.2,6,Mucho antes
rainy,286.1,8,Ligeramente antes
cold,145.6,5,Mucho antes
foggy,243.9,11,Mucho tarde
hot,104.8,4,Mucho antes
rainy,4.7,4,Mucho antes
cold,256.0,6,Ligeramente antes
rainy,284.8,12,Mucho antes
clear,18.3,3,Mucho antes
hot,195.2,6,Mucho antes
stormy,212.6,12,Mucho tarde
cold,260.0,7,Ligeramente antes
stormy,202.7,8,Ligeramente antes
hot,246.7,7,Ligeramente antes
stormy,220.4,11,Mucho tarde
clear,115.3,2,Mucho antes
foggy,41.0,3,Mucho antes
cold,268.5,9,Mucho antes
cold,285.6,10,Mucho antes
foggy,8.1,1,Mucho antes
cold,211.6,6,Mucho antes
rainy,30.3,6,Mucho antes
rainy,212.8,7,Mucho antes
hot,65.0,1,Mucho antes
clear,293.3,6,Ligeramente antes
clear,223.3,6,Mucho antes
rainy,211.0,7,Mucho antes
clear,66.4,3,Mucho antes
stormy,72.3,5,Mucho antes
hot,167.1,5,Mucho antes
stormy,49.0,4,Mucho antes
clear,95.9,2,Mucho antes
cold,274.7,8,Ligeramente tarde
foggy,137.0,7,Mucho antes
rainy,103.1,5,Mucho antes
stormy,257.4,14,Mucho tarde
clear,200.8,4,Mucho antes
cold,135.9,3,Mucho antes
foggy,231.3,7,Ligeramente tarde
rainy,64.5,5,Mucho antes
hot,32.7,1,Ligeramente antes
rainy,87.5,8,Mucho tarde
hot,95.5,2,Mucho antes
foggy,270.2,7,Mucho antes
cold,290.7,9,Ligeramente tarde
foggy,17.2,4,Mucho antes
stormy,267.5,13,Mucho antes
stormy,248.3,12,Mucho antes
cold,57.6,4,Mucho antes
cold,142.7,4,Mucho antes
foggy,145.9,4,Mucho antes
hot,62.7,1,Mucho antes
rainy,115.2,5,Ligeramente tarde
cold,49.2,1,Mucho antes
stormy,168.5,10,Mucho antes
foggy,102.5,6,Mucho antes
cold,139.1,4,Mucho antes
hot,149.1,4,Mucho antes
rainy,158.1,7,Ligeramente tarde
cold,56.0,1,Mucho antes
rainy,4.9,2,Mucho antes
clear,172.4,4,Mucho antes
foggy,91.8,3,Ligeramente antes
foggy,20.3,2,Mucho antes
clear,113.3,4,Mucho antes
stormy,296.6,11,Mucho tarde
foggy,185.8,7,Ligeramente tarde
stormy,217.2,10,Ligeramente tarde
foggy,253.3,8,Ligeramente tarde
stormy,203.3,10,Mucho antes
clear,132.7,5,Mucho antes
hot,260.5,10,Mucho antes
stormy,92.2,7,Mucho antes
rainy,77.1,5,Ligeramente tarde
clear,78.7,2,Mucho antes
cold,105.4,2,Mucho antes
stormy,233.4,12,Mucho tarde
hot,33.3,3,Mucho antes
foggy,157.5,6,Mucho antes
rainy,180.5,7,Ligeramente antes
rainy,279.2,11,Mucho tarde
clear,115.8,3,Mucho antes
stormy,143.8,11,Mucho antes
hot,206.8,5,Ligeramente antes
clear,50.5,1,Mucho antes
clear,122.8,2,Mucho antes
clear,10.5,0,Mucho antes
foggy,3.6,3,Mucho antes
stormy,127.9,10,Mucho antes
stormy,245.0,13,Mucho tarde
cold,115.8,3,Ligeramente antes
cold,166.4,8,Mucho antes
cold,141.9,3,Mucho antes
rainy,129.5,4,Mucho antes
foggy,184.0,8,Mucho antes
hot,284.9,12,Mucho antes
rainy,165.7,10,Ligeramente tarde
cold,254.8,8,Ligeramente antes
clear,101.2,3,Mucho antes
foggy,84.3,7,Mucho antes
hot,24.7,0,Mucho antes
clear,175.5,5,Mucho antes
cold,221.3,8,Mucho antes
clear,189.0,8,Mucho antes
rainy,255.3,9,Ligeramente tarde
foggy,64.1,5,Mucho antes
stormy,199.8,8,Mucho antes
rainy,149.2,9,Mucho tarde
stormy,95.5,6,Mucho antes
rainy,146.7,10,Mucho antes
foggy,216.7,6,Mucho antes
foggy,267.3,8,Ligeramente antes
rainy,180.5,9,Mucho tarde
stormy,199.2,11,Mucho tarde
foggy,280.3,9,Ligeramente tarde
rainy,222.4,13,Mucho tarde
foggy,67.1,4,Mucho antes
foggy,230.3,9,Mucho antes
foggy,39.4,5,Mucho tarde
stormy,41.1,6,Mucho antes
rainy,285.3,9,Ligeramente tarde
stormy,34.5,8,Mucho antes
foggy,248.7,7,Ligeramente tarde
hot,203.1,5,Mucho antes
stormy,226.8,10,Mucho tarde
rainy,168.7,8,Mucho antes
rainy,227.7,10,Ligeramente tarde
foggy,286.4,9,Mucho antes
foggy,222.9,13,Mucho tarde
stormy,96.6,7,Mucho antes
rainy,268.3,13,Mucho tarde
cold,144.1,7,Ligeramente antes
cold,48.6,2,Mucho antes
stormy,271.7,13,Mucho tarde
stormy,124.6,6,Ligeramente tarde
rainy,75.4,5,Mucho antes
stormy,192.3,8,Mucho antes
clear,297.1,9,Mucho antes
clear,253.2,9,Mucho antes
stormy,76.0,5,Mucho antes
clear,214.1,6,Mucho antes
cold,77.1,4,Mucho antes
hot,154.2,4,Ligeramente antes
hot,43.0,0,Mucho antes
cold,87.3,5,Mucho antes
foggy,297.1,9,Mucho antes
cold,137.1,3,Mucho antes
clear,222.8,8,Mucho antes
hot,132.1,5,Mucho antes
clear,3.6,0,Mucho antes
clear,196.6,3,Mucho antes
hot,126.3,4,Ligeramente antes
hot,79.2,3,Mucho antes
rainy,59.5,3,Ligeramente antes
clear,146.3,5,Mucho antes
rainy,269.4,11,Mucho antes
foggy,103.0,6,Mucho antes
rainy,170.1,6,Mucho antes
cold,16.3,3,Ligeramente tarde
cold,217.0,9,Mucho tarde
foggy,235.1,11,Mucho tarde
rainy,113.9,7,Mucho antes
rainy,132.4,6,Mucho antes
rainy,21.7,6,Mucho antes
clear,276.2,8,Ligeramente tarde
foggy,165.7,5,Mucho antes
cold,42.8,2,Mucho antes
hot,223.5,6,Ligeramente antes
clear,233.8,9,Mucho antes
foggy,61.2,5,Mucho antes
rainy,136.6,9,Mucho tarde
hot,133.6,5,Mucho antes
stormy,112.4,7,Mucho antes
hot,259.6,11,Mucho tarde
clear,212.4,6,Ligeramente antes
foggy,265.2,7,Ligeramente antes
foggy,159.4,8,Mucho tarde
cold,243.0,9,Mucho antes
hot,71.8,3,Ligeramente antes
clear,84.6,3,Mucho antes
clear,148.6,6,Mucho antes
hot,147.9,4,Mucho antes
foggy,14.0,3,Mucho antes
stormy,176.1,13,Mucho antes
foggy,5.7,1,Mucho antes
rainy,58.7,5,Ligeramente tarde
clear,94.9,3,Ligeramente antes
foggy,251.5,8,Mucho antes
hot,59.6,3,Mucho antes
stormy,117.8,10,Ligeramente tarde
rainy,194.3,10,Mucho antes
rainy,45.7,6,Mucho antes
hot,23.1,1,Ligeramente antes
stormy,3.6,5,Mucho antes
cold,288.8,7,Ligeramente antes
stormy,12.8,5,Mucho tarde
cold,196.1,7,Mucho antes
hot,3.6,1,Mucho antes
cold,248.2,7,Mucho antes
rainy,201.2,11,Mucho antes
foggy,294.0,12,Mucho antes
foggy,280.9,10,Mucho tarde
clear,289.6,11,Mucho antes
stormy,23.9,6,Mucho tarde
clear,176.0,5,Mucho antes
hot,224.2,9,Mucho antes
rainy,38.0,4,Ligeramente tarde
foggy,63.6,3,Mucho antes
rainy,123.0,8,Ligeramente antes
rainy,255.0,16,Mucho tarde
foggy,245.0,9,Mucho antes
cold,245.1,6,Mucho antes
clear,83.3,5,Ligeramente tarde
clear,229.9,9,Mucho tarde
rainy,29.3,3,Mucho antes
hot,284.6,8,Ligeramente tarde
hot,149.4,7,Mucho tarde
hot,215.4,6,Mucho antes
hot,292.1,5,Mucho antes
rainy,125.0,9,Ligeramente tarde
stormy,91.8,7,Ligeramente antes
foggy,95.3,5,Mucho antes
hot,28.7,2,Mucho antes
stormy,203.3,7,Ligeramente tarde
cold,297.1,6,Mucho antes
hot,262.0,11,Mucho tarde
cold,290.1,7,Mucho antes
cold,64.0,2,Mucho antes
foggy,21.8,1,Mucho antes
foggy,83.5,7,Mucho antes
rainy,183.2,10,Mucho tarde
foggy,219.9,9,Mucho antes
rainy,235.0,6,Mucho antes
foggy,14.9,3,Ligeramente tarde
cold,182.5,6,Ligeramente tarde
rainy,80.3,4,Mucho antes
cold,79.5,3,Mucho antes
clear,235.3,5,Mucho antes
clear,268.4,8,Mucho antes
cold,179.8,5,Ligeramente antes
stormy,6.6,8,Mucho antes
rainy,99.0,9,Ligeramente tarde
rainy,282.1,12,Mucho antes
clear,186.7,6,Ligeramente tarde
rainy,250.4,13,Mucho tarde
clear,143.8,6,Ligeramente tarde
hot,134.6,3,Mucho antes
cold,166.6,4,Mucho antes
rainy,253.2,10,Mucho tarde
clear,284.2,6,Mucho antes
cold,160.8,5,Mucho antes
hot,287.3,9,Mucho antes
foggy,235.3,9,Mucho antes
hot,233.1,5,Mucho antes
hot,283.5,9,Ligeramente tarde
hot,43.0,2,Mucho antes
rainy,15.6,5,Mucho antes
foggy,36.7,3,Mucho antes
stormy,170.4,8,Mucho antes
stormy,257.8,11,Mucho tarde
stormy,16.5,7,Mucho tarde
rainy,153.2,7,Ligeramente tarde
foggy,188.3,9,Mucho tarde
foggy,183.2,7,Ligeramente antes
clear,88.0,2,Mucho antes
hot,73.3,2,Ligeramente antes
stormy,7.8,7,Mucho tarde
stormy,48.7,6,Mucho antes
hot,4.9,1,Ligeramente antes
foggy,146.9,7,Mucho antes
stormy,199.2,11,Mucho tarde
hot,183.7,4,Mucho antes
stormy,215.7,14,Mucho tarde
hot,25.7,3,Mucho antes
clear,170.3,8,Mucho antes
cold,61.9,1,Mucho antes
stormy,194.0,8,Mucho tarde
hot,242.5,5,Ligeramente antes
clear,191.7,6,Mucho antes
foggy,119.2,6,Mucho antes
foggy,116.6,5,Mucho antes
rainy,168.0,9,Mucho antes
cold,267.8,6,Mucho antes
foggy,197.3,7,Ligeramente tarde
cold,30.3,3,Mucho antes
foggy,235.7,6,Mucho antes
stormy,16.8,4,Mucho antes
stormy,112.6,7,Ligeramente antes
stormy,113.9,7,Mucho tarde
stormy,187.6,10,Mucho tarde
hot,251.0,6,Mucho antes
rainy,83.6,6,Mucho antes
hot,190.8,7,Mucho antes
hot,173.9,4,Mucho antes
hot,183.4,6,Mucho antes
foggy,6.7,3,Ligeramente tarde
foggy,154.1,8,Mucho antes
hot,280.9,7,Mucho antes
stormy,74.7,6,Mucho antes
clear,235.8,11,Mucho antes
hot,216.6,6,Mucho antes
hot,295.8,5,Mucho antes
stormy,96.0,9,Ligeramente tarde
stormy,255.8,11,Mucho antes
stormy,83.6,7,Mucho antes
foggy,138.0,4,Mucho antes
hot,145.2,3,Mucho antes
clear,211.0,7,Ligeramente antes
rainy,75.1,5,Ligeramente tarde
cold,101.7,5,Mucho antes
hot,292.7,5,Mucho antes
clear,196.3,6,Ligeramente tarde
rainy,165.5,8,Mucho tarde
clear,17.6,1,Mucho antes
cold,297.1,10,Ligeramente tarde
cold,229.9,6,Mucho antes
stormy,293.2,15,Mucho tarde
hot,101.5,4,Ligeramente antes
stormy,38.8,7,Ligeramente antes
cold,224.0,5,Mucho antes
cold,221.4,8,Mucho antes
cold,261.2,9,Ligeramente tarde
foggy,3.6,2,Ligeramente antes
foggy,176.5,6,Mucho antes
clear,43.6,1,Mucho antes
hot,144.2,4,Ligeramente antes
foggy,297.1,10,Mucho antes
clear,223.9,4,Mucho antes
hot,80.0,2,Mucho antes
cold,187.8,6,Mucho antes
cold,144.9,4,Mucho antes
stormy,136.5,9,Mucho antes
cold,20.5,0,Mucho antes
cold,193.8,3,Mucho antes
stormy,184.2,11,Mucho tarde
stormy,28.1,4,Mucho antes
rainy,39.6,5,Mucho tarde
stormy,138.7,12,Mucho tarde
cold,162.0,5,Mucho antes
cold,58.2,2,Mucho antes
cold,249.7,9,Ligeramente tarde
rainy,212.9,7,Ligeramente tarde
hot,68.4,3,Mucho antes
foggy,241.4,9,Mucho tarde
clear,176.1,6,Mucho antes
cold,95.8,2,Mucho antes
rainy,248.7,9,Mucho tarde
cold,154.1,4,Mucho antes
stormy,131.7,7,Mucho antes
hot,5.8,1,Mucho antes
stormy,246.6,12,Mucho tarde
foggy,83.6,6,Mucho antes
cold,87.8,3,Mucho antes
clear,250.8,7,Ligeramente antes
clear,26.8,3,Mucho antes
stormy,286.4,11,Mucho tarde
cold,100.0,2,Mucho antes
hot,100.7,5,Mucho antes
hot,210.0,8,Mucho antes
clear,108.9,2,Mucho antes
clear,82.0,4,Mucho antes
rainy,48.6,4,Mucho antes
hot,100.2,3,Ligeramente antes
clear,291.8,10,Mucho antes
foggy,40.2,5,Mucho antes
foggy,280.9,10,Mucho tarde
clear,172.7,5,Mucho antes
stormy,202.7,8,Mucho antes
rainy,238.9,5,Mucho antes
clear,14.2,3,Mucho antes
foggy,292.3,9,Mucho antes
foggy,228.1,9,Ligeramente tarde
rainy,240.8,7,Ligeramente tarde
clear,128.3,4,Mucho antes
clear,179.5,5,Mucho antes
hot,168.8,6,Ligeramente tarde
hot,30.3,1,Mucho antes
hot,58.9,2,Mucho antes
rainy,230.8,6,Ligeramente antes
stormy,148.8,10,Mucho antes
cold,56.5,3,Mucho antes
cold,257.4,7,Ligeramente antes
hot,52.0,3,Mucho antes
clear,277.1,8,Mucho antes
foggy,226.7,8,Ligeramente antes
cold,244.9,9,Mucho tarde
hot,152.1,6,Mucho antes
clear,151.1,5,Mucho antes
cold,36.9,2,Ligeramente antes
foggy,280.2,10,Ligeramente tarde
clear,117.5,4,Mucho antes
clear,171.6,5,Mucho antes
foggy,22.7,2,Ligeramente antes
cold,60.3,3,Mucho antes
stormy,261.1,16,Ligeramente antes
foggy,131.5,6,Mucho antes
stormy,115.9,11,Mucho tarde
rainy,79.6,8,Mucho antes
clear,287.9,8,Ligeramente tarde
foggy,202.9,10,Mucho antes
rainy,148.6,10,Mucho tarde
cold,286.5,8,Mucho antes
rainy,173.0,12,Mucho tarde
rainy,279.2,10,Mucho antes
foggy,48.7,3,Mucho antes
foggy,123.8,5,Ligeramente tarde
stormy,164.6,8,Ligeramente antes
clear,54.4,2,Mucho antes
cold,190.8,5,Mucho antes
rainy,221.4,13,Mucho antes
stormy,72.5,6,Mucho antes
cold,118.5,2,Mucho antes
clear,278.5,6,Mucho antes
foggy,177.1,6,Mucho antes
stormy,209.1,7,Mucho antes
clear,238.9,6,Mucho antes
stormy,66.9,7,Mucho antes
hot,215.9,8,Mucho antes
clear,266.0,5,Mucho antes
cold,286.0,8,Mucho antes
foggy,30.6,4,Mucho antes
cold,63.4,2,Ligeramente antes
rainy,3.6,4,Mucho antes
clear,119.5,5,Mucho antes
stormy,91.0,8,Mucho tarde
foggy,176.7,7,Mucho antes
stormy,74.0,7,Ligeramente antes
cold,210.3,4,Mucho antes
cold,288.0,8,Ligeramente antes
clear,31.2,2,Mucho antes
clear,65.2,2,Mucho antes
foggy,59.1,5,Mucho antes
clear,293.7,7,Ligeramente antes
cold,174.7,5,Mucho antes
stormy,94.3,6,Mucho antes
clear,114.8,4,Mucho antes
stormy,244.1,10,Mucho tarde
hot,226.0,4,Mucho antes
hot,126.2,5,Mucho antes
cold,86.2,3,Mucho antes
stormy,287.3,11,Mucho tarde
stormy,251.1,11,Mucho tarde
clear,3.6,2,Mucho antes
cold,153.3,3,Mucho antes
hot,13.8,2,Mucho antes
hot,164.8,5,Mucho antes
cold,283.0,7,Mucho antes
hot,7.0,1,Ligeramente antes
foggy,92.5,5,Mucho antes
stormy,151.3,5,Mucho antes
cold,77.5,3,Ligeramente antes
clear,37.2,3,Mucho antes
clear,82.0,3,Mucho antes
foggy,116.7,4,Mucho antes
stormy,94.1,8,Mucho antes
cold,297.1,12,Mucho antes
rainy,288.5,11,Mucho tarde
rainy,190.4,9,Mucho tarde
rainy,17.3,2,Mucho antes
rainy,24.5,7,Mucho antes
clear,210.2,4,Mucho antes
stormy,200.8,13,Mucho antes
cold,54.8,1,Mucho antes
foggy,265.4,9,Ligeramente tarde
foggy,216.2,6,Mucho antes
hot,61.4,2,Mucho antes
clear,271.6,9,Mucho antes
cold,221.2,7,Ligeramente antes
rainy,272.5,15,Mucho tarde
clear,267.4,10,Mucho tarde
stormy,3.6,8,Mucho antes
clear,161.9,6,Mucho antes
foggy,31.3,4,Ligeramente tarde
hot,102.8,3,Ligeramente antes
hot,90.2,4,Mucho antes
clear,154.3,3,Mucho antes
hot,254.1,10,Mucho antes
rainy,44.4,6,Mucho tarde
rainy,140.6,9,Ligeramente tarde
foggy,256.3,7,Ligeramente antes
foggy,140.8,6,Mucho antes
rainy,81.4,5,Mucho antes
stormy,168.8,10,Mucho tarde
stormy,5.9,7,Ligeramente antes
clear,136.8,4,Mucho antes
rainy,158.0,6,Mucho antes
rainy,67.0,6,Mucho antes
stormy,76.1,5,Mucho antes
rainy,32.0,6,Mucho antes
hot,268.1,8,Ligeramente tarde
hot,15.7,2,Mucho antes
clear,267.6,9,Ligeramente tarde
stormy,288.0,12,Mucho antes
foggy,172.9,10,Ligeramente tarde
rainy,267.7,9,Ligeramente tarde
clear,156.7,4,Ligeramente antes
foggy,11.2,3,Ligeramente tarde
hot,75.1,5,Mucho antes
clear,291.4,7,Ligeramente antes
clear,244.2,6,Ligeramente antes
clear,294.9,8,Mucho antes
cold,129.0,4,Mucho antes
rainy,68.9,5,Mucho antes
cold,80.6,3,Mucho antes
rainy,248.0,7,Ligeramente tarde
stormy,61.4,7,Mucho antes
foggy,182.8,8,Ligeramente antes
cold,270.0,10,Mucho antes
rainy,244.6,10,Mucho tarde
foggy,127.4,6,Ligeramente tarde
foggy,117.6,7,Mucho tarde
rainy,178.7,7,Ligeramente antes
rainy,131.8,10,Ligeramente tarde
clear,83.1,3,Mucho antes
stormy,34.8,6,Mucho antes
hot,94.2,2,Mucho antes
rainy,43.1,4,Mucho antes
foggy,19.7,1,Mucho antes
hot,268.8,6,Ligeramente antes
cold,198.3,7,Ligeramente tarde
clear,289.4,8,Mucho antes
cold,224.3,6,Mucho antes
foggy,219.4,8,Mucho antes
stormy,143.8,12,Mucho tarde
clear,186.2,4,Mucho antes
foggy,29.7,6,Mucho antes
rainy,199.6,11,Mucho antes
rainy,193.1,8,Mucho antes
cold,147.3,6,Mucho antes
clear,197.3,7,Mucho antes
rainy,242.2,11,Mucho tarde
rainy,125.4,5,Mucho antes
hot,98.7,4,Ligeramente tarde
stormy,88.8,8,Mucho tarde
foggy,262.7,6,Mucho antes
clear,290.1,11,Mucho antes
foggy,241.7,9,Mucho tarde
cold,208.1,5,Mucho antes
foggy,252.5,10,Mucho antes
cold,229.9,6,Mucho antes
clear,90.7,2,Mucho antes
rainy,79.9,7,Mucho antes
clear,261.6,4,Mucho antes
stormy,257.5,11,Mucho tarde
clear,86.4,2,Ligeramente antes
foggy,82.5,6,Mucho antes
clear,289.4,7,Ligeramente antes
stormy,173.1,9,Mucho antes
rainy,227.1,11,Mucho antes
hot,13.2,2,Mucho antes
foggy,153.2,10,Mucho antes
stormy,121.5,10,Ligeramente tarde
rainy,80.2,5,Ligeramente tarde
stormy,96.5,9,Mucho antes
clear,256.0,6,Ligeramente antes
clear,6.8,2,Mucho antes
hot,209.6,9,Mucho antes
rainy,153.5,9,Mucho tarde
hot,113.4,5,Ligeramente tarde
cold,268.4,9,Ligeramente tarde
clear,228.1,9,Ligeramente tarde
cold,181.9,6,Ligeramente tarde
hot,125.9,6,Mucho antes
stormy,274.4,10,Ligeramente tarde
rainy,281.6,7,Ligeramente antes
rainy,220.3,9,Ligeramente tarde
rainy,127.9,8,Mucho antes
stormy,295.0,17,Mucho antes
clear,14.4,0,Mucho antes
foggy,255.0,10,Mucho antes
stormy,89.7,9,Mucho antes
stormy,146.8,10,Mucho antes
clear,26.7,1,Mucho antes
rainy,140.5,6,Mucho antes
clear,69.6,3,Ligeramente antes
cold,95.4,3,Mucho antes
cold,170.3,7,Ligeramente tarde
cold,291.7,6,Ligeramente antes
cold,68.4,3,Mucho antes
cold,103.5,2,Mucho antes
rainy,72.7,5,Mucho antes
cold,152.0,3,Mucho antes
clear,81.0,3,Mucho antes
clear,58.5,3,Mucho antes
rainy,196.0,6,Ligeramente tarde
rainy,53.5,5,Mucho antes
hot,169.4,5,Ligeramente antes
hot,17.2,1,Mucho antes
clear,215.7,5,Mucho antes
foggy,3.6,1,Mucho antes
clear,204.0,6,Mucho antes
cold,44.3,2,Mucho antes
hot,211.1,8,Mucho antes
clear,25.3,1,Ligeramente antes
hot,96.4,6,Mucho antes
rainy,213.4,8,Mucho antes
rainy,186.1,9,Mucho antes
stormy,87.6,8,Ligeramente antes
rainy,137.8,9,Mucho tarde
foggy,100.6,6,Ligeramente tarde
cold,4.6,2,Ligeramente antes
foggy,168.9,6,Mucho antes
clear,296.9,7,Ligeramente antes
stormy,154.5,6,Mucho antes
clear,112.3,4,Mucho antes
hot,149.0,5,Mucho antes
hot,214.9,7,Mucho antes
foggy,30.6,4,Mucho antes
stormy,134.7,10,Ligeramente tarde
clear,52.9,2,Mucho antes
stormy,194.6,8,Mucho antes
hot,285.6,11,Mucho tarde
cold,70.6,4,Mucho antes
hot,117.8,3,Mucho antes
rainy,82.0,8,Mucho tarde
stormy,116.7,8,Ligeramente antes
rainy,138.3,9,Ligeramente tarde
stormy,233.8,11,Mucho tarde
cold,169.0,4,Mucho antes
foggy,150.8,9,Mucho antes
hot,10.1,3,Ligeramente tarde
clear,13.6,2,Mucho antes
hot,258.4,10,Ligeramente tarde
hot,248.8,8,Ligeramente antes
hot,42.6,1,Ligeramente antes
foggy,264.0,10,Mucho tarde
hot,293.8,6,Mucho antes
cold,214.9,4,Mucho antes
clear,139.8,3,Ligeramente antes
cold,67.2,3,Mucho antes
foggy,266.6,8,Mucho antes
rainy,106.9,6,Mucho antes
clear,72.9,1,Mucho antes
rainy,173.2,7,Ligeramente antes
stormy,271.9,14,Mucho tarde
hot,261.3,8,Mucho antes
hot,243.1,7,Mucho antes
hot,93.5,3,Mucho antes
hot,229.5,7,Mucho antes
clear,269.5,9,Mucho antes
foggy,251.6,10,Mucho tarde
stormy,183.9,12,Mucho tarde
clear,170.2,6,Mucho antes
rainy,253.3,9,Ligeramente tarde
rainy,157.5,11,Mucho antes
clear,74.5,2,Mucho antes
foggy,136.0,5,Mucho antes
foggy,254.9,11,Mucho antes
stormy,6.6,4,Mucho antes
clear,124.9,5,Mucho antes
cold,257.6,11,Mucho tarde
rainy,163.3,6,Mucho antes
stormy,118.8,7,Mucho tarde
stormy,214.2,14,Mucho tarde
clear,184.6,4,Mucho antes
rainy,169.3,10,Mucho tarde
hot,70.2,3,Mucho antes
foggy,276.4,14,Mucho antes
rainy,26.2,4,Ligeramente tarde
hot,207.8,5,Ligeramente antes
hot,201.1,8,Mucho antes
hot,39.9,1,Ligeramente antes
foggy,30.9,4,Mucho antes
foggy,103.3,3,Mucho antes
hot,25.2,1,Mucho antes
stormy,286.1,12,Mucho tarde
foggy,257.9,8,Ligeramente tarde
rainy,284.5,10,Mucho antes
cold,297.1,10,Mucho antes
cold,66.8,3,Mucho antes
rainy,231.3,10,Mucho antes
clear,137.5,4,Mucho antes
cold,13.9,3,Mucho antes
clear,154.9,4,Mucho antes
rainy,25.6,5,Mucho antes
clear,295.9,9,Mucho antes
hot,249.9,6,Ligeramente antes
clear,248.1,5,Mucho antes
rainy,24.3,5,Mucho antes
stormy,3.6,7,Mucho antes
clear,81.0,4,Mucho antes
cold,249.6,6,Mucho antes
hot,174.4,6,Mucho antes
stormy,196.1,10,Ligeramente tarde
stormy,39.5,6,Mucho antes
rainy,138.8,6,Mucho antes
stormy,140.0,8,Mucho antes
hot,293.9,8,Ligeramente tarde
stormy,232.5,12,Mucho antes
foggy,41.1,4,Ligeramente tarde
rainy,138.3,10,Mucho antes
stormy,231.7,14,Mucho tarde
cold,235.6,6,Ligeramente antes
foggy,137.0,4,Mucho antes
stormy,247.3,12,Mucho antes
stormy,143.1,7,Mucho antes
foggy,11.0,5,Mucho antes
clear,243.8,7,Mucho antes
foggy,297.1,11,Mucho tarde
cold,84.1,3,Mucho antes
cold,200.1,8,Mucho antes
rainy,122.2,7,Mucho tarde
stormy,122.4,7,Ligeramente antes
stormy,275.3,11,Mucho tarde
cold,288.0,7,Mucho antes
clear,33.5,1,Mucho antes
rainy,218.4,9,Mucho tarde
foggy,54.8,3,Mucho antes
stormy,159.8,11,Mucho antes
hot,240.5,7,Mucho antes
foggy,67.8,4,Mucho antes
stormy,98.2,8,Ligeramente antes
cold,283.4,8,Mucho antes
rainy,125.9,7,Mucho antes
stormy,23.9,8,Mucho tarde
stormy,125.5,10,Ligeramente tarde
hot,136.0,2,Mucho antes
hot,233.8,6,Mucho antes
foggy,105.2,4,Mucho antes
clear,38.9,1,Ligeramente antes
clear,233.7,8,Mucho antes
clear,113.2,4,Ligeramente antes
foggy,10.3,2,Ligeramente antes
foggy,249.9,9,Ligeramente tarde
rainy,290.0,11,Mucho tarde
foggy,288.9,7,Ligeramente antes
hot,186.6,5,Mucho antes
clear,79.9,4,Ligeramente tarde
rainy,260.3,12,Mucho tarde
hot,54.2,3,Mucho antes
rainy,225.0,12,Mucho tarde
stormy,261.8,16,Mucho tarde
hot,278.3,6,Ligeramente antes
rainy,171.2,11,Mucho tarde
clear,287.2,10,Mucho antes
rainy,11.7,3,Mucho antes
stormy,12.4,6,Mucho antes
rainy,228.7,9,Mucho antes
cold,297.1,6,Mucho antes
clear,45.2,2,Mucho antes
foggy,113.0,5,Mucho antes
cold,295.8,11,Mucho tarde
hot,261.7,11,Mucho tarde
clear,123.9,2,Mucho antes
rainy,267.3,14,Mucho tarde
clear,135.9,4,Mucho antes
cold,102.5,2,Mucho antes
hot,176.7,6,Mucho antes
rainy,84.3,9,Mucho antes
foggy,197.4,8,Mucho antes
foggy,87.9,6,Mucho antes
hot,152.8,8,Ligeramente antes
clear,232.1,8,Ligeramente antes
stormy,258.9,12,Mucho antes
hot,13.0,2,Ligeramente antes
cold,218.0,9,Mucho antes
foggy,266.7,9,Ligeramente tarde
foggy,221.2,7,Mucho antes
stormy,69.9,6,Mucho tarde
stormy,224.3,7,Mucho antes
cold,241.6,6,Ligeramente antes
rainy,54.7,6,Mucho antes
foggy,273.6,11,Mucho antes
foggy,82.5,4,Ligeramente tarde
stormy,284.0,13,Mucho tarde
clear,150.4,3,Mucho antes
clear,39.7,3,Mucho antes
foggy,212.5,7,Ligeramente antes
clear,170.6,4,Mucho antes
foggy,229.1,8,Mucho antes
clear,90.3,3,Mucho antes
clear,18.0,1,Mucho antes
foggy,52.5,6,Mucho antes
clear,143.7,4,Mucho antes
stormy,14.7,5,Mucho antes
stormy,198.1,9,Mucho antes
clear,151.9,5,Mucho antes
hot,63.7,4,Mucho antes
rainy,239.9,9,Ligeramente tarde
stormy,196.5,11,Mucho tarde
cold,165.2,5,Ligeramente antes
hot,217.2,5,Mucho antes
rainy,178.3,7,Mucho antes
foggy,3.9,2,Mucho antes
rainy,164.6,10,Mucho antes
foggy,76.2,5,Mucho antes
cold,230.9,9,Mucho tarde
hot,200.1,6,Ligeramente antes
stormy,178.5,10,Mucho tarde
rainy,160.8,9,Mucho tarde
stormy,77.9,7,Mucho tarde
stormy,196.7,10,Mucho antes
hot,238.5,8,Ligeramente antes
clear,118.4,2,Mucho antes
cold,105.9,2,Mucho antes
stormy,281.5,13,Mucho tarde
foggy,240.6,6,Mucho antes
hot,19.9,0,Mucho antes
stormy,83.8,7,Ligeramente antes
rainy,255.8,12,Mucho tarde
cold,226.5,7,Mucho antes
cold,59.0,4,Mucho antes
cold,147.3,4,Mucho antes
clear,57.0,1,Mucho antes
cold,177.4,4,Mucho antes
rainy,27.4,5,Mucho antes
foggy,79.8,4,Mucho antes
hot,26.0,3,Ligeramente tarde
foggy,277.4,16,Mucho tarde
hot,54.8,1,Mucho antes
stormy,157.0,6,Mucho antes
clear,54.8,3,Mucho antes
clear,39.3,1,Mucho antes
clear,3.6,0,Mucho antes
rainy,25.5,5,Mucho antes
foggy,159.3,5,Mucho antes
cold,158.3,3,Mucho antes
foggy,77.2,3,Mucho antes
clear,280.0,5,Mucho antes
stormy,132.6,7,Mucho tarde
foggy,242.3,7,Mucho antes
cold,153.4,4,Mucho antes
clear,73.9,2,Mucho antes
rainy,48.6,6,Mucho tarde
hot,53.4,2,Ligeramente antes
clear,202.8,4,Mucho antes
stormy,224.9,14,Mucho antes
hot,51.0,2,Mucho antes
clear,296.4,6,Ligeramente antes
stormy,274.4,13,Mucho tarde
cold,73.6,4,Ligeramente tarde
stormy,94.9,9,Ligeramente tarde
rainy,291.5,13,Mucho antes
hot,297.1,7,Ligeramente antes
clear,123.9,5,Ligeramente tarde
cold,251.5,7,Ligeramente antes
cold,276.3,7,Mucho antes
clear,264.2,8,Mucho antes
rainy,201.2,9,Ligeramente tarde
hot,126.1,4,Ligeramente antes
hot,151.9,4,Mucho antes
stormy,214.3,9,Mucho tarde
hot,78.4,4,Ligeramente tarde
cold,213.2,6,Mucho antes
hot,158.2,3,Mucho antes
stormy,174.9,10,Mucho antes
foggy,250.9,11,Mucho tarde
cold,283.0,9,Ligeramente tarde
stormy,92.3,6,Mucho antes
hot,229.0,7,Ligeramente antes
cold,180.2,4,Mucho antes
rainy,87.9,6,Mucho antes
hot,194.5,7,Ligeramente tarde
stormy,196.8,11,Mucho tarde
rainy,246.2,12,Mucho antes
stormy,122.3,7,Mucho tarde
cold,243.6,6,Mucho antes
stormy,74.1,5,Mucho antes
hot,138.9,2,Mucho antes
clear,186.1,4,Mucho antes
foggy,179.9,5,Ligeramente antes
clear,15.6,2,Mucho antes
foggy,106.5,3,Mucho antes
foggy,96.3,3,Ligeramente antes
rainy,290.5,13,Mucho antes
foggy,290.6,10,Mucho tarde
stormy,109.4,8,Mucho tarde
stormy,236.1,12,Mucho tarde
foggy,166.1,10,Mucho antes
stormy,119.3,9,Mucho antes
stormy,234.8,9,Mucho tarde
clear,285.7,7,Ligeramente antes
foggy,108.5,6,Ligeramente tarde
hot,51.4,1,Mucho antes
hot,285.1,8,Ligeramente antes
hot,212.7,7,Ligeramente antes
rainy,65.4,6,Mucho tarde
cold,3.6,0,Mucho antes
foggy,199.3,7,Ligeramente tarde
cold,187.2,6,Mucho antes
clear,67.9,2,Mucho antes
hot,193.1,6,Ligeramente tarde
rainy,47.2,2,Mucho antes
stormy,121.8,9,Mucho antes
clear,94.1,3,Mucho antes
foggy,259.3,8,Mucho antes
hot,88.3,4,Mucho antes
stormy,85.2,10,Mucho antes
rainy,226.5,13,Mucho antes
rainy,6.2,4,Ligeramente tarde
rainy,216.0,11,Mucho tarde
cold,15.1,1,Mucho antes
rainy,17.7,3,Ligeramente tarde
stormy,147.7,8,Mucho antes
clear,287.4,10,Ligeramente tarde
stormy,49.6,8,Mucho antes
stormy,91.9,8,Mucho antes
stormy,204.6,9,Mucho antes
cold,267.9,8,Ligeramente antes
hot,149.1,7,Mucho tarde
rainy,149.7,9,Ligeramente tarde
hot,94.1,3,Mucho antes
rainy,113.8,6,Mucho antes
clear,43.2,3,Mucho antes
cold,37.3,1,Mucho antes
foggy,220.8,6,Ligeramente antes
foggy,145.9,7,Mucho antes
cold,233.4,6,Ligeramente antes
stormy,194.9,14,Mucho tarde
hot,3.6,1,Mucho antes
cold,151.6,4,Mucho antes
rainy,165.3,9,Ligeramente tarde
clear,42.0,4,Mucho antes
foggy,286.9,13,Mucho antes
clear,239.7,7,Mucho antes
foggy,270.1,9,Mucho antes
stormy,179.6,12,Mucho tarde
cold,249.9,7,Ligeramente antes
rainy,54.9,5,Mucho antes
cold,256.4,7,Mucho antes
rainy,276.2,17,Mucho tarde
clear,6.7,2,Mucho antes
cold,192.6,6,Mucho antes
rainy,29.4,2,Mucho antes
rainy,194.4,8,Mucho antes
clear,268.9,9,Ligeramente tarde
stormy,54.9,6,Mucho tarde
rainy,148.7,10,Mucho antes
stormy,29.7,7,Mucho antes
foggy,195.5,9,Ligeramente tarde
rainy,36.4,5,Mucho antes
stormy,291.6,14,Mucho tarde
clear,96.9,3,Mucho antes
hot,56.2,3,Ligeramente antes
hot,285.9,8,Mucho antes
clear,193.6,6,Mucho antes
cold,146.7,3,Ligeramente antes
rainy,226.3,7,Ligeramente tarde
cold,259.9,6,Mucho antes
stormy,242.9,12,Mucho antes
cold,107.4,5,Mucho antes
foggy,119.5,5,Ligeramente tarde
hot,158.5,5,Mucho antes
rainy,176.3,9,Mucho antes
hot,91.0,2,Ligeramente antes
rainy,41.7,5,Mucho antes
clear,132.2,4,Mucho antes
hot,244.7,7,Mucho antes
clear,83.6,2,Mucho antes
rainy,113.0,9,Mucho antes
foggy,82.9,3,Mucho antes
hot,183.3,5,Mucho antes
stormy,285.6,10,Mucho antes
cold,54.9,2,Ligeramente antes
hot,234.1,6,Ligeramente antes
rainy,199.7,9,Ligeramente tarde
hot,296.2,9,Mucho antes
hot,30.8,2,Ligeramente antes
cold,272.6,8,Mucho antes
hot,242.4,7,Mucho antes
stormy,271.8,9,Mucho antes
stormy,225.5,14,Mucho tarde
foggy,85.1,5,Mucho antes
rainy,125.7,9,Mucho antes
cold,33.5,3,Mucho antes
rainy,3.6,4,Mucho antes
cold,284.2,7,Mucho antes
hot,248.3,7,Mucho antes
stormy,25.3,8,Ligeramente antes
rainy,137.0,4,Ligeramente antes
hot,87.3,4,Mucho antes
hot,89.9,2,Mucho antes
stormy,268.5,10,Mucho antes
cold,297.1,8,Mucho antes
stormy,127.2,8,Ligeramente antes
cold,244.5,7,Mucho antes
foggy,50.6,4,Mucho antes
hot,231.1,4,Mucho antes
clear,16.2,1,Mucho antes
cold,103.3,4,Mucho antes
hot,171.0,3,Mucho antes
cold,19.8,3,Ligeramente tarde
cold,36.3,1,Mucho antes
foggy,96.4,3,Ligeramente antes
stormy,143.0,10,Mucho tarde
rainy,65.2,6,Mucho tarde
cold,96.0,4,Mucho antes
rainy,51.6,7,Mucho tarde
rainy,31.3,3,Ligeramente tarde
foggy,126.6,6,Ligeramente tarde
foggy,67.1,3,Ligeramente antes
rainy,195.9,11,Mucho antes
cold,69.0,2,Ligeramente antes
cold,57.9,3,Mucho antes
rainy,111.0,8,Mucho antes
cold,32.0,3,Mucho antes
rainy,13.4,5,Mucho antes
foggy,229.8,10,Mucho antes
cold,52.6,3,Mucho antes
hot,183.9,3,Mucho antes
foggy,92.1,7,Mucho antes
stormy,98.6,7,Mucho antes
hot,48.3,4,Ligeramente tarde
stormy,69.7,6,Mucho antes
rainy,172.1,7,Ligeramente tarde
hot,176.7,4,Mucho antes
foggy,86.7,4,Mucho antes
hot,63.9,1,Mucho antes
stormy,103.7,5,Mucho antes
hot,27.3,2,Mucho antes
hot,159.3,5,Mucho antes
stormy,247.2,12,Mucho antes
rainy,189.3,9,Mucho tarde
rainy,7.5,2,Mucho antes
clear,82.6,3,Mucho antes
foggy,142.0,3,Mucho antes
rainy,273.1,11,Mucho antes
hot,51.9,1,Mucho antes
stormy,23.2,3,Mucho antes
cold,159.3,5,Mucho antes
clear,168.3,3,Mucho antes
hot,294.6,10,Mucho antes
rainy,162.8,8,Mucho antes
hot,6.0,1,Mucho antes
hot,201.1,6,Mucho antes
rainy,62.5,6,Mucho antes
cold,244.4,6,Mucho antes
foggy,133.0,6,Mucho antes
stormy,259.0,14,Mucho antes
hot,53.5,2,Mucho antes
stormy,179.4,9,Mucho antes
cold,211.0,7,Ligeramente tarde
clear,13.9,1,Ligeramente antes
stormy,142.8,9,Ligeramente tarde
hot,204.3,7,Mucho antes
clear,187.3,8,Ligeramente antes
foggy,32.8,4,Mucho antes
cold,11.0,2,Ligeramente antes
rainy,65.9,5,Mucho antes
clear,72.8,4,Mucho antes
foggy,179.8,5,Ligeramente antes
stormy,8.1,4,Ligeramente tarde
clear,82.5,2,Mucho antes
foggy,70.7,5,Mucho antes
stormy,251.0,12,Mucho tarde
cold,107.1,3,Mucho antes
hot,216.5,4,Mucho antes
clear,247.7,7,Mucho antes
cold,212.7,6,Ligeramente antes
stormy,34.6,6,Mucho antes
cold,221.9,8,Ligeramente antes
rainy,254.9,14,Mucho antes
clear,113.1,2,Mucho antes
foggy,266.4,9,Mucho antes
foggy,207.1,8,Ligeramente tarde
foggy,213.4,4,Mucho antes
cold,164.4,5,Mucho antes
foggy,115.7,8,Mucho antes
rainy,97.0,8,Mucho antes
cold,239.8,9,Mucho antes
cold,252.0,8,Ligeramente antes
hot,100.2,2,Mucho antes
clear,189.8,5,Ligeramente antes
cold,217.2,6,Mucho antes
clear,65.1,4,Ligeramente tarde
hot,189.4,4,Ligeramente antes
hot,102.5,2,Mucho antes
foggy,82.7,4,Mucho antes
rainy,95.5,6,Mucho tarde
clear,98.5,5,Ligeramente tarde
clear,149.0,5,Ligeramente tarde
rainy,107.0,5,Mucho antes
foggy,216.0,5,Ligeramente antes
foggy,269.9,9,Mucho antes
stormy,232.1,12,Mucho tarde
clear,165.6,7,Mucho antes
hot,204.9,4,Mucho antes
clear,269.4,7,Mucho antes
foggy,178.0,6,Ligeramente tarde
clear,17.0,3,Mucho antes
cold,90.0,3,Mucho antes
foggy,99.9,5,Mucho antes
foggy,295.2,8,Mucho antes
rainy,221.7,10,Mucho antes
rainy,129.0,7,Mucho antes
rainy,106.3,10,Ligeramente tarde
clear,288.5,7,Mucho antes
foggy,229.9,11,Mucho tarde
clear,62.3,2,Mucho antes
clear,142.9,7,Mucho antes
clear,68.5,4,Mucho antes
clear,297.0,7,Mucho antes
hot,172.0,5,Mucho antes
hot,25.3,2,Mucho antes
hot,94.1,3,Mucho antes
cold,159.9,5,Ligeramente antes
foggy,154.4,7,Ligeramente antes
foggy,66.9,8,Mucho tarde
foggy,205.9,6,Mucho antes
foggy,70.8,3,Mucho antes
clear,294.9,7,Mucho antes
rainy,247.5,11,Mucho antes
foggy,134.8,6,Ligeramente tarde
foggy,110.6,4,Mucho antes
foggy,53.8,5,Mucho antes
clear,26.2,1,Mucho antes
rainy,226.7,11,Mucho antes
foggy,266.2,13,Mucho antes
rainy,150.3,8,Mucho tarde
foggy,268.7,11,Mucho antes
rainy,284.8,9,Mucho antes
rainy,177.5,8,Ligeramente antes
cold,77.0,2,Mucho antes
cold,245.3,6,Ligeramente antes
hot,66.4,4,Mucho antes
foggy,278.9,10,Mucho antes
hot,58.0,2,Mucho antes
clear,107.1,3,Mucho antes
rainy,37.1,4,Ligeramente tarde
hot,85.7,5,Mucho antes
cold,151.7,8,Mucho antes
clear,117.1,4,Mucho antes
foggy,189.0,11,Mucho antes
clear,110.4,5,Mucho antes
cold,171.3,6,Mucho antes
foggy,189.2,12,Mucho antes
hot,277.8,7,Ligeramente antes
hot,264.8,6,Mucho antes
clear,80.2,4,Mucho antes
cold,141.8,6,Ligeramente tarde
cold,30.7,1,Mucho antes
stormy,67.5,5,Mucho antes
cold,88.9,3,Ligeramente antes
cold,286.3,7,Ligeramente antes
stormy,227.0,10,Mucho antes
stormy,269.1,10,Mucho antes
cold,90.3,3,Mucho antes
rainy,257.8,12,Mucho tarde
foggy,231.8,11,Mucho tarde
stormy,44.5,3,Mucho antes
clear,97.2,4,Ligeramente tarde
hot,213.7,10,Mucho tarde
stormy,98.5,6,Mucho tarde
clear,76.3,4,Ligeramente tarde
cold,297.1,9,Ligeramente tarde
foggy,145.8,8,Mucho tarde
clear,105.1,2,Mucho antes
clear,107.7,3,Mucho antes
rainy,185.8,6,Mucho antes
foggy,193.9,9,Mucho antes
foggy,259.8,10,Ligeramente tarde
stormy,197.5,8,Mucho tarde
stormy,281.3,12,Mucho tarde
hot,172.7,4,Mucho antes
foggy,148.5,8,Mucho antes
foggy,235.9,10,Mucho antes
hot,64.8,2,Mucho antes
clear,190.7,3,Mucho antes
cold,120.7,2,Mucho antes
foggy,41.1,2,Ligeramente antes
stormy,96.1,4,Mucho antes
clear,190.1,5,Mucho antes
clear,282.6,6,Ligeramente antes
clear,166.0,5,Mucho antes
foggy,124.5,9,Ligeramente tarde
hot,268.6,8,Mucho antes
cold,60.6,3,Mucho antes
stormy,25.3,3,Mucho antes
foggy,97.6,5,Mucho antes
stormy,27.1,4,Ligeramente tarde
rainy,126.4,6,Mucho antes
rainy,73.1,8,Ligeramente antes
cold,57.1,2,Mucho antes
cold,58.6,2,Mucho antes
cold,75.4,4,Ligeramente tarde
cold,162.5,6,Ligeramente tarde
hot,3.6,1,Ligeramente antes
cold,185.5,6,Ligeramente tarde
clear,211.5,7,Ligeramente antes
clear,214.7,6,Mucho antes
cold,152.8,4,Mucho antes
clear,139.8,3,Mucho antes
rainy,180.9,9,Ligeramente tarde
foggy,90.4,3,Mucho antes
stormy,35.2,5,Mucho antes
rainy,153.0,6,Mucho antes
cold,260.3,10,Mucho antes
foggy,146.4,7,Ligeramente antes
hot,84.6,3,Mucho antes
hot,64.2,2,Mucho antes
clear,20.8,2,Mucho antes
cold,277.5,6,Mucho antes
rainy,99.0,6,Mucho antes
stormy,269.6,11,Mucho antes
stormy,283.6,10,Mucho antes
clear,133.9,4,Mucho antes
cold,127.2,2,Mucho antes
clear,95.4,3,Mucho antes
foggy,191.8,8,Mucho antes
rainy,64.9,7,Ligeramente antes
rainy,102.0,4,Mucho antes
clear,89.0,5,Mucho antes
clear,112.9,5,Mucho antes
clear,23.3,1,Mucho antes
hot,159.2,6,Mucho antes
clear,28.4,0,Mucho antes
stormy,235.3,9,Mucho tarde
rainy,126.7,7,Mucho antes
clear,221.1,8,Ligeramente tarde
clear,40.0,2,Mucho antes
cold,174.0,4,Mucho antes
cold,58.2,2,Ligeramente antes
stormy,174.3,9,Mucho antes
stormy,127.4,8,Mucho tarde
rainy,194.3,8,Mucho antes
cold,28.1,1,Mucho antes
foggy,270.6,9,Mucho antes
hot,145.2,7,Mucho tarde
hot,202.2,6,Mucho antes
foggy,77.7,5,Mucho antes
rainy,217.2,9,Ligeramente tarde
foggy,282.1,11,Mucho antes
cold,287.0,11,Mucho antes
hot,239.4,6,Ligeramente antes
hot,120.7,7,Mucho tarde
rainy,55.9,5,Ligeramente tarde
rainy,80.5,6,Mucho antes
stormy,225.9,9,Mucho antes
clear,85.6,2,Mucho antes
clear,85.0,4,Ligeramente tarde
stormy,82.9,3,Ligeramente antes
hot,97.0,4,Mucho antes
foggy,163.9,7,Mucho antes
rainy,209.1,8,Ligeramente antes
hot,117.4,3,Mucho antes
rainy,116.4,8,Ligeramente antes
clear,249.4,9,Mucho tarde
hot,60.3,3,Mucho antes
foggy,183.6,4,Mucho antes
clear,167.1,6,Mucho antes
stormy,138.5,12,Mucho antes
cold,270.7,12,Mucho antes
foggy,4.5,4,Ligeramente tarde
hot,241.0,5,Mucho antes
hot,122.9,3,Mucho antes
hot,247.5,4,Mucho antes
foggy,136.2,5,Ligeramente tarde
clear,55.3,1,Mucho antes
clear,169.9,5,Mucho antes
stormy,292.0,15,Ligeramente antes
stormy,33.3,6,Mucho tarde
clear,265.6,8,Ligeramente antes
rainy,187.3,11,Mucho antes
rainy,246.8,7,Mucho antes
hot,247.6,6,Mucho antes
hot,37.7,4,Mucho antes
cold,119.8,3,Mucho antes
rainy,172.3,8,Mucho tarde
cold,245.5,10,Mucho tarde
hot,90.7,2,Ligeramente antes
clear,289.2,7,Ligeramente antes
stormy,13.8,3,Mucho antes
rainy,172.0,10,Ligeramente tarde
cold,195.1,6,Mucho antes
foggy,173.1,6,Mucho antes
foggy,18.9,3,Mucho antes
cold,136.7,3,Mucho antes
rainy,58.6,7,Mucho tarde
stormy,163.7,8,Mucho tarde
cold,110.4,6,Mucho antes
stormy,248.0,11,Mucho tarde
foggy,20.1,2,Mucho antes
rainy,128.6,7,Mucho antes
rainy,257.8,8,Mucho antes
cold,197.0,4,Mucho antes
foggy,53.7,2,Ligeramente antes
rainy,242.6,11,Mucho tarde
foggy,101.3,5,Mucho antes
clear,157.1,3,Mucho antes
rainy,176.4,11,Mucho tarde
cold,36.3,1,Mucho antes
hot,198.8,5,Ligeramente antes
cold,205.5,6,Mucho antes
hot,190.7,7,Mucho antes
clear,203.3,6,Mucho antes
foggy,72.9,4,Mucho antes
clear,69.9,4,Ligeramente tarde
clear,75.4,4,Mucho antes
rainy,79.9,6,Mucho antes
clear,109.4,3,Mucho antes
cold,75.8,4,Mucho antes
stormy,290.2,14,Mucho tarde
cold,26.0,2,Mucho antes
rainy,254.7,11,Mucho antes
stormy,107.7,6,Mucho antes
rainy,182.7,11,Mucho antes
stormy,95.7,6,Mucho antes
stormy,270.7,14,Mucho antes
clear,20.8,2,Mucho antes
stormy,80.0,9,Ligeramente tarde
rainy,288.3,15,Ligeramente antes
rainy,108.0,6,Mucho antes
cold,76.2,2,Mucho antes
hot,89.7,3,Mucho antes
clear,35.4,3,Mucho antes
clear,102.6,5,Ligeramente tarde
clear,96.2,2,Mucho antes
stormy,84.4,9,Mucho antes
hot,25.3,2,Mucho antes
hot,178.8,6,Mucho antes
clear,206.3,6,Ligeramente antes
rainy,211.1,10,Mucho antes
rainy,49.3,3,Ligeramente tarde
cold,194.5,3,Mucho antes
clear,266.9,8,Mucho antes
hot,293.4,7,Mucho antes
rainy,268.3,11,Mucho antes
cold,42.0,2,Mucho antes
rainy,286.2,8,Ligeramente antes
foggy,97.9,7,Mucho antes
stormy,9.9,6,Mucho antes
cold,109.9,5,Ligeramente tarde
foggy,92.9,4,Ligeramente tarde
foggy,203.1,7,Mucho antes
foggy,295.2,10,Mucho antes
rainy,218.4,6,Ligeramente antes
cold,203.7,4,Mucho antes
stormy,51.7,7,Mucho antes
cold,216.2,9,Ligeramente tarde
cold,82.3,4,Mucho antes
foggy,84.4,4,Mucho antes
cold,130.5,3,Ligeramente antes
clear,268.1,5,Mucho antes
rainy,65.9,4,Mucho antes
foggy,267.8,11,Mucho tarde
clear,149.4,4,Ligeramente antes
clear,21.6,2,Mucho antes
foggy,202.4,9,Mucho antes
clear,201.7,5,Mucho antes
cold,289.8,11,Mucho antes
stormy,96.6,8,Mucho antes
cold,30.5,1,Mucho antes
stormy,133.7,7,Mucho tarde
rainy,85.2,6,Mucho antes
stormy,164.6,9,Mucho antes
clear,171.0,8,Mucho antes
stormy,103.5,6,Mucho antes
hot,286.0,6,Mucho antes
foggy,52.9,4,Mucho antes
rainy,65.9,6,Mucho antes
cold,116.2,5,Mucho antes
rainy,162.3,9,Mucho tarde
rainy,161.3,12,Mucho tarde
hot,212.0,7,Mucho antes
rainy,26.9,6,Mucho antes
rainy,283.2,9,Mucho antes
clear,17.5,2,Mucho antes
hot,191.5,7,Mucho antes
clear,158.1,6,Mucho antes
cold,75.2,3,Mucho antes
clear,113.9,4,Ligeramente antes
clear,147.7,3,Mucho antes
cold,17.2,1,Mucho antes
stormy,108.9,9,Ligeramente tarde
hot,125.5,3,Mucho antes
hot,148.1,5,Mucho antes
rainy,145.3,5,Mucho antes
stormy,292.3,15,Mucho tarde
foggy,264.9,11,Mucho antes
cold,210.7,4,Mucho antes
cold,293.0,7,Mucho antes
clear,99.3,3,Ligeramente antes
stormy,91.6,7,Mucho antes
cold,139.8,4,Mucho antes
foggy,204.7,9,Mucho tarde
stormy,212.2,7,Mucho antes
hot,196.1,7,Mucho antes
rainy,58.6,4,Mucho antes
rainy,66.2,2,Mucho antes
stormy,94.6,7,Ligeramente antes
cold,130.9,6,Mucho antes
stormy,109.8,7,Mucho antes
hot,200.4,5,Mucho antes
clear,200.7,8,Mucho antes
clear,96.3,3,Mucho antes
cold,223.8,7,Mucho antes
hot,110.9,3,Mucho antes
clear,11.3,1,Mucho antes
foggy,196.3,5,Mucho antes
rainy,236.8,10,Mucho antes
stormy,203.7,10,Mucho antes
stormy,57.3,6,Mucho tarde
clear,129.7,3,Mucho antes
hot,240.2,6,Mucho antes
rainy,22.9,6,Mucho antes
stormy,283.2,14,Mucho tarde
hot,13.0,1,Mucho antes
stormy,56.9,6,Mucho antes
cold,184.3,7,Mucho antes
foggy,142.6,4,Mucho antes
rainy,180.5,10,Mucho antes
stormy,136.5,6,Ligeramente tarde
hot,250.2,6,Mucho antes
foggy,289.6,12,Mucho tarde
clear,231.5,9,Mucho antes
rainy,178.9,10,Ligeramente tarde
stormy,114.5,10,Ligeramente tarde
foggy,190.1,9,Mucho antes
cold,238.4,10,Mucho antes
cold,236.5,9,Ligeramente tarde
stormy,3.6,6,Mucho antes
foggy,210.2,7,Ligeramente tarde
rainy,61.6,3,Mucho antes
hot,160.4,5,Mucho antes
cold,223.9,7,Ligeramente antes
stormy,287.4,12,Mucho tarde
clear,11.8,1,Ligeramente antes
rainy,99.0,4,Mucho antes
stormy,19.4,5,Mucho antes
clear,231.5,8,Ligeramente tarde
stormy,52.5,8,Ligeramente antes
clear,38.2,1,Ligeramente antes
foggy,29.9,4,Mucho antes
foggy,213.4,11,Mucho antes
stormy,28.0,4,Mucho antes
rainy,135.0,8,Mucho tarde
stormy,48.9,7,Ligeramente antes
rainy,189.7,7,Ligeramente tarde
foggy,44.1,4,Ligeramente tarde
cold,70.7,3,Mucho antes
clear,257.3,8,Mucho antes
foggy,6.0,2,Mucho antes
cold,11.4,2,Mucho antes
rainy,220.5,10,Mucho tarde
foggy,64.3,5,Mucho antes
rainy,70.4,4,Mucho antes
clear,3.6,2,Mucho antes
foggy,153.7,7,Mucho antes
stormy,119.4,11,Mucho antes
rainy,250.2,9,Ligeramente tarde
stormy,32.0,8,Ligeramente antes
clear,297.1,8,Ligeramente tarde
stormy,17.6,6,Mucho antes
cold,66.9,3,Mucho antes
hot,42.8,4,Mucho antes
stormy,233.2,9,Mucho antes
cold,85.8,2,Mucho antes
hot,8.0,2,Mucho antes
clear,159.6,5,Ligeramente antes
hot,72.4,2,Mucho antes
hot,186.2,9,Mucho antes
clear,134.6,5,Mucho antes
foggy,26.6,3,Ligeramente tarde
stormy,270.2,10,Mucho antes
stormy,68.8,7,Mucho antes
clear,3.6,1,Ligeramente antes
rainy,175.1,8,Mucho antes
clear,248.4,6,Mucho antes
stormy,148.3,11,Mucho antes
clear,255.0,8,Ligeramente antes
stormy,23.0,7,Mucho antes
cold,86.3,4,Ligeramente tarde
hot,192.9,4,Mucho antes
stormy,232.2,13,Mucho antes
hot,24.4,1,Mucho antes
hot,184.0,6,Mucho antes
hot,231.1,6,Mucho antes
stormy,38.8,7,Mucho antes
cold,45.1,2,Mucho antes
clear,152.8,5,Mucho antes
foggy,130.3,6,Ligeramente tarde
stormy,128.2,6,Ligeramente tarde
cold,260.4,7,Mucho antes
clear,20.6,0,Mucho antes
rainy,221.0,14,Mucho antes
clear,245.6,4,Mucho antes
rainy,115.9,7,Mucho tarde
foggy,208.1,8,Ligeramente tarde
rainy,176.5,9,Mucho antes
clear,80.2,4,Mucho antes
stormy,154.1,10,Ligeramente tarde
hot,18.3,1,Mucho antes
rainy,243.1,9,Ligeramente tarde
stormy,17.7,8,Mucho antes
foggy,88.1,4,Mucho antes
hot,123.4,6,Mucho antes
foggy,150.4,9,Mucho tarde
cold,160.4,5,Mucho antes
hot,181.4,4,Mucho antes
foggy,275.1,11,Mucho tarde
foggy,143.8,7,Mucho antes
stormy,196.1,8,Mucho antes
clear,27.7,1,Mucho antes
foggy,252.6,10,Mucho tarde
rainy,102.0,7,Mucho antes
clear,177.7,5,Mucho antes
rainy,294.3,10,Ligeramente tarde
cold,227.5,6,Ligeramente antes
hot,122.2,3,Mucho antes
stormy,136.0,8,Mucho antes
stormy,44.6,6,Mucho tarde
stormy,189.8,11,Mucho tarde
hot,166.3,5,Mucho antes
rainy,178.3,6,Mucho antes
stormy,81.0,8,Mucho tarde
hot,213.4,7,Ligeramente tarde
clear,90.3,4,Ligeramente tarde
stormy,134.7,8,Mucho antes
clear,45.6,2,Mucho antes
clear,214.8,5,Mucho antes
stormy,53.6,7,Mucho antes
rainy,176.6,8,Mucho antes
stormy,247.8,13,Mucho antes
foggy,177.4,5,Mucho antes
stormy,181.9,10,Mucho tarde
foggy,264.1,11,Mucho tarde
stormy,297.1,12,Mucho antes
clear,59.3,1,Mucho antes
rainy,143.4,9,Ligeramente tarde
rainy,109.4,9,Mucho antes
stormy,21.9,4,Mucho antes
clear,110.7,5,Mucho antes
cold,210.2,5,Mucho antes
rainy,255.6,11,Mucho tarde
cold,246.9,6,Mucho antes
stormy,7.0,6,Mucho antes
rainy,119.1,8,Mucho tarde
stormy,284.6,13,Mucho antes
rainy,166.5,9,Ligeramente tarde
foggy,294.1,12,Mucho antes
hot,103.9,3,Mucho antes
cold,120.6,4,Mucho antes
foggy,137.2,9,Mucho tarde
clear,256.1,4,Mucho antes
foggy,87.7,3,Mucho antes
stormy,131.8,10,Mucho antes
stormy,235.9,9,Mucho antes
stormy,99.9,9,Mucho antes
clear,122.9,3,Mucho antes
stormy,264.3,10,Mucho antes
foggy,106.3,5,Mucho antes
rainy,164.6,8,Mucho antes
cold,21.2,2,Ligeramente antes
stormy,285.3,9,Mucho antes
foggy,198.9,6,Mucho antes
foggy,288.9,11,Mucho antes
stormy,243.8,14,Mucho tarde
clear,229.3,8,Ligeramente antes
cold,41.4,2,Mucho antes
rainy,146.5,9,Mucho antes
clear,5.6,2,Mucho antes
foggy,168.9,7,Mucho antes
cold,287.1,9,Mucho antes
foggy,116.5,5,Ligeramente tarde
stormy,105.0,7,Ligeramente antes
clear,86.5,2,Mucho antes
foggy,173.0,5,Ligeramente antes
rainy,271.5,8,Mucho antes
clear,177.0,5,Mucho antes
stormy,226.4,14,Mucho tarde
stormy,111.1,9,Mucho antes
hot,111.7,4,Mucho antes
cold,71.9,2,Ligeramente antes
hot,29.9,2,Mucho antes
cold,250.8,7,Mucho antes
stormy,218.3,13,Mucho antes
cold,40.3,1,Mucho antes
clear,161.8,4,Mucho antes
hot,187.9,3,Mucho antes
rainy,259.6,11,Mucho antes
cold,43.1,2,Ligeramente antes
hot,34.8,2,Ligeramente antes
rainy,78.0,4,Mucho antes
rainy,72.4,4,Ligeramente tarde
clear,45.0,1,Mucho antes
hot,263.3,9,Mucho antes
rainy,297.1,10,Ligeramente tarde
stormy,196.9,9,Mucho antes
clear,227.4,6,Ligeramente antes
stormy,157.8,11,Mucho tarde
rainy,187.8,6,Mucho antes
rainy,255.3,11,Mucho antes
foggy,265.9,13,Mucho antes
clear,98.5,3,Mucho antes
foggy,239.4,8,Mucho antes
hot,5.8,0,Mucho antes
foggy,37.4,4,Mucho antes
rainy,88.7,5,Mucho antes
foggy,148.5,8,Mucho tarde
rainy,70.5,7,Mucho antes
cold,261.3,7,Mucho antes
clear,163.0,5,Mucho antes
foggy,124.6,6,Mucho antes
hot,238.4,7,Ligeramente tarde
foggy,212.0,8,Mucho antes
cold,226.4,6,Mucho antes
cold,97.8,3,Mucho antes
foggy,94.8,6,Mucho antes
hot,90.7,3,Mucho antes
foggy,237.4,8,Mucho antes
cold,115.2,4,Ligeramente antes
stormy,37.7,6,Mucho antes
stormy,151.0,11,Mucho antes
foggy,64.0,5,Mucho antes
foggy,173.5,6,Ligeramente tarde
rainy,158.0,7,Mucho antes
rainy,82.2,6,Mucho antes
cold,277.8,11,Mucho antes
foggy,132.7,5,Mucho antes
cold,160.1,6,Mucho antes
clear,214.5,6,Mucho antes
stormy,191.7,11,Mucho antes
hot,12.9,1,Mucho antes
clear,148.4,6,Ligeramente tarde
clear,270.8,10,Mucho antes
foggy,266.8,10,Mucho tarde
rainy,39.6,3,Ligeramente tarde
rainy,90.0,5,Mucho antes
stormy,83.2,7,Mucho antes
stormy,274.9,14,Mucho tarde
cold,290.5,12,Mucho tarde
foggy,132.2,5,Mucho antes
hot,209.0,8,Ligeramente tarde
foggy,50.9,4,Mucho antes
hot,198.3,5,Mucho antes
cold,15.3,1,Mucho antes
foggy,24.4,5,Mucho antes
cold,118.7,3,Mucho antes
stormy,257.2,11,Mucho antes
rainy,4.8,1,Mucho antes
cold,99.8,5,Mucho antes
stormy,190.7,13,Mucho tarde
stormy,92.7,9,Mucho tarde
cold,3.6,0,Mucho antes
stormy,159.7,7,Ligeramente antes
cold,37.8,1,Mucho antes
clear,95.3,3,Mucho antes
hot,269.9,9,Mucho antes
foggy,178.4,8,Mucho tarde
clear,219.8,9,Mucho antes
foggy,48.5,2,Mucho antes
hot,224.7,4,Mucho antes
clear,51.6,2,Mucho antes
foggy,263.1,14,Mucho tarde
hot,207.3,5,Mucho antes
rainy,201.5,9,Ligeramente tarde
cold,66.8,4,Ligeramente tarde
cold,130.1,4,Mucho antes
stormy,12.9,2,Ligeramente antes
stormy,104.4,4,Mucho antes
rainy,7.8,5,Mucho antes
cold,3.6,1,Mucho antes
foggy,55.1,5,Mucho antes
clear,203.4,6,Ligeramente antes
foggy,70.8,5,Mucho antes
hot,270.2,10,Mucho antes
stormy,166.3,13,Mucho tarde
stormy,135.2,9,Mucho tarde
hot,127.6,5,Mucho antes
rainy,135.2,8,Mucho antes
rainy,63.8,6,Mucho antes
cold,126.1,4,Mucho antes
foggy,5.1,1,Mucho antes
hot,125.2,3,Mucho antes
stormy,115.2,10,Mucho antes
stormy,13.8,5,Mucho antes
stormy,182.9,7,Mucho antes
cold,236.0,9,Ligeramente tarde
stormy,58.1,9,Mucho tarde
hot,138.8,4,Mucho antes
rainy,274.1,11,Mucho tarde
foggy,270.0,11,Mucho antes
stormy,78.7,4,Mucho antes
clear,66.9,3,Mucho antes
cold,66.5,4,Mucho antes
stormy,177.1,7,Mucho antes
clear,252.0,6,Mucho antes
foggy,73.8,5,Mucho antes
cold,193.2,6,Ligeramente tarde
stormy,213.3,13,Mucho tarde
rainy,41.1,5,Mucho antes
clear,27.7,0,Mucho antes
foggy,27.5,4,Ligeramente tarde
hot,135.7,3,Ligeramente antes
rainy,77.8,5,Mucho antes
hot,107.7,5,Mucho antes
stormy,292.6,12,Mucho tarde
hot,97.9,2,Ligeramente antes
cold,99.3,4,Ligeramente tarde
hot,222.3,6,Ligeramente antes
hot,282.5,8,Ligeramente antes
rainy,193.9,7,Mucho antes
hot,231.1,6,Mucho antes
stormy,69.2,7,Ligeramente antes
rainy,57.0,3,Mucho antes
hot,297.1,7,Ligeramente antes
cold,289.7,8,Ligeramente tarde
stormy,103.9,9,Mucho antes
cold,241.4,4,Mucho antes
stormy,85.3,7,Mucho antes
cold,17.1,2,Mucho antes
foggy,208.5,6,Mucho antes
clear,162.0,7,Ligeramente antes
stormy,16.7,3,Ligeramente tarde
foggy,127.6,6,Ligeramente tarde
clear,176.2,3,Mucho antes
stormy,119.0,10,Mucho tarde
clear,14.0,3,Ligeramente tarde
stormy,281.1,11,Mucho antes
foggy,278.5,10,Mucho antes
rainy,266.1,13,Mucho tarde
stormy,209.6,10,Mucho tarde
foggy,271.6,11,Mucho tarde
rainy,256.8,14,Mucho tarde
clear,163.8,3,Mucho antes
hot,154.1,3,Mucho antes
clear,185.7,8,Mucho tarde
cold,85.8,1,Mucho antes
cold,36.5,4,Mucho antes
clear,278.8,7,Mucho antes
foggy,148.0,7,Ligeramente antes
foggy,26.6,3,Mucho antes
stormy,283.7,12,Mucho antes
cold,242.7,9,Ligeramente tarde
clear,194.3,5,Mucho antes
cold,297.1,8,Ligeramente tarde
stormy,246.5,11,Mucho antes
foggy,24.8,3,Mucho antes
rainy,216.4,11,Mucho tarde
hot,36.7,2,Mucho antes
clear,232.6,6,Mucho antes
rainy,81.7,9,Mucho antes
cold,105.3,4,Ligeramente antes
hot,249.8,7,Mucho antes
foggy,40.3,3,Ligeramente tarde
cold,283.2,6,Ligeramente antes
foggy,38.9,1,Mucho antes
rainy,8.6,4,Mucho antes
clear,8.7,1,Ligeramente antes
rainy,243.1,13,Mucho tarde
rainy,144.5,9,Mucho tarde
clear,152.9,6,Mucho antes
cold,250.5,9,Mucho antes
foggy,154.4,6,Mucho antes
cold,287.1,9,Mucho antes
rainy,3.6,3,Mucho antes
cold,49.6,3,Ligeramente tarde
foggy,236.6,10,Mucho antes
rainy,274.7,8,Mucho antes
stormy,212.1,11,Mucho tarde
rainy,90.1,6,Mucho tarde
cold,252.3,7,Mucho antes
rainy,66.8,6,Mucho antes
cold,132.2,5,Mucho antes
hot,235.5,7,Ligeramente antes
foggy,121.9,4,Mucho antes
foggy,247.6,6,Ligeramente antes
hot,181.4,5,Mucho antes
clear,258.6,8,Mucho antes
stormy,71.2,6,Mucho antes
hot,191.0,7,Ligeramente tarde
hot,199.0,7,Mucho antes
cold,124.9,4,Ligeramente antes
hot,130.4,3,Ligeramente antes
foggy,275.3,9,Mucho antes
hot,67.2,3,Mucho antes
rainy,29.6,7,Mucho tarde
clear,155.3,8,Mucho antes
clear,264.2,8,Mucho antes
hot,293.0,9,Ligeramente tarde
rainy,269.5,7,Mucho antes
rainy,231.6,9,Mucho tarde
rainy,33.5,1,Ligeramente antes
hot,186.7,4,Ligeramente antes
foggy,195.6,6,Ligeramente tarde
cold,149.0,5,Mucho antes
hot,252.8,6,Mucho antes
stormy,294.8,12,Mucho tarde
rainy,291.7,16,Mucho antes
cold,7.1,1,Mucho antes
rainy,11.7,6,Mucho antes
hot,17.0,2,Mucho antes
clear,94.4,5,Mucho antes
hot,223.9,8,Ligeramente tarde
hot,172.8,5,Mucho antes
clear,146.3,4,Ligeramente antes
hot,220.7,5,Mucho antes
clear,77.8,4,Mucho antes
stormy,297.1,11,Mucho tarde
cold,75.0,4,Mucho antes
foggy,112.3,7,Mucho antes
hot,255.8,4,Mucho antes
rainy,236.7,12,Mucho antes
stormy,46.6,6,Mucho antes
foggy,19.5,4,Mucho antes
clear,196.6,7,Mucho antes
cold,209.0,9,Mucho antes
clear,267.9,7,Ligeramente antes
clear,10.0,1,Mucho antes
hot,260.8,10,Mucho antes
hot,101.9,4,Mucho antes
rainy,109.2,7,Mucho antes
hot,193.8,10,Mucho antes
foggy,258.1,10,Mucho antes
hot,124.6,4,Ligeramente antes
hot,3.6,0,Mucho antes
stormy,194.8,10,Mucho tarde
rainy,166.5,6,Mucho antes
foggy,291.5,10,Ligeramente tarde
stormy,158.9,5,Mucho antes
rainy,189.5,12,Mucho tarde
clear,262.2,7,Mucho antes
hot,81.8,4,Ligeramente tarde
foggy,5.3,2,Ligeramente antes
stormy,225.0,14,Mucho antes
hot,205.2,5,Mucho antes
foggy,264.4,9,Mucho antes
rainy,70.7,5,Mucho antes
clear,129.5,5,Mucho antes
stormy,15.5,4,Mucho antes
stormy,214.1,11,Mucho antes
stormy,58.1,7,Mucho tarde
clear,166.6,5,Ligeramente antes
hot,151.9,4,Mucho antes
cold,123.2,4,Ligeramente antes
foggy,15.6,4,Mucho antes
clear,182.2,5,Ligeramente antes
cold,153.9,4,Mucho antes
stormy,73.4,6,Mucho tarde
foggy,199.0,8,Mucho tarde
rainy,291.6,10,Mucho tarde
clear,279.3,7,Mucho antes
rainy,266.7,12,Mucho tarde
clear,225.7,4,Mucho antes
rainy,240.4,10,Mucho antes
cold,214.2,6,Mucho antes
hot,123.5,3,Mucho antes
clear,57.3,2,Mucho antes
hot,227.4,4,Mucho antes
hot,185.3,4,Ligeramente antes
rainy,242.5,10,Mucho tarde
cold,286.1,6,Mucho antes
clear,118.7,5,Ligeramente tarde
cold,271.3,5,Mucho antes
rainy,21.6,6,Mucho antes
foggy,77.4,5,Ligeramente tarde
foggy,140.7,7,Ligeramente antes
rainy,281.9,12,Mucho tarde
cold,291.8,8,Mucho antes
clear,153.8,7,Ligeramente antes
stormy,175.3,8,Ligeramente antes
foggy,135.4,8,Mucho tarde
cold,268.0,7,Mucho antes
foggy,256.2,9,Ligeramente tarde
cold,76.7,3,Ligeramente antes
foggy,21.1,5,Mucho antes
hot,22.9,2,Mucho antes
stormy,270.3,12,Mucho tarde
foggy,218.6,8,Ligeramente antes
hot,52.4,3,Ligeramente antes
rainy,211.1,7,Mucho antes
clear,123.4,4,Ligeramente antes
hot,175.7,5,Mucho antes
rainy,180.0,7,Mucho antes
hot,204.9,4,Mucho antes
hot,85.6,3,Mucho antes
hot,277.6,7,Ligeramente antes
cold,263.5,8,Mucho antes
hot,4.7,2,Mucho antes
cold,206.3,6,Mucho antes
cold,162.5,4,Mucho antes
cold,152.7,6,Mucho antes
clear,34.7,3,Mucho antes
hot,161.9,5,Mucho antes
cold,221.4,6,Mucho antes
cold,5.4,2,Ligeramente antes
rainy,127.7,6,Mucho antes
cold,186.7,5,Ligeramente antes
cold,45.4,2,Mucho antes
stormy,296.5,14,Mucho tarde
foggy,206.7,10,Mucho tarde
hot,205.6,5,Mucho antes
clear,136.0,5,Mucho antes
rainy,26.3,4,Mucho antes
stormy,270.8,12,Mucho antes
cold,17.9,1,Mucho antes
foggy,233.7,9,Mucho antes
hot,51.5,3,Mucho antes
stormy,215.9,8,Ligeramente antes
cold,147.2,3,Mucho antes
cold,136.7,4,Ligeramente antes
rainy,297.1,11,Mucho tarde
foggy,297.1,9,Mucho antes
foggy,17.3,4,Mucho antes
stormy,269.1,11,Mucho antes
clear,3.6,1,Mucho antes
rainy,180.7,12,Mucho antes
cold,246.3,6,Mucho antes
hot,97.2,3,Mucho antes
hot,210.9,7,Ligeramente antes
stormy,181.9,10,Mucho tarde
hot,138.3,8,Ligeramente antes
foggy,255.5,10,Ligeramente tarde
foggy,205.3,10,Mucho antes
foggy,238.8,10,Mucho tarde
clear,23.8,2,Mucho antes
rainy,63.0,5,Mucho antes
cold,180.4,6,Mucho antes
hot,247.6,7,Mucho antes
foggy,231.6,8,Mucho antes
clear,141.0,3,Mucho antes
rainy,246.4,11,Mucho antes
stormy,266.0,10,Mucho antes
cold,178.2,5,Mucho antes
foggy,45.7,6,Mucho antes
rainy,182.1,6,Ligeramente tarde
foggy,94.8,3,Mucho antes
rainy,108.0,8,Mucho antes
foggy,268.2,12,Mucho tarde
foggy,295.6,7,Mucho antes
rainy,213.2,9,Ligeramente tarde
foggy,94.7,3,Mucho antes
stormy,84.7,7,Mucho tarde
cold,13.6,3,Ligeramente tarde
hot,18.9,1,Mucho antes
cold,23.3,1,Ligeramente antes
stormy,203.2,8,Mucho antes
rainy,57.9,6,Mucho antes
clear,25.5,3,Mucho antes
rainy,297.1,12,Mucho antes
foggy,214.5,7,Ligeramente antes
foggy,181.1,7,Ligeramente antes
stormy,164.6,12,Mucho tarde
foggy,287.3,11,Mucho antes
rainy,185.0,10,Ligeramente tarde
hot,11.8,2,Mucho antes
stormy,177.2,12,Mucho antes
clear,129.8,5,Mucho antes
stormy,297.1,12,Mucho antes
clear,146.1,6,Ligeramente tarde
hot,235.1,6,Mucho antes
rainy,245.7,8,Ligeramente antes
stormy,16.5,5,Mucho antes
clear,289.1,6,Ligeramente antes
cold,156.4,4,Ligeramente antes
clear,249.0,6,Ligeramente antes
stormy,192.6,9,Ligeramente tarde
stormy,135.8,7,Mucho antes
clear,82.9,2,Mucho antes
cold,57.2,3,Ligeramente antes
foggy,213.9,10,Ligeramente tarde
hot,24.2,1,Mucho antes
foggy,73.8,4,Mucho antes
rainy,158.1,9,Mucho tarde
rainy,66.7,5,Mucho antes
clear,165.4,4,Mucho antes
foggy,109.0,6,Mucho antes
stormy,81.5,9,Ligeramente tarde
stormy,215.0,10,Mucho antes
rainy,73.5,5,Mucho antes
foggy,60.0,6,Mucho antes
stormy,51.7,5,Mucho antes
rainy,61.6,6,Mucho antes
hot,4.8,2,Mucho antes
rainy,214.9,11,Mucho antes
cold,170.1,6,Mucho antes
rainy,15.3,2,Mucho antes
rainy,145.3,7,Mucho antes
cold,250.7,7,Mucho antes
clear,144.3,5,Mucho antes
clear,297.1,13,Mucho antes
rainy,31.6,3,Mucho antes
rainy,184.6,9,Ligeramente tarde
stormy,158.4,7,Ligeramente tarde
cold,176.1,7,Ligeramente antes
clear,155.9,7,Ligeramente antes
stormy,169.2,11,Mucho tarde
rainy,273.0,14,Mucho tarde
hot,109.9,5,Mucho antes
rainy,198.3,8,Ligeramente antes
rainy,67.4,6,Mucho tarde
clear,107.2,5,Mucho antes
clear,161.7,4,Mucho antes
cold,212.9,9,Mucho antes
foggy,274.1,11,Mucho tarde
cold,211.4,8,Ligeramente antes
cold,207.1,7,Ligeramente tarde
stormy,128.9,9,Mucho tarde
stormy,71.8,9,Mucho antes
cold,213.3,7,Ligeramente antes
hot,112.7,5,Mucho antes
rainy,262.5,10,Mucho antes
cold,258.7,5,Mucho antes
cold,24.5,2,Ligeramente antes
clear,12.5,3,Ligeramente tarde
hot,138.8,4,Ligeramente antes
clear,68.1,3,Ligeramente antes
rainy,72.6,3,Mucho antes
stormy,123.8,10,Ligeramente tarde
hot,234.7,8,Ligeramente antes
rainy,50.4,6,Mucho antes
stormy,285.7,15,Mucho tarde
clear,182.2,5,Mucho antes
foggy,229.9,10,Mucho antes
rainy,48.3,3,Ligeramente tarde
cold,45.9,2,Mucho antes
hot,95.6,4,Ligeramente tarde
foggy,268.5,5,Mucho antes
foggy,251.2,11,Mucho tarde
cold,80.5,4,Mucho antes
cold,125.5,4,Mucho antes
hot,150.4,5,Mucho antes
stormy,98.1,8,Mucho antes
foggy,285.1,9,Mucho antes
stormy,204.1,13,Mucho antes
hot,129.9,3,Mucho antes
clear,3.6,1,Ligeramente antes
clear,18.3,2,Ligeramente antes
foggy,164.8,6,Mucho antes
stormy,226.9,14,Mucho antes
rainy,185.3,7,Mucho antes
clear,243.6,6,Ligeramente antes
stormy,232.4,7,Ligeramente antes
rainy,241.2,10,Mucho tarde
clear,183.1,6,Ligeramente tarde
foggy,258.9,13,Mucho tarde
cold,101.8,5,Ligeramente tarde
clear,47.0,3,Mucho antes
foggy,240.4,8,Ligeramente tarde
cold,90.2,5,Mucho antes
clear,69.8,1,Mucho antes
cold,167.4,4,Mucho antes
hot,168.9,6,Mucho antes
clear,23.5,1,Mucho antes
foggy,187.7,8,Ligeramente antes
clear,69.1,2,Mucho antes
foggy,40.8,3,Mucho antes
cold,289.5,7,Ligeramente antes
cold,88.2,4,Mucho antes
clear,124.1,5,Mucho antes
hot,43.8,2,Mucho antes
cold,284.1,5,Mucho antes
stormy,5.7,5,Mucho antes
stormy,3.8,6,Mucho antes
stormy,122.3,6,Ligeramente tarde
stormy,37.2,3,Ligeramente tarde
rainy,59.2,6,Mucho antes
clear,87.0,3,Mucho antes
clear,141.3,6,Mucho antes
foggy,267.1,8,Ligeramente antes
hot,127.2,2,Mucho antes
cold,237.0,7,Mucho antes
rainy,288.2,12,Mucho antes
rainy,253.4,9,Mucho antes
clear,256.1,7,Ligeramente antes
cold,239.9,11,Mucho antes
clear,35.3,1,Mucho antes
stormy,52.1,7,Ligeramente antes
clear,83.0,4,Mucho antes
cold,202.8,7,Ligeramente tarde
cold,126.3,3,Ligeramente antes
hot,151.3,7,Ligeramente tarde
rainy,244.0,8,Mucho antes
foggy,10.9,4,Mucho antes
cold,259.8,7,Mucho antes
cold,169.7,7,Ligeramente tarde
clear,177.9,4,Mucho antes
cold,84.9,4,Mucho antes
foggy,50.3,3,Mucho antes
cold,172.0,5,Mucho antes
foggy,252.8,15,Mucho tarde
clear,227.0,5,Mucho antes
foggy,240.1,11,Mucho tarde
hot,101.9,6,Ligeramente tarde
hot,189.0,5,Mucho antes
stormy,170.0,9,Mucho antes
cold,27.6,2,Mucho antes
hot,162.2,4,Ligeramente antes
stormy,3.6,7,Mucho tarde
cold,220.9,7,Ligeramente antes
rainy,266.8,11,Mucho tarde
clear,266.4,7,Mucho antes
cold,97.8,2,Mucho antes
hot,183.6,5,Mucho antes
hot,224.1,4,Mucho antes
foggy,192.5,11,Mucho antes
stormy,5.1,7,Mucho antes
stormy,157.9,11,Mucho antes
stormy,155.0,12,Mucho antes
rainy,243.0,13,Mucho tarde
foggy,241.4,9,Mucho antes
rainy,198.0,13,Mucho tarde
foggy,47.4,6,Mucho antes
stormy,168.3,8,Mucho tarde
rainy,265.9,11,Mucho antes
foggy,49.7,2,Mucho antes
foggy,257.4,11,Mucho antes
rainy,25.8,6,Mucho antes
hot,289.0,7,Mucho antes
clear,289.5,6,Mucho antes
stormy,295.2,12,Mucho tarde
clear,102.9,3,Ligeramente antes
foggy,256.2,8,Mucho antes
stormy,103.7,9,Mucho antes
foggy,31.2,3,Mucho antes
foggy,129.9,8,Mucho antes
stormy,240.8,9,Mucho antes
clear,8.3,3,Ligeramente tarde
cold,132.9,5,Ligeramente tarde
foggy,181.3,7,Mucho antes
clear,244.9,5,Mucho antes
foggy,75.6,3,Mucho antes
foggy,33.8,3,Ligeramente tarde
rainy,61.6,4,Mucho antes
stormy,184.1,8,Mucho tarde
clear,185.8,4,Mucho antes
foggy,108.6,3,Mucho antes
clear,155.7,6,Ligeramente tarde
rainy,112.5,8,Ligeramente antes
stormy,28.1,8,Ligeramente antes
rainy,27.9,5,Mucho antes
hot,153.0,6,Ligeramente tarde
stormy,279.0,14,Mucho antes
rainy,131.8,7,Mucho antes
rainy,157.0,5,Mucho antes
rainy,242.8,13,Mucho tarde
stormy,164.0,6,Mucho antes
cold,17.3,3,Mucho antes
rainy,113.5,9,Mucho antes
cold,7.7,0,Mucho antes
stormy,276.0,13,Mucho tarde
stormy,294.0,15,Mucho tarde
rainy,67.8,7,Mucho antes
foggy,163.9,7,Mucho antes
hot,23.8,2,Mucho antes
cold,67.1,2,Mucho antes
stormy,27.2,8,Mucho antes
clear,3.6,1,Mucho antes
stormy,196.3,10,Mucho antes
rainy,131.4,7,Ligeramente antes
hot,208.9,4,Mucho antes
stormy,290.9,15,Mucho tarde
clear,268.8,4,Mucho antes
rainy,11.8,6,Mucho tarde
cold,123.3,4,Ligeramente antes
cold,280.7,8,Ligeramente tarde
foggy,288.7,10,Mucho antes
stormy,217.4,11,Mucho tarde
foggy,76.7,3,Ligeramente antes
cold,129.8,5,Mucho antes
cold,85.4,3,Mucho antes
rainy,76.9,6,Mucho antes
rainy,78.3,6,Mucho tarde
clear,207.0,8,Mucho antes
hot,211.6,4,Mucho antes
cold,171.3,6,Mucho antes
stormy,282.2,13,Mucho tarde
foggy,228.5,9,Mucho antes
foggy,126.7,7,Mucho antes
hot,247.1,5,Mucho antes
clear,73.5,5,Mucho antes
rainy,125.2,7,Mucho antes
stormy,16.8,4,Mucho antes
clear,274.6,7,Ligeramente antes
foggy,83.5,3,Mucho antes
stormy,31.7,6,Mucho antes
foggy,232.1,7,Mucho antes
rainy,283.5,13,Mucho antes
hot,251.9,10,Mucho antes
cold,97.7,2,Mucho antes
rainy,297.1,12,Mucho antes
rainy,83.5,4,Mucho antes
rainy,69.9,6,Mucho antes
rainy,61.0,3,Mucho antes
cold,5.5,0,Mucho antes
hot,174.7,6,Mucho antes
hot,220.8,6,Mucho antes
foggy,182.9,8,Ligeramente antes
clear,160.3,6,Ligeramente tarde
clear,192.8,6,Mucho antes
cold,261.5,5,Mucho antes
rainy,93.3,8,Mucho antes
clear,143.3,4,Mucho antes
stormy,270.9,10,Mucho tarde
rainy,82.1,3,Mucho antes
clear,15.1,2,Mucho antes
foggy,100.5,4,Mucho antes
hot,199.5,6,Mucho antes
foggy,19.9,2,Mucho antes
cold,59.7,4,Mucho antes
foggy,129.9,4,Mucho antes
clear,113.2,5,Ligeramente tarde
cold,276.8,9,Mucho antes
rainy,159.4,8,Ligeramente antes
foggy,266.6,8,Mucho antes
foggy,120.6,6,Mucho antes
foggy,175.3,11,Mucho tarde
stormy,169.8,9,Mucho antes
stormy,49.1,5,Mucho antes
stormy,5.4,8,Mucho antes
rainy,81.4,9,Mucho antes
cold,16.4,1,Mucho antes
foggy,224.0,10,Mucho antes
cold,253.8,7,Mucho antes
clear,102.9,4,Mucho antes
rainy,53.5,5,Mucho antes
hot,45.7,2,Ligeramente antes
rainy,153.3,9,Mucho tarde
stormy,133.3,11,Mucho tarde
rainy,283.2,10,Mucho antes
hot,272.4,8,Ligeramente tarde
stormy,284.8,10,Mucho antes
foggy,196.2,7,Mucho antes
rainy,254.8,8,Mucho antes
cold,242.4,7,Mucho antes
hot,90.1,4,Mucho antes
foggy,185.1,12,Mucho tarde
foggy,152.4,9,Mucho tarde
hot,171.3,5,Mucho antes
clear,132.4,4,Mucho antes
hot,75.6,5,Mucho antes
hot,238.9,6,Mucho antes
hot,47.1,2,Ligeramente antes
foggy,81.7,3,Mucho antes
foggy,244.9,8,Mucho antes
cold,269.4,9,Mucho antes
hot,280.7,12,Mucho antes
hot,286.3,11,Mucho antes
foggy,44.3,4,Mucho antes
stormy,162.3,9,Mucho tarde
foggy,54.6,2,Mucho antes
clear,146.4,5,Ligeramente tarde
hot,221.8,8,Ligeramente antes
stormy,292.6,10,Mucho tarde
stormy,290.7,10,Ligeramente tarde
stormy,173.7,7,Mucho antes
hot,118.3,3,Mucho antes
cold,108.5,6,Mucho antes
hot,164.5,6,Mucho antes
hot,36.1,3,Mucho antes
hot,113.9,5,Mucho antes
cold,40.9,2,Mucho antes
clear,19.5,1,Mucho antes
hot,288.3,10,Mucho antes
clear,96.0,2,Ligeramente antes
foggy,142.4,6,Mucho antes
clear,209.1,6,Mucho antes
foggy,153.4,8,Mucho antes
foggy,269.9,9,Ligeramente tarde
foggy,273.0,9,Mucho antes
cold,84.1,3,Mucho antes
rainy,129.1,7,Mucho antes
clear,60.9,2,Mucho antes
clear,279.4,5,Mucho antes
hot,19.0,2,Mucho antes
rainy,242.1,10,Mucho tarde
foggy,249.5,14,Mucho antes
hot,263.7,10,Ligeramente tarde
cold,195.3,7,Ligeramente antes
clear,155.2,3,Mucho antes
hot,181.5,7,Ligeramente tarde
foggy,58.2,6,Mucho tarde
stormy,53.5,8,Mucho antes
rainy,237.9,11,Mucho antes
clear,164.0,5,Mucho antes
hot,279.7,10,Ligeramente tarde
stormy,81.0,9,Mucho antes
foggy,85.5,7,Mucho tarde
foggy,153.6,8,Mucho antes
stormy,24.6,8,Ligeramente antes
foggy,223.0,9,Mucho tarde
cold,50.9,3,Mucho antes
rainy,169.1,8,Mucho tarde
stormy,30.5,6,Mucho tarde
stormy,123.3,11,Mucho tarde
rainy,168.0,5,Ligeramente antes
rainy,159.5,8,Mucho antes
stormy,292.6,14,Mucho tarde
foggy,201.4,9,Mucho antes
cold,160.4,7,Ligeramente tarde
rainy,196.4,11,Mucho antes
stormy,222.1,8,Mucho antes
foggy,286.5,11,Mucho antes
foggy,45.0,6,Mucho antes
stormy,214.5,9,Mucho antes
hot,4.8,2,Mucho antes
rainy,3.6,5,Mucho antes
stormy,214.4,10,Mucho antes
cold,166.7,7,Mucho antes
cold,240.1,7,Mucho antes
stormy,113.9,6,Ligeramente tarde
clear,46.6,2,Mucho antes
cold,193.4,7,Ligeramente tarde
cold,156.7,6,Ligeramente tarde
cold,90.2,4,Ligeramente tarde
hot,140.2,5,Ligeramente tarde
clear,165.0,4,Ligeramente antes
stormy,62.6,7,Mucho antes
rainy,220.4,7,Ligeramente antes
hot,182.6,6,Mucho antes
clear,20.7,2,Mucho antes
clear,150.7,5,Mucho antes
hot,81.7,4,Mucho antes
rainy,266.7,12,Mucho antes
clear,135.7,4,Ligeramente antes
clear,43.9,3,Mucho antes
rainy,200.1,11,Mucho tarde
foggy,80.0,5,Mucho antes
hot,287.8,10,Mucho tarde
stormy,11.5,6,Mucho antes
foggy,40.2,4,Mucho antes
cold,297.1,6,Mucho antes
hot,284.5,11,Mucho tarde
foggy,19.2,1,Mucho antes
cold,114.3,2,Mucho antes
hot,282.2,7,Ligeramente antes
foggy,82.0,6,Mucho antes
foggy,258.0,9,Mucho antes
clear,156.8,8,Ligeramente antes
hot,242.5,10,Ligeramente tarde
stormy,199.4,9,Ligeramente tarde
clear,241.5,7,Mucho antes
clear,104.0,4,Mucho antes
clear,295.4,9,Ligeramente tarde
clear,119.3,4,Mucho antes
rainy,12.4,3,Mucho antes
hot,230.6,7,Mucho antes
cold,66.1,3,Mucho antes
foggy,28.7,4,Mucho antes
stormy,205.8,9,Mucho tarde
stormy,234.1,14,Mucho tarde
stormy,190.3,9,Mucho tarde
hot,74.3,3,Mucho antes
clear,63.7,3,Mucho antes
stormy,94.6,8,Mucho antes
foggy,206.7,8,Ligeramente antes
hot,18.7,0,Mucho antes
cold,258.5,7,Mucho antes
foggy,288.9,10,Ligeramente tarde
stormy,265.6,11,Mucho tarde
rainy,127.6,6,Mucho antes
clear,158.6,3,Mucho antes
clear,154.7,5,Mucho antes
cold,179.5,8,Ligeramente antes
rainy,256.6,12,Mucho antes
clear,259.8,6,Ligeramente antes
rainy,94.0,6,Mucho tarde
stormy,34.2,4,Mucho antes
foggy,167.2,6,Mucho antes
clear,12.5,2,Mucho antes
foggy,203.6,10,Mucho tarde
cold,214.2,7,Ligeramente antes
foggy,201.7,9,Mucho tarde
cold,78.3,3,Mucho antes
foggy,223.0,5,Mucho antes
rainy,88.5,3,Mucho antes
stormy,127.9,7,Ligeramente antes
cold,210.0,7,Ligeramente antes
hot,93.8,3,Ligeramente antes
cold,266.2,6,Mucho antes
clear,98.5,4,Mucho antes
hot,258.2,7,Mucho antes
clear,282.1,10,Mucho tarde
hot,113.0,5,Mucho antes
rainy,16.4,6,Mucho tarde
hot,76.9,2,Mucho antes
foggy,231.3,8,Ligeramente antes
clear,29.5,0,Mucho antes
hot,262.8,5,Mucho antes
foggy,180.0,6,Mucho antes
clear,239.3,4,Mucho antes
rainy,228.0,7,Ligeramente antes
rainy,226.2,12,Mucho tarde
rainy,8.3,3,Ligeramente tarde
foggy,221.9,10,Mucho antes
foggy,203.6,8,Ligeramente antes
rainy,180.9,6,Ligeramente tarde
rainy,257.2,11,Mucho antes
hot,159.2,4,Ligeramente antes
stormy,171.6,9,Mucho tarde
rainy,155.8,5,Mucho antes
foggy,223.6,9,Mucho antes
cold,279.2,7,Mucho antes
clear,180.2,7,Ligeramente antes
cold,106.7,3,Mucho antes
clear,154.0,5,Mucho antes
rainy,283.8,15,Ligeramente antes
stormy,55.8,8,Ligeramente antes
rainy,272.0,12,Mucho tarde
cold,249.7,10,Mucho tarde
hot,111.2,2,Mucho antes
stormy,263.4,16,Ligeramente antes
foggy,225.0,11,Mucho tarde
cold,284.6,9,Mucho antes
foggy,153.1,8,Mucho antes
cold,215.3,9,Ligeramente tarde
cold,106.6,5,Ligeramente tarde
hot,115.4,6,Mucho antes
hot,54.9,3,Ligeramente antes
stormy,173.1,7,Ligeramente antes
cold,3.6,2,Mucho antes
stormy,275.7,14,Mucho tarde
cold,100.1,4,Ligeramente antes
rainy,187.1,10,Mucho antes
foggy,292.3,14,Mucho antes
clear,126.1,7,Mucho antes
clear,22.4,1,Ligeramente antes
rainy,113.2,7,Mucho tarde
cold,294.2,7,Ligeramente antes
rainy,287.4,10,Mucho tarde
hot,205.0,5,Mucho antes
rainy,204.3,7,Ligeramente antes
hot,145.5,3,Mucho antes
rainy,151.9,8,Mucho tarde
foggy,166.4,10,Mucho antes
hot,119.5,5,Ligeramente tarde
cold,245.3,9,Mucho antes
foggy,272.6,10,Mucho tarde
stormy,258.9,13,Mucho tarde
stormy,85.5,6,Mucho tarde
foggy,61.1,3,Ligeramente antes
foggy,292.7,12,Mucho antes
cold,47.9,3,Mucho antes
foggy,112.6,4,Mucho antes
hot,16.0,1,Mucho antes
foggy,63.8,4,Mucho antes
stormy,128.8,11,Mucho antes
stormy,19.3,6,Mucho antes
rainy,172.7,6,Mucho antes
rainy,129.7,4,Ligeramente antes
hot,129.8,5,Ligeramente tarde
cold,229.0,8,Mucho antes
hot,119.2,5,Mucho antes
stormy,21.5,7,Ligeramente antes
cold,205.3,4,Mucho antes
hot,209.5,3,Mucho antes
cold,154.6,6,Mucho antes
foggy,3.6,5,Mucho antes
hot,284.7,6,Mucho antes
cold,91.9,5,Ligeramente tarde
hot,92.5,3,Mucho antes
foggy,56.3,5,Mucho antes
hot,191.4,8,Ligeramente antes
cold,179.0,3,Mucho antes
stormy,266.7,17,Mucho tarde
rainy,188.0,8,Mucho tarde
rainy,82.2,6,Mucho antes
cold,235.7,5,Mucho antes
rainy,87.6,6,Mucho antes
cold,268.9,4,Mucho antes
stormy,32.8,6,Mucho tarde
rainy,127.9,6,Mucho antes
rainy,294.0,13,Mucho tarde
clear,227.0,9,Mucho antes
stormy,104.0,7,Mucho tarde
hot,223.8,4,Mucho antes
hot,5.5,1,Mucho antes
stormy,6.3,7,Mucho antes
stormy,122.1,9,Mucho tarde
rainy,287.6,10,Mucho antes
hot,170.5,5,Mucho antes
stormy,31.2,4,Ligeramente tarde
cold,173.7,7,Ligeramente antes
cold,270.8,12,Mucho tarde
cold,172.7,7,Ligeramente tarde
cold,85.7,5,Mucho antes
hot,292.0,8,Ligeramente antes
rainy,282.4,8,Mucho antes
rainy,141.9,7,Mucho antes
hot,251.4,9,Mucho antes
rainy,92.8,7,Mucho tarde
stormy,67.0,6,Mucho tarde
hot,136.0,2,Mucho antes
rainy,267.1,8,Mucho antes
clear,229.9,6,Ligeramente antes
clear,297.1,12,Mucho tarde
hot,236.6,6,Mucho antes
clear,236.0,5,Mucho antes
hot,254.0,9,Mucho antes
clear,14.2,3,Mucho antes
hot,214.4,5,Ligeramente antes
stormy,24.4,4,Mucho antes
rainy,150.1,5,Ligeramente antes
rainy,143.9,8,Mucho antes
stormy,226.4,14,Mucho tarde
stormy,282.1,11,Mucho tarde
cold,52.5,3,Ligeramente antes
hot,279.8,5,Mucho antes
stormy,213.2,11,Mucho tarde
clear,184.1,5,Ligeramente antes
cold,222.0,10,Mucho antes
foggy,66.5,5,Mucho antes
cold,19.5,2,Mucho antes
rainy,65.1,7,Mucho tarde
foggy,106.6,5,Mucho antes
stormy,129.3,9,Mucho tarde
hot,37.0,2,Mucho antes
clear,227.1,5,Ligeramente antes
hot,166.0,4,Ligeramente antes
stormy,198.7,9,Mucho tarde
hot,26.5,1,Mucho antes
stormy,150.6,9,Mucho antes
stormy,262.5,12,Mucho tarde
stormy,258.2,14,Mucho antes
stormy,210.7,11,Mucho tarde
clear,182.2,8,Mucho antes
foggy,277.4,9,Mucho antes
cold,33.0,2,Ligeramente antes
rainy,13.1,3,Ligeramente tarde
foggy,218.4,9,Mucho tarde
rainy,106.8,3,Ligeramente antes
foggy,40.7,3,Mucho antes
hot,281.0,9,Ligeramente tarde
hot,7.0,2,Mucho antes
clear,237.1,8,Ligeramente tarde
cold,121.5,4,Ligeramente antes
stormy,114.7,9,Mucho antes
hot,124.4,3,Mucho antes
hot,105.5,4,Mucho antes
hot,33.4,3,Mucho antes
cold,213.2,5,Ligeramente antes
hot,155.6,5,Mucho antes
cold,119.7,4,Mucho antes
hot,160.4,4,Mucho antes
cold,144.3,7,Ligeramente antes
stormy,74.4,8,Ligeramente antes
rainy,47.4,4,Mucho antes
stormy,240.1,8,Ligeramente tarde
clear,214.7,7,Mucho antes
foggy,58.5,5,Mucho antes
hot,37.5,2,Ligeramente antes
hot,165.4,5,Ligeramente antes
foggy,196.1,8,Mucho tarde
foggy,176.0,8,Mucho antes
stormy,83.0,9,Mucho antes
clear,219.8,4,Mucho antes
stormy,64.3,7,Mucho antes
foggy,154.2,6,Mucho antes
hot,57.9,1,Mucho antes
stormy,105.7,8,Ligeramente antes
rainy,150.2,9,Mucho antes
stormy,172.2,8,Ligeramente antes
foggy,33.4,2,Mucho antes
stormy,107.7,8,Mucho antes
stormy,161.8,12,Mucho tarde
foggy,239.5,8,Mucho antes
stormy,78.3,6,Mucho antes
rainy,237.3,7,Mucho antes
foggy,289.4,8,Ligeramente antes
hot,194.5,4,Mucho antes
stormy,221.8,7,Mucho antes
clear,240.8,9,Mucho antes
foggy,260.0,7,Mucho antes
rainy,30.2,2,Mucho antes
cold,95.4,4,Mucho antes
cold,152.4,4,Mucho antes
clear,101.2,6,Mucho antes
foggy,67.0,3,Mucho antes
stormy,274.5,15,Ligeramente antes
foggy,231.2,12,Mucho antes
hot,67.8,4,Mucho antes
clear,73.1,5,Mucho antes
cold,190.1,10,Mucho antes
rainy,140.5,12,Mucho antes
rainy,93.0,9,Mucho antes
foggy,250.6,8,Mucho antes
cold,280.2,6,Mucho antes
rainy,109.4,9,Mucho antes
rainy,194.1,11,Mucho antes
rainy,101.3,7,Ligeramente antes
clear,286.5,9,Mucho antes
cold,122.0,7,Ligeramente antes
stormy,63.0,8,Ligeramente antes
stormy,120.2,7,Mucho tarde
clear,96.2,4,Mucho antes
clear,153.3,3,Mucho antes
rainy,28.9,4,Ligeramente tarde
cold,185.8,5,Ligeramente antes
stormy,232.4,13,Mucho tarde
hot,79.7,5,Mucho antes
rainy,75.9,5,Ligeramente tarde
clear,100.9,4,Mucho antes
rainy,154.5,6,Ligeramente tarde
rainy,31.8,5,Mucho antes
stormy,166.2,10,Mucho antes
rainy,198.5,6,Mucho antes
cold,293.7,7,Mucho antes
hot,289.6,12,Mucho antes
foggy,96.0,5,Mucho antes
stormy,200.3,10,Ligeramente tarde
hot,220.1,8,Mucho antes
hot,249.8,7,Ligeramente antes
clear,26.6,2,Ligeramente antes
stormy,39.7,7,Ligeramente antes
foggy,90.2,6,Mucho antes
rainy,81.0,4,Mucho antes
stormy,234.9,8,Ligeramente tarde
rainy,244.7,12,Mucho antes
rainy,140.8,11,Mucho antes
stormy,143.2,10,Mucho antes
clear,156.1,5,Mucho antes
foggy,10.5,4,Mucho antes
hot,119.8,4,Ligeramente antes
foggy,28.4,4,Mucho antes
rainy,40.8,3,Mucho antes
rainy,205.8,8,Mucho antes
foggy,163.8,9,Ligeramente tarde
hot,131.2,7,Ligeramente antes
clear,227.9,9,Mucho antes
stormy,174.7,10,Ligeramente tarde
hot,79.5,3,Mucho antes
rainy,199.3,6,Mucho antes
hot,86.9,4,Mucho antes
foggy,34.2,5,Mucho antes
clear,286.7,8,Ligeramente antes
hot,250.2,10,Ligeramente tarde
hot,164.7,4,Mucho antes
hot,29.6,2,Mucho antes
clear,128.2,3,Mucho antes
foggy,173.2,6,Mucho antes
rainy,100.4,5,Mucho antes
stormy,58.6,6,Mucho antes
foggy,152.7,8,Mucho antes
stormy,266.2,16,Mucho antes
cold,95.9,3,Mucho antes
clear,261.8,8,Ligeramente antes
rainy,114.6,7,Mucho tarde
stormy,85.1,7,Mucho antes
cold,259.5,6,Ligeramente antes
clear,29.1,1,Mucho antes
cold,229.5,6,Mucho antes
hot,143.2,3,Mucho antes
rainy,24.7,2,Mucho antes
hot,202.6,10,Ligeramente tarde
stormy,111.7,7,Ligeramente antes
clear,227.3,9,Mucho antes
clear,154.8,5,Mucho antes
rainy,241.7,7,Mucho antes
stormy,8.1,4,Mucho antes
hot,146.1,5,Mucho antes
clear,150.5,8,Mucho antes
stormy,256.7,13,Mucho antes
hot,257.6,8,Ligeramente tarde
foggy,144.5,8,Mucho antes
rainy,83.5,8,Ligeramente antes
rainy,132.6,8,Ligeramente antes
foggy,217.8,7,Ligeramente tarde
rainy,24.0,6,Mucho tarde
stormy,293.2,14,Mucho tarde
clear,191.7,6,Mucho antes
hot,128.6,3,Mucho antes
cold,178.6,6,Ligeramente tarde
rainy,268.2,12,Mucho antes
hot,121.3,6,Mucho antes
hot,68.7,2,Ligeramente antes
stormy,200.7,8,Ligeramente tarde
rainy,17.4,4,Mucho antes
cold,113.4,4,Mucho antes
stormy,63.3,7,Mucho antes
foggy,225.8,9,Ligeramente tarde
rainy,257.8,12,Mucho tarde
cold,241.8,8,Ligeramente antes
hot,31.6,0,Mucho antes
cold,43.6,3,Mucho antes
hot,279.1,9,Ligeramente tarde
clear,186.6,6,Mucho antes
hot,83.0,3,Mucho antes
cold,180.0,6,Mucho antes
clear,219.1,6,Mucho antes
hot,202.3,5,Ligeramente antes
hot,110.8,3,Ligeramente antes
foggy,185.9,8,Ligeramente antes
cold,27.3,0,Mucho antes
foggy,274.4,11,Mucho tarde
foggy,240.4,10,Mucho antes
clear,264.5,6,Ligeramente antes
foggy,78.9,5,Mucho antes
hot,72.0,4,Mucho antes
stormy,168.8,7,Mucho antes
rainy,113.2,9,Mucho tarde
hot,60.2,3,Mucho antes
foggy,239.4,5,Ligeramente antes
foggy,26.6,1,Ligeramente antes
stormy,8.9,5,Mucho tarde
clear,248.8,9,Mucho antes
stormy,66.2,8,Mucho antes
hot,263.1,8,Ligeramente antes
rainy,167.8,9,Mucho antes
stormy,181.3,10,Mucho antes
clear,7.2,0,Mucho antes
hot,133.0,3,Ligeramente antes
hot,274.3,10,Mucho antes
hot,223.8,5,Ligeramente antes
foggy,78.0,6,Mucho antes
stormy,13.2,6,Mucho antes
hot,43.5,3,Mucho antes
foggy,238.5,10,Mucho antes
foggy,148.7,8,Mucho tarde
rainy,146.6,6,Mucho antes
foggy,257.7,8,Mucho antes
hot,137.2,5,Mucho antes
cold,134.4,6,Mucho antes
rainy,20.1,4,Mucho antes
rainy,236.9,10,Mucho antes
clear,134.0,4,Mucho antes
foggy,282.3,9,Mucho antes
hot,68.4,4,Mucho antes
foggy,57.7,3,Mucho antes
clear,3.6,0,Mucho antes
rainy,207.2,13,Mucho tarde
rainy,162.0,8,Mucho antes
rainy,85.7,8,Mucho antes
hot,99.9,3,Mucho antes
cold,91.6,4,Mucho antes
foggy,115.7,6,Mucho antes
clear,92.7,3,Mucho antes
cold,131.5,4,Mucho antes
hot,254.0,5,Mucho antes
hot,159.7,7,Mucho antes
clear,233.2,5,Mucho antes
clear,172.2,5,Ligeramente antes
clear,83.7,3,Mucho antes
cold,290.8,9,Mucho antes
hot,56.0,2,Mucho antes
cold,285.0,10,Mucho antes
stormy,280.9,18,Ligeramente tarde
foggy,56.1,2,Mucho antes
foggy,49.5,3,Mucho antes
clear,88.5,4,Mucho antes
rainy,182.6,9,Ligeramente tarde
stormy,129.5,9,Ligeramente tarde
foggy,255.5,11,Mucho antes
stormy,294.2,11,Mucho antes
cold,133.6,4,Mucho antes
clear,5.3,0,Mucho antes
hot,293.1,6,Mucho antes
cold,126.9,4,Mucho antes
cold,151.2,5,Mucho antes
rainy,188.4,8,Ligeramente antes
rainy,229.1,7,Ligeramente antes
stormy,144.8,9,Mucho antes
foggy,12.6,5,Mucho tarde
stormy,187.1,11,Mucho antes
hot,135.3,5,Mucho antes
clear,163.0,4,Mucho antes
cold,83.1,3,Mucho antes
clear,3.6,1,Ligeramente antes
stormy,40.3,7,Ligeramente antes
cold,174.8,5,Mucho antes
clear,194.0,8,Mucho antes
foggy,38.2,4,Mucho antes
foggy,131.7,7,Mucho antes
foggy,189.0,6,Mucho antes
cold,128.4,3,Ligeramente antes
clear,209.9,7,Mucho antes
hot,280.3,9,Mucho antes
clear,98.6,4,Mucho antes
cold,238.1,5,Mucho antes
cold,72.0,3,Mucho antes
hot,173.8,6,Mucho antes
cold,262.5,6,Mucho antes
clear,263.5,10,Mucho antes
clear,125.6,4,Mucho antes
rainy,247.8,9,Mucho antes
foggy,142.0,5,Mucho antes
foggy,194.5,9,Mucho antes
clear,160.0,6,Ligeramente tarde
clear,168.5,4,Ligeramente antes
hot,21.2,3,Mucho antes
hot,254.6,4,Mucho antes
hot,93.1,5,Mucho antes
foggy,33.2,2,Mucho antes
cold,109.0,5,Mucho antes
rainy,25.2,7,Mucho antes
hot,9.1,0,Mucho antes
rainy,112.9,7,Mucho antes
stormy,149.8,7,Mucho antes
cold,270.4,5,Mucho antes
clear,116.9,4,Ligeramente antes
hot,242.6,10,Ligeramente tarde
stormy,187.4,8,Mucho antes
rainy,139.9,11,Mucho tarde
cold,15.2,0,Mucho antes
hot,255.8,4,Mucho antes
hot,185.6,9,Mucho antes
cold,65.9,3,Mucho antes
cold,83.9,4,Mucho antes
hot,223.6,5,Mucho antes
rainy,245.4,8,Ligeramente antes
foggy,218.2,9,Mucho antes
foggy,63.2,4,Mucho antes
rainy,22.9,5,Mucho tarde
rainy,131.8,3,Mucho antes
hot,162.3,7,Mucho antes
stormy,162.6,8,Mucho antes
clear,165.8,3,Mucho antes
hot,213.1,7,Ligeramente antes
rainy,170.8,9,Ligeramente tarde
clear,71.8,3,Mucho antes
clear,12.8,2,Mucho antes
clear,144.5,6,Mucho antes
rainy,57.6,3,Mucho antes
stormy,123.3,7,Mucho antes
rainy,69.4,6,Mucho tarde
cold,145.4,4,Mucho antes
foggy,70.9,6,Mucho antes
clear,91.0,4,Mucho antes
clear,57.9,1,Mucho antes
rainy,179.0,8,Mucho antes
stormy,205.5,13,Mucho tarde
stormy,162.1,11,Mucho antes
cold,297.1,7,Mucho antes
clear,128.4,2,Mucho antes
clear,56.0,2,Mucho antes
stormy,247.7,12,Mucho tarde
hot,136.7,4,Mucho antes
foggy,114.6,3,Mucho antes
rainy,161.9,7,Mucho antes
foggy,41.4,3,Mucho antes
stormy,273.8,14,Mucho tarde
foggy,246.9,8,Ligeramente antes
clear,278.5,8,Ligeramente antes
clear,143.1,5,Mucho antes
cold,100.1,3,Mucho antes
foggy,43.0,5,Mucho antes
clear,199.8,6,Mucho antes
foggy,71.4,7,Mucho antes
rainy,91.8,5,Ligeramente tarde
rainy,5.4,1,Mucho antes
stormy,288.6,15,Mucho tarde
hot,253.1,6,Mucho antes
hot,215.0,4,Mucho antes
cold,227.3,6,Mucho antes
foggy,249.6,11,Mucho tarde
hot,67.1,4,Mucho antes
rainy,140.8,9,Mucho antes
stormy,132.0,9,Ligeramente tarde
stormy,14.0,2,Mucho antes
foggy,184.4,8,Ligeramente antes
cold,39.8,3,Mucho antes
cold,171.8,6,Mucho antes
stormy,224.9,15,Ligeramente antes
rainy,31.2,3,Mucho antes
rainy,53.0,4,Mucho antes
stormy,261.4,10,Ligeramente tarde
cold,218.1,5,Ligeramente antes
clear,235.2,9,Mucho antes
hot,47.3,1,Mucho antes
stormy,205.9,14,Mucho antes
stormy,42.1,8,Mucho tarde
clear,125.6,4,Ligeramente antes
rainy,13.4,2,Mucho antes
foggy,98.9,5,Mucho antes
rainy,290.4,11,Mucho tarde
stormy,209.0,11,Mucho antes
foggy,12.2,4,Mucho antes
stormy,230.4,12,Mucho tarde
stormy,117.3,7,Mucho tarde
cold,88.0,4,Mucho antes
foggy,58.4,5,Mucho antes
foggy,126.9,5,Mucho antes
stormy,78.3,7,Mucho antes
stormy,275.9,12,Mucho antes
clear,210.6,7,Mucho antes
rainy,273.9,10,Mucho tarde
hot,11.5,0,Mucho antes
clear,13.7,1,Mucho antes
rainy,188.7,6,Mucho antes
hot,185.1,5,Ligeramente antes
cold,215.8,6,Mucho antes
cold,170.3,6,Mucho antes
hot,11.5,1,Mucho antes
rainy,206.8,10,Mucho antes
hot,249.0,10,Mucho antes
foggy,210.8,8,Mucho antes
rainy,246.4,13,Mucho antes
rainy,133.6,9,Ligeramente tarde
rainy,32.1,3,Mucho antes
stormy,269.4,13,Mucho antes
hot,229.6,11,Mucho antes
stormy,161.6,10,Mucho antes
cold,43.3,3,Ligeramente tarde
rainy,51.8,5,Mucho antes
stormy,58.8,5,Mucho antes
hot,47.0,2,Ligeramente antes
foggy,246.3,7,Mucho antes
hot,134.4,5,Ligeramente tarde
stormy,88.0,7,Mucho antes
rainy,101.4,8,Mucho tarde
hot,81.2,1,Mucho antes
clear,159.6,3,Mucho antes
hot,134.6,4,Mucho antes
rainy,269.8,10,Mucho antes
foggy,53.0,4,Mucho antes
hot,257.1,7,Mucho antes
hot,94.6,4,Ligeramente tarde
foggy,293.1,8,Ligeramente tarde
stormy,207.5,6,Mucho antes
clear,278.2,10,Mucho antes
cold,270.6,5,Mucho antes
rainy,146.9,7,Mucho antes
hot,129.2,5,Ligeramente tarde
stormy,53.1,6,Mucho antes
foggy,104.6,4,Ligeramente antes
foggy,91.5,3,Mucho antes
hot,105.3,3,Mucho antes
rainy,54.3,5,Ligeramente tarde
stormy,64.1,8,Ligeramente antes
clear,242.9,9,Ligeramente tarde
stormy,238.3,13,Mucho tarde
clear,258.6,9,Mucho antes
rainy,54.8,5,Ligeramente tarde
hot,285.8,11,Mucho tarde
hot,75.8,3,Mucho antes
clear,59.0,3,Mucho antes
clear,40.6,3,Mucho antes
clear,41.8,3,Ligeramente tarde
rainy,82.4,8,Mucho tarde
rainy,294.2,14,Mucho tarde
foggy,216.4,10,Mucho antes
stormy,160.6,13,Mucho tarde
hot,104.9,4,Mucho antes
clear,177.5,5,Mucho antes
foggy,141.5,7,Ligeramente antes
clear,268.4,6,Ligeramente antes
stormy,81.7,7,Ligeramente antes
cold,57.7,2,Mucho antes
cold,83.4,4,Mucho antes
clear,224.8,6,Mucho antes
hot,166.8,4,Ligeramente antes
hot,217.2,6,Mucho antes
hot,148.2,3,Mucho antes
clear,122.6,5,Ligeramente tarde
clear,77.1,3,Ligeramente antes
foggy,242.0,7,Mucho antes
clear,106.9,2,Mucho antes
foggy,13.3,4,Ligeramente tarde
rainy,90.2,5,Mucho antes
cold,47.8,2,Mucho antes
cold,168.0,5,Mucho antes
rainy,150.4,6,Ligeramente tarde
hot,144.4,4,Mucho antes
clear,76.1,5,Mucho antes
foggy,31.5,5,Mucho antes
cold,37.0,1,Ligeramente antes
cold,107.3,2,Mucho antes
foggy,188.6,8,Mucho antes
stormy,6.1,6,Mucho antes
clear,3.6,2,Mucho antes
hot,40.1,3,Mucho antes
rainy,152.6,7,Ligeramente antes
clear,100.6,3,Mucho antes
stormy,133.6,7,Mucho tarde
hot,92.6,4,Ligeramente tarde
stormy,206.3,11,Mucho antes
foggy,91.7,5,Mucho antes
rainy,62.5,6,Mucho antes
clear,229.3,7,Mucho antes
clear,289.6,6,Mucho antes
clear,168.9,7,Ligeramente tarde
foggy,18.2,2,Mucho antes
stormy,240.7,7,Mucho antes
clear,129.2,5,Ligeramente tarde
stormy,208.1,13,Mucho antes
hot,175.4,5,Mucho antes
rainy,150.7,5,Mucho antes
foggy,111.0,7,Mucho antes
rainy,63.1,6,Mucho antes
hot,116.2,3,Mucho antes
foggy,49.2,2,Mucho antes
hot,201.9,7,Mucho antes
clear,27.3,1,Mucho antes
cold,214.9,7,Ligeramente antes
cold,239.7,7,Ligeramente antes
hot,184.7,7,Mucho antes
hot,247.3,4,Mucho antes
hot,103.9,2,Mucho antes
rainy,150.4,8,Mucho antes
clear,151.3,3,Mucho antes
cold,191.5,6,Mucho antes
clear,141.6,5,Mucho antes
stormy,18.8,7,Mucho tarde
clear,155.0,3,Mucho antes
rainy,9.2,3,Mucho antes
rainy,131.5,9,Mucho antes
hot,10.7,0,Mucho antes
clear,145.0,6,Mucho antes
clear,112.1,2,Mucho antes
rainy,153.3,9,Mucho tarde
foggy,159.6,6,Mucho antes
rainy,238.3,14,Mucho antes
hot,282.8,5,Mucho antes
foggy,74.9,6,Mucho tarde
cold,273.8,7,Ligeramente antes
cold,113.4,6,Mucho antes
rainy,50.1,7,Mucho antes
hot,181.0,3,Mucho antes
stormy,118.2,9,Mucho tarde
stormy,96.8,7,Mucho antes
cold,187.5,9,Mucho tarde
rainy,209.0,7,Ligeramente antes
cold,134.7,2,Mucho antes
stormy,84.0,9,Mucho tarde
clear,236.1,8,Mucho antes
foggy,194.5,8,Ligeramente antes
clear,189.3,5,Mucho antes
rainy,275.8,11,Mucho antes
rainy,297.1,12,Mucho antes
stormy,14.9,4,Mucho antes
clear,77.1,4,Ligeramente tarde
clear,243.4,5,Ligeramente antes
cold,31.1,3,Mucho antes
foggy,9.4,4,Mucho antes
clear,99.6,3,Ligeramente antes
hot,236.5,7,Mucho antes
cold,123.8,6,Mucho antes
rainy,65.0,7,Mucho tarde
rainy,51.9,5,Mucho antes
stormy,165.7,7,Ligeramente antes
clear,106.1,4,Ligeramente antes
cold,189.2,6,Mucho antes
foggy,238.0,11,Mucho tarde
rainy,3.6,5,Mucho antes
hot,98.0,2,Mucho antes
foggy,164.3,5,Ligeramente antes
clear,203.1,6,Mucho antes
foggy,91.9,4,Mucho antes
cold,142.7,4,Mucho antes
foggy,32.5,4,Ligeramente tarde
rainy,30.1,5,Mucho antes
rainy,258.4,6,Mucho antes
cold,162.2,5,Mucho antes
hot,139.4,3,Mucho antes
clear,131.8,6,Ligeramente tarde
rainy,286.0,10,Mucho antes
hot,127.3,2,Mucho antes
rainy,78.9,4,Ligeramente tarde
foggy,29.6,4,Mucho antes
cold,241.3,5,Mucho antes
hot,283.5,7,Ligeramente antes
hot,278.8,6,Mucho antes
stormy,51.7,6,Mucho antes
rainy,193.6,9,Mucho antes
rainy,160.1,9,Mucho tarde
hot,123.0,2,Mucho antes
clear,244.4,6,Mucho antes
stormy,269.8,13,Mucho antes
foggy,41.7,4,Mucho antes
clear,3.6,0,Mucho antes
stormy,59.4,5,Mucho antes
clear,243.1,6,Ligeramente antes
cold,274.9,7,Ligeramente antes
rainy,204.5,8,Ligeramente tarde
rainy,6.3,4,Mucho antes
hot,173.9,5,Mucho antes
rainy,126.6,7,Mucho antes
foggy,234.6,9,Mucho antes
foggy,226.0,8,Mucho antes
stormy,60.4,5,Mucho antes
hot,95.7,2,Mucho antes
hot,65.6,4,Ligeramente tarde
clear,159.0,6,Mucho antes
foggy,25.5,4,Mucho antes
stormy,178.6,9,Mucho tarde
cold,144.1,5,Ligeramente tarde
stormy,168.6,11,Mucho antes
hot,251.7,6,Ligeramente antes
stormy,146.8,7,Mucho tarde
stormy,236.3,11,Mucho antes
stormy,280.7,12,Mucho antes
clear,28.2,3,Mucho antes
foggy,24.0,4,Mucho antes
cold,56.2,4,Ligeramente tarde
cold,218.4,7,Mucho antes
rainy,191.3,7,Mucho antes
foggy,181.2,9,Mucho antes
hot,202.3,5,Mucho antes
cold,138.0,4,Ligeramente antes
stormy,87.9,8,Mucho antes
stormy,56.4,5,Mucho antes
cold,281.9,8,Mucho antes
stormy,75.2,8,Mucho tarde
hot,103.0,3,Ligeramente antes
hot,216.7,5,Mucho antes
rainy,225.5,8,Mucho antes
cold,158.9,5,Mucho antes
foggy,155.8,5,Ligeramente antes
clear,290.0,11,Mucho tarde
rainy,139.3,7,Ligeramente antes
stormy,269.7,9,Ligeramente tarde
cold,296.0,10,Mucho antes
rainy,19.9,1,Mucho antes
hot,197.2,6,Mucho antes
clear,289.1,8,Ligeramente antes
stormy,133.7,10,Ligeramente tarde
cold,114.6,4,Mucho antes
stormy,113.0,9,Mucho tarde
cold,228.8,5,Ligeramente antes
cold,201.3,8,Ligeramente tarde
hot,132.3,4,Mucho antes
clear,175.9,6,Mucho antes
foggy,180.1,8,Ligeramente antes
clear,88.3,3,Ligeramente antes
hot,3.6,1,Mucho antes
clear,3.6,1,Ligeramente antes
cold,135.3,3,Mucho antes
stormy,206.2,7,Mucho antes
cold,276.7,9,Mucho antes
hot,251.9,9,Mucho antes
cold,104.4,3,Mucho antes
clear,162.3,6,Mucho antes
stormy,135.3,6,Mucho antes
cold,62.9,2,Ligeramente antes
rainy,63.1,3,Mucho antes
foggy,252.8,6,Ligeramente antes
clear,38.2,1,Ligeramente antes
stormy,22.0,3,Mucho antes
clear,83.6,4,Mucho antes
clear,147.2,5,Mucho antes
foggy,15.1,2,Mucho antes
hot,102.8,4,Mucho antes
clear,249.1,6,Mucho antes
cold,111.7,3,Ligeramente antes
hot,178.6,6,Mucho antes
cold,288.5,13,Mucho tarde
hot,211.4,6,Mucho antes
hot,204.5,4,Mucho antes
hot,291.5,12,Mucho antes
hot,28.9,3,Mucho antes
clear,281.0,6,Ligeramente antes
stormy,46.5,7,Ligeramente antes
rainy,11.6,3,Mucho antes
rainy,140.1,9,Mucho tarde
cold,265.5,9,Mucho antes
cold,94.7,3,Mucho antes
cold,28.1,3,Mucho antes
clear,6.7,3,Mucho antes
cold,118.1,5,Mucho antes
clear,295.4,7,Mucho antes
cold,203.8,5,Mucho antes
clear,153.0,6,Mucho antes
clear,62.4,2,Mucho antes
clear,285.2,12,Mucho antes
hot,13.6,2,Mucho antes
hot,11.4,2,Mucho antes
rainy,90.2,6,Mucho antes
hot,137.0,4,Mucho antes
rainy,267.0,10,Mucho antes
cold,213.9,7,Mucho antes
foggy,119.3,6,Mucho antes
stormy,195.4,10,Mucho antes
hot,217.7,6,Mucho antes
foggy,56.9,5,Ligeramente tarde
foggy,102.2,6,Mucho antes
stormy,73.1,7,Mucho antes
rainy,249.2,11,Mucho tarde
foggy,266.4,8,Ligeramente tarde
cold,268.5,11,Mucho tarde
stormy,178.1,9,Mucho tarde
rainy,107.2,6,Mucho antes
cold,152.9,5,Ligeramente antes
hot,263.9,6,Ligeramente antes
cold,204.7,6,Ligeramente antes
hot,250.1,10,Mucho antes
clear,27.3,2,Mucho antes
clear,159.5,4,Mucho antes
clear,244.3,7,Ligeramente antes
foggy,159.7,5,Mucho antes
foggy,92.3,5,Mucho antes
clear,106.2,4,Mucho antes
clear,20.7,1,Ligeramente antes
hot,264.4,7,Mucho antes
hot,209.2,7,Mucho antes
hot,270.8,8,Mucho antes
stormy,49.7,7,Mucho antes
rainy,70.9,7,Mucho antes
stormy,163.5,7,Mucho antes
hot,28.7,2,Mucho antes
hot,187.0,3,Mucho antes
foggy,97.8,4,Mucho antes
rainy,51.3,6,Mucho tarde
stormy,102.8,9,Ligeramente tarde
cold,282.9,7,Ligeramente antes
hot,183.4,10,Ligeramente tarde
hot,186.9,6,Mucho antes
cold,228.5,6,Mucho antes
hot,249.4,9,Mucho antes
foggy,174.8,6,Mucho antes
hot,136.9,4,Ligeramente antes
hot,30.2,1,Ligeramente antes
foggy,232.5,9,Mucho antes
rainy,73.6,8,Mucho tarde
foggy,49.0,3,Mucho antes
foggy,280.5,12,Mucho antes
hot,199.8,5,Mucho antes
clear,178.0,6,Mucho antes
hot,207.6,5,Mucho antes
foggy,106.7,5,Ligeramente tarde
clear,265.5,7,Mucho antes
foggy,150.0,7,Ligeramente antes
hot,163.6,5,Mucho antes
cold,102.0,2,Mucho antes
hot,293.7,9,Ligeramente tarde
rainy,148.1,8,Mucho antes
stormy,11.6,7,Mucho tarde
cold,269.4,7,Mucho antes
foggy,125.4,5,Mucho antes
rainy,176.6,8,Mucho antes
stormy,80.5,9,Mucho antes
stormy,10.7,6,Mucho tarde
rainy,29.1,4,Ligeramente tarde
rainy,86.5,8,Mucho antes
cold,250.1,7,Mucho antes
cold,297.1,5,Mucho antes
cold,34.2,1,Ligeramente antes
foggy,193.7,6,Mucho antes
cold,280.9,6,Ligeramente antes
rainy,93.7,5,Mucho antes
rainy,278.2,9,Mucho antes
rainy,140.5,8,Ligeramente antes
hot,104.5,2,Mucho antes
hot,244.8,7,Ligeramente antes
stormy,31.4,7,Mucho tarde
cold,146.9,4,Mucho antes
rainy,62.0,5,Mucho antes
hot,139.0,6,Ligeramente tarde
cold,158.6,4,Mucho antes
stormy,187.7,11,Mucho antes
stormy,43.4,8,Ligeramente antes
cold,241.5,7,Ligeramente antes
clear,275.7,8,Ligeramente tarde
stormy,265.6,12,Mucho antes
stormy,172.6,11,Mucho antes
rainy,202.6,6,Mucho antes
clear,272.1,8,Ligeramente antes
rainy,33.0,6,Mucho antes
hot,212.3,8,Mucho antes
stormy,171.0,7,Ligeramente antes
hot,215.7,7,Mucho antes
hot,59.7,2,Mucho antes
hot,89.9,4,Mucho antes
hot,275.1,6,Ligeramente antes
clear,28.9,1,Ligeramente antes
clear,277.7,5,Mucho antes
clear,216.5,5,Ligeramente antes
foggy,77.8,3,Mucho antes
clear,208.6,7,Ligeramente tarde
clear,270.0,7,Ligeramente antes
stormy,61.3,8,Mucho tarde
cold,207.7,6,Ligeramente antes
rainy,288.4,9,Ligeramente tarde
clear,76.5,4,Mucho antes
clear,274.8,8,Ligeramente antes
cold,39.6,1,Ligeramente antes
cold,218.5,5,Mucho antes
foggy,15.3,2,Mucho antes
foggy,159.2,7,Mucho antes
stormy,17.3,5,Mucho tarde
foggy,293.1,8,Ligeramente antes
hot,251.9,6,Mucho antes
stormy,258.6,13,Mucho tarde
cold,277.7,6,Mucho antes
foggy,216.4,6,Mucho antes
hot,87.8,3,Mucho antes
rainy,297.1,11,Mucho antes
stormy,105.6,8,Ligeramente antes
hot,261.3,6,Mucho antes
rainy,225.5,8,Mucho antes
stormy,191.0,12,Mucho tarde
rainy,201.9,8,Ligeramente antes
cold,3.6,1,Mucho antes
hot,172.4,6,Mucho antes
foggy,29.4,3,Mucho antes
foggy,297.1,10,Mucho antes
hot,64.0,2,Mucho antes
hot,254.8,5,Mucho antes
cold,237.5,9,Mucho antes
hot,201.6,6,Mucho antes
foggy,173.2,6,Mucho antes
rainy,129.0,8,Mucho tarde
hot,229.1,6,Mucho antes
clear,117.1,6,Mucho antes
clear,226.7,11,Mucho tarde
foggy,55.7,5,Mucho antes
cold,245.8,5,Mucho antes
rainy,231.2,8,Ligeramente tarde
hot,228.9,7,Mucho antes
clear,123.2,5,Mucho antes
stormy,210.9,14,Mucho antes
foggy,153.4,6,Mucho antes
clear,81.5,2,Mucho antes
foggy,141.4,8,Ligeramente antes
cold,120.7,5,Mucho antes
rainy,49.4,5,Mucho tarde
cold,5.5,2,Mucho antes
rainy,196.7,10,Ligeramente tarde
rainy,222.6,9,Mucho tarde
clear,93.6,4,Mucho antes
clear,297.1,8,Ligeramente antes
cold,66.7,4,Mucho antes
foggy,183.1,8,Mucho antes
hot,245.0,6,Ligeramente antes
clear,216.3,5,Mucho antes
rainy,119.6,10,Ligeramente tarde
stormy,257.2,8,Ligeramente tarde
stormy,223.6,12,Mucho antes
hot,77.5,3,Ligeramente antes
stormy,221.7,7,Ligeramente tarde
foggy,99.8,3,Ligeramente antes
stormy,79.7,10,Ligeramente tarde
cold,114.4,2,Mucho antes
stormy,120.4,8,Mucho tarde
cold,5.1,2,Mucho antes
cold,79.7,2,Mucho antes
cold,205.5,7,Mucho antes
cold,112.6,3,Mucho antes
stormy,190.2,11,Mucho tarde
clear,196.8,7,Ligeramente tarde
stormy,293.7,11,Mucho tarde
stormy,128.7,7,Ligeramente antes
cold,178.0,7,Mucho antes
foggy,215.6,10,Mucho antes
hot,203.2,7,Ligeramente antes
clear,159.7,3,Mucho antes
rainy,238.5,12,Mucho antes
cold,196.8,6,Ligeramente tarde
clear,201.0,9,Ligeramente tarde
cold,86.5,2,Mucho antes
stormy,238.2,12,Mucho tarde
hot,169.5,8,Mucho antes
cold,253.6,10,Mucho tarde
rainy,48.0,2,Mucho antes
foggy,117.5,8,Mucho antes
clear,210.5,5,Mucho antes
stormy,272.4,11,Mucho tarde
rainy,260.0,11,Mucho antes
hot,183.6,4,Mucho antes
stormy,221.6,9,Ligeramente tarde
foggy,123.8,8,Mucho antes
rainy,52.4,6,Mucho antes
foggy,146.7,3,Mucho antes
hot,286.5,10,Ligeramente tarde
clear,112.8,5,Mucho antes
cold,159.0,5,Ligeramente antes
foggy,283.0,14,Mucho antes
rainy,31.3,4,Mucho antes
rainy,16.5,5,Mucho tarde
cold,186.4,5,Mucho antes
stormy,105.1,6,Mucho antes
foggy,199.7,7,Ligeramente antes
stormy,119.1,7,Mucho antes
foggy,153.7,5,Ligeramente antes
rainy,289.8,6,Ligeramente antes
rainy,140.8,6,Mucho antes
clear,203.7,7,Mucho antes
clear,297.1,9,Mucho antes
stormy,120.1,10,Mucho antes
hot,3.7,1,Mucho antes
foggy,211.4,7,Mucho antes
hot,192.9,5,Mucho antes
foggy,107.0,5,Ligeramente tarde
hot,219.7,7,Mucho antes
hot,229.6,6,Ligeramente antes
rainy,69.8,7,Mucho antes
stormy,58.9,8,Mucho tarde
hot,204.7,6,Ligeramente antes
stormy,128.5,7,Ligeramente antes
stormy,38.5,7,Mucho antes
rainy,34.4,4,Mucho antes
foggy,3.6,3,Ligeramente tarde
clear,25.0,2,Mucho antes
rainy,202.2,7,Mucho antes
stormy,281.3,11,Mucho antes
stormy,238.9,11,Mucho tarde
foggy,144.9,6,Ligeramente tarde
cold,208.7,6,Mucho antes
foggy,177.5,8,Ligeramente antes
hot,70.4,2,Ligeramente antes
foggy,120.4,7,Mucho antes
cold,144.0,4,Mucho antes
cold,82.3,2,Mucho antes
clear,282.1,12,Mucho tarde
cold,84.2,4,Ligeramente tarde
stormy,208.7,8,Mucho antes
hot,99.1,2,Ligeramente antes
foggy,144.1,5,Mucho antes
clear,212.1,8,Mucho antes
foggy,228.7,6,Mucho antes
rainy,71.0,5,Mucho antes
foggy,164.9,8,Mucho antes
foggy,191.9,9,Mucho antes
stormy,11.5,4,Ligeramente tarde
rainy,227.6,13,Mucho tarde
hot,188.0,3,Mucho antes
clear,192.4,4,Mucho antes
stormy,61.8,5,Mucho antes
cold,148.3,5,Mucho antes
hot,171.1,8,Mucho tarde
foggy,104.5,8,Mucho antes
foggy,205.6,9,Mucho antes
stormy,12.8,6,Mucho antes
foggy,152.5,7,Mucho antes
cold,18.8,0,Mucho antes
clear,131.9,5,Ligeramente tarde
hot,267.6,7,Ligeramente antes
clear,135.4,6,Mucho antes
cold,294.5,7,Ligeramente antes
foggy,226.6,7,Ligeramente antes
clear,284.0,9,Ligeramente tarde
cold,262.8,6,Mucho antes
rainy,257.2,9,Mucho antes
cold,99.7,4,Mucho antes
hot,247.0,4,Mucho antes
cold,101.7,3,Mucho antes
stormy,254.4,12,Mucho antes
foggy,141.3,5,Ligeramente tarde
foggy,3.6,4,Mucho antes
hot,274.3,5,Mucho antes
foggy,209.3,9,Mucho antes
cold,206.3,6,Mucho antes
stormy,263.1,13,Mucho tarde
clear,288.5,10,Mucho antes
clear,230.2,9,Mucho tarde
foggy,171.4,7,Ligeramente tarde
clear,54.3,3,Mucho antes
foggy,215.5,9,Mucho antes
rainy,151.0,10,Ligeramente tarde
cold,158.2,5,Mucho antes
cold,196.5,6,Mucho antes
stormy,227.9,11,Mucho tarde
hot,78.9,3,Mucho antes
cold,95.9,4,Mucho antes
cold,73.0,2,Ligeramente antes
clear,226.7,8,Ligeramente antes
foggy,139.8,8,Mucho tarde
rainy,179.0,9,Mucho antes
rainy,160.1,6,Ligeramente tarde
stormy,254.5,14,Mucho antes
clear,175.1,4,Ligeramente antes
rainy,294.0,14,Mucho tarde
rainy,179.5,8,Mucho tarde
cold,151.2,4,Mucho antes
cold,19.6,1,Ligeramente antes
hot,127.6,4,Ligeramente antes
foggy,101.3,4,Mucho antes
stormy,175.1,12,Mucho tarde
stormy,105.4,7,Mucho antes
clear,93.5,5,Mucho antes
rainy,297.1,10,Mucho antes
hot,96.7,3,Ligeramente antes
cold,255.5,6,Mucho antes
cold,243.1,6,Ligeramente antes
rainy,98.0,6,Mucho antes
hot,114.7,4,Mucho antes
hot,222.6,6,Mucho antes
stormy,116.4,5,Mucho antes
clear,13.4,0,Mucho antes
hot,151.5,4,Ligeramente antes
clear,159.8,8,Mucho antes
stormy,100.5,8,Mucho antes
foggy,17.0,4,Ligeramente tarde
clear,131.9,6,Ligeramente tarde
foggy,288.7,8,Mucho antes
cold,279.0,6,Mucho antes
hot,250.5,6,Mucho antes
rainy,111.6,8,Mucho tarde
hot,55.8,4,Mucho antes
rainy,292.6,9,Mucho antes
foggy,257.9,9,Mucho antes
cold,59.4,4,Mucho antes
stormy,128.3,7,Ligeramente antes
hot,181.0,5,Mucho antes
cold,183.0,5,Mucho antes
stormy,193.9,11,Mucho tarde
foggy,285.2,9,Mucho antes
rainy,47.2,5,Mucho antes
stormy,268.5,14,Mucho tarde
hot,83.7,5,Mucho antes
cold,165.9,6,Mucho antes
stormy,166.6,10,Mucho antes
rainy,209.6,12,Mucho antes
stormy,105.9,8,Ligeramente antes
cold,35.4,3,Mucho antes
rainy,253.7,10,Mucho antes
stormy,54.9,6,Mucho antes
foggy,72.7,5,Mucho antes
hot,24.7,2,Mucho antes
foggy,153.3,7,Ligeramente antes
foggy,182.1,4,Mucho antes
rainy,156.9,7,Ligeramente antes
cold,26.3,1,Mucho antes
foggy,251.4,7,Ligeramente antes
cold,19.6,2,Mucho antes
cold,294.5,9,Mucho antes
stormy,112.7,9,Mucho antes
rainy,171.5,10,Ligeramente tarde
stormy,207.0,9,Mucho antes
rainy,158.5,4,Mucho antes
foggy,252.7,8,Ligeramente antes
cold,234.8,5,Mucho antes
hot,174.5,5,Mucho antes
hot,5.6,2,Mucho antes
stormy,192.0,8,Mucho antes
stormy,237.0,11,Mucho tarde
stormy,244.5,11,Mucho antes
hot,163.7,7,Mucho antes
rainy,103.3,7,Mucho antes
clear,108.3,3,Mucho antes
rainy,110.6,6,Mucho antes
hot,208.4,6,Mucho antes
cold,210.4,9,Mucho antes
cold,178.6,6,Mucho antes
cold,230.1,9,Ligeramente tarde
foggy,144.5,6,Mucho antes
rainy,160.8,7,Ligeramente antes
cold,260.3,7,Ligeramente antes
foggy,150.6,8,Mucho tarde
stormy,90.6,7,Ligeramente antes
cold,126.1,6,Ligeramente tarde
clear,77.0,4,Mucho antes
hot,68.1,5,Mucho antes
clear,182.9,5,Mucho antes
stormy,5.9,5,Mucho antes
clear,93.9,4,Mucho antes
hot,192.7,4,Mucho antes
cold,64.7,4,Ligeramente tarde
stormy,297.1,9,Ligeramente tarde
cold,188.7,7,Ligeramente tarde
hot,189.1,4,Mucho antes
clear,160.5,5,Mucho antes
foggy,230.1,7,Ligeramente tarde
foggy,208.9,9,Mucho antes
cold,251.4,6,Mucho antes
cold,77.6,3,Mucho antes
hot,128.7,4,Ligeramente antes
stormy,161.1,11,Mucho antes
clear,107.2,4,Mucho antes
hot,79.4,3,Mucho antes
foggy,6.2,2,Mucho antes
rainy,112.2,7,Mucho antes
cold,137.5,6,Ligeramente tarde
clear,240.8,5,Mucho antes
stormy,206.0,11,Mucho tarde
rainy,102.6,6,Mucho antes
hot,221.3,6,Mucho antes
hot,47.3,2,Ligeramente antes
rainy,90.3,3,Mucho antes
cold,99.9,3,Mucho antes
clear,9.2,1,Mucho antes
hot,261.6,5,Mucho antes
stormy,128.9,9,Ligeramente tarde
foggy,92.3,2,Mucho antes
foggy,223.2,6,Ligeramente antes
foggy,160.3,7,Mucho antes
hot,265.5,7,Mucho antes
cold,204.5,5,Mucho antes
cold,268.5,7,Ligeramente antes
stormy,216.7,7,Ligeramente antes
cold,234.4,9,Mucho tarde
foggy,129.6,7,Mucho antes
foggy,32.3,3,Mucho antes
rainy,145.3,10,Mucho antes
hot,163.0,7,Mucho antes
hot,76.0,3,Ligeramente antes
stormy,69.7,9,Mucho antes
clear,111.5,4,Ligeramente antes
foggy,126.5,5,Mucho antes
foggy,186.7,8,Mucho antes
stormy,88.3,5,Mucho antes
hot,21.7,1,Mucho antes
rainy,100.6,7,Mucho tarde
hot,67.6,3,Ligeramente antes
stormy,185.9,10,Mucho tarde
clear,113.7,6,Mucho antes
rainy,175.5,9,Ligeramente tarde
foggy,108.8,5,Ligeramente tarde
stormy,172.6,9,Ligeramente tarde
foggy,3.6,3,Mucho antes
hot,178.7,3,Mucho antes
rainy,16.0,7,Mucho tarde
foggy,229.9,9,Ligeramente tarde
rainy,273.0,11,Mucho tarde
rainy,159.8,7,Ligeramente tarde
stormy,8.3,5,Mucho antes
rainy,92.7,6,Mucho antes
foggy,32.6,2,Mucho antes
stormy,22.3,4,Mucho antes
stormy,192.3,11,Mucho tarde
hot,200.4,8,Ligeramente tarde
stormy,187.1,6,Mucho antes
cold,46.4,3,Mucho antes
cold,54.4,3,Mucho antes
foggy,91.0,5,Mucho antes
stormy,123.2,7,Mucho antes
clear,69.7,3,Mucho antes
hot,267.2,6,Mucho antes
stormy,9.1,5,Mucho antes
cold,145.5,5,Mucho antes
clear,284.8,8,Mucho antes
foggy,296.0,8,Ligeramente antes
stormy,98.1,4,Mucho antes
rainy,189.5,6,Mucho antes
rainy,241.6,9,Mucho antes
rainy,69.0,9,Ligeramente tarde
stormy,166.9,11,Mucho antes
hot,290.9,6,Mucho antes
stormy,268.2,10,Mucho tarde
rainy,265.7,11,Mucho antes
clear,182.9,4,Mucho antes
clear,187.3,3,Mucho antes
hot,70.5,3,Ligeramente antes
clear,243.1,6,Mucho antes
cold,231.1,6,Mucho antes
foggy,129.8,6,Ligeramente tarde
stormy,257.3,9,Ligeramente tarde
clear,74.2,3,Mucho antes
hot,254.4,7,Mucho antes
cold,187.9,3,Mucho antes
cold,14.6,2,Mucho antes
clear,107.2,4,Ligeramente antes
cold,206.3,6,Mucho antes
rainy,217.5,10,Mucho antes
stormy,111.1,9,Ligeramente tarde
cold,69.4,2,Mucho antes
stormy,53.1,8,Mucho antes
hot,293.4,13,Mucho tarde
rainy,118.5,8,Mucho antes
cold,122.0,5,Ligeramente tarde
stormy,51.3,8,Ligeramente antes
cold,113.3,4,Mucho antes
clear,293.7,6,Mucho antes
foggy,150.6,6,Mucho antes
hot,212.4,5,Ligeramente antes
clear,282.5,6,Mucho antes
rainy,277.4,13,Mucho tarde
hot,264.3,7,Mucho antes
cold,272.5,6,Mucho antes
foggy,183.7,8,Mucho antes
clear,260.3,9,Mucho antes
clear,238.2,7,Mucho antes
hot,297.1,8,Mucho antes
hot,264.3,5,Mucho antes
stormy,161.8,8,Mucho antes
clear,3.6,0,Mucho antes
foggy,297.1,12,Mucho tarde
rainy,160.7,8,Mucho antes
stormy,283.1,8,Ligeramente antes
stormy,127.2,8,Mucho antes
cold,195.3,5,Mucho antes
rainy,263.8,12,Mucho tarde
stormy,47.6,5,Mucho tarde
clear,110.1,2,Mucho antes
rainy,262.7,10,Mucho antes
hot,149.4,5,Ligeramente tarde
stormy,197.9,12,Mucho antes
rainy,163.5,11,Mucho antes
foggy,141.0,7,Mucho antes
cold,108.3,2,Mucho antes
rainy,288.8,12,Mucho tarde
clear,217.6,8,Mucho antes
clear,285.8,7,Ligeramente antes
foggy,258.8,8,Mucho antes
stormy,14.1,7,Mucho antes
cold,260.0,7,Ligeramente antes
stormy,27.6,5,Mucho antes
clear,282.3,7,Mucho antes
rainy,156.4,10,Ligeramente tarde
cold,90.9,4,Mucho antes
clear,200.3,7,Mucho antes
cold,271.9,7,Ligeramente antes
hot,297.1,7,Mucho antes
clear,67.7,4,Mucho antes
stormy,222.8,11,Mucho antes
stormy,65.1,6,Mucho antes
clear,13.1,0,Mucho antes
clear,50.5,1,Mucho antes
rainy,230.6,12,Mucho tarde
cold,37.6,1,Mucho antes
clear,218.9,5,Mucho antes
cold,286.2,7,Ligeramente antes
stormy,220.6,9,Mucho antes
foggy,81.4,5,Mucho antes
rainy,263.6,11,Mucho antes
cold,239.1,7,Ligeramente antes
foggy,181.4,6,Ligeramente tarde
rainy,291.7,8,Mucho antes
cold,54.2,3,Mucho antes
stormy,3.6,8,Mucho antes
hot,79.3,2,Ligeramente antes
rainy,88.3,8,Mucho antes
cold,52.3,1,Mucho antes
clear,165.6,6,Ligeramente tarde
cold,32.9,2,Ligeramente antes
foggy,186.7,8,Mucho antes
clear,38.1,3,Mucho antes
foggy,119.2,3,Ligeramente antes
foggy,139.9,6,Ligeramente tarde
rainy,49.0,5,Mucho antes
cold,289.7,7,Mucho antes
stormy,30.0,6,Mucho antes
clear,60.5,3,Mucho antes
cold,115.9,3,Mucho antes
foggy,245.4,9,Mucho tarde
hot,164.0,7,Ligeramente tarde
clear,107.7,2,Mucho antes
foggy,142.8,7,Ligeramente antes
hot,256.1,7,Ligeramente antes
foggy,132.6,5,Mucho antes
clear,70.9,1,Mucho antes
cold,63.2,1,Mucho antes
stormy,252.7,14,Mucho tarde
stormy,75.7,6,Mucho antes
rainy,160.7,6,Mucho antes
foggy,209.6,7,Mucho antes
cold,46.9,2,Ligeramente antes
rainy,6.9,2,Mucho antes
rainy,296.8,11,Mucho antes
cold,244.4,8,Ligeramente antes
foggy,284.0,8,Mucho antes
foggy,170.4,8,Mucho antes
clear,68.1,3,Mucho antes
rainy,157.1,8,Ligeramente antes
cold,228.9,8,Ligeramente antes
cold,179.8,6,Ligeramente tarde
cold,142.9,3,Mucho antes
hot,168.0,6,Mucho antes
hot,67.7,3,Ligeramente antes
cold,117.1,4,Mucho antes
clear,136.6,5,Ligeramente tarde
rainy,228.4,9,Mucho tarde
clear,160.5,5,Ligeramente antes
cold,135.2,4,Mucho antes
stormy,285.9,14,Mucho tarde
cold,63.8,3,Mucho antes
stormy,243.1,10,Mucho tarde
stormy,3.6,6,Mucho antes
hot,118.2,3,Mucho antes
cold,58.8,2,Mucho antes
cold,144.7,6,Ligeramente tarde
foggy,148.3,7,Mucho tarde
stormy,117.7,9,Ligeramente tarde
stormy,17.3,6,Mucho tarde
rainy,70.1,6,Mucho tarde
stormy,79.1,9,Mucho antes
foggy,139.9,7,Ligeramente antes
hot,127.6,4,Ligeramente antes
cold,61.3,4,Mucho antes
hot,182.9,3,Mucho antes
rainy,141.4,5,Mucho antes
cold,67.1,1,Mucho antes
rainy,24.1,5,Mucho antes
foggy,37.7,3,Ligeramente tarde
stormy,22.0,6,Mucho antes
stormy,13.8,3,Mucho antes
hot,29.9,3,Mucho antes
foggy,102.6,7,Ligeramente antes
stormy,160.0,8,Mucho antes
hot,142.2,6,Ligeramente tarde
stormy,270.5,7,Mucho antes
hot,271.6,7,Mucho antes
cold,55.9,1,Mucho antes
cold,260.3,5,Mucho antes
stormy,169.6,13,Mucho tarde
cold,221.7,8,Mucho antes
foggy,237.5,13,Mucho tarde
stormy,121.3,10,Ligeramente tarde
clear,128.0,4,Mucho antes
clear,226.7,5,Mucho antes
foggy,247.1,7,Mucho antes
stormy,132.3,8,Mucho tarde
foggy,74.8,6,Mucho antes
stormy,201.2,12,Mucho antes
rainy,234.1,11,Mucho tarde
clear,229.7,6,Mucho antes
hot,117.8,5,Mucho antes
rainy,55.5,7,Mucho tarde
rainy,150.6,7,Mucho antes
cold,85.6,3,Ligeramente antes
clear,95.2,4,Mucho antes
foggy,205.8,5,Mucho antes
stormy,97.6,8,Mucho antes
cold,241.1,8,Mucho antes
foggy,118.5,8,Mucho antes
rainy,51.9,5,Ligeramente tarde
rainy,136.2,6,Ligeramente tarde
cold,105.7,3,Mucho antes
rainy,96.7,7,Mucho antes
hot,60.7,1,Mucho antes
cold,72.7,4,Mucho antes
hot,226.5,7,Mucho antes
stormy,229.6,7,Mucho antes
stormy,127.5,9,Ligeramente tarde
foggy,87.5,6,Mucho antes
stormy,187.6,9,Ligeramente tarde
hot,198.4,6,Mucho antes
hot,165.6,3,Mucho antes
clear,226.5,6,Mucho antes
rainy,126.8,6,Mucho antes
hot,195.1,8,Mucho antes
foggy,154.3,6,Mucho antes
foggy,96.4,5,Ligeramente tarde
cold,40.2,1,Mucho antes
clear,57.6,2,Mucho antes
cold,147.8,5,Mucho antes
stormy,60.8,7,Mucho tarde
cold,288.8,13,Mucho tarde
foggy,109.1,7,Ligeramente antes
hot,47.4,3,Mucho antes
rainy,279.9,11,Mucho tarde
hot,251.9,6,Mucho antes
rainy,76.1,4,Mucho antes
cold,200.8,5,Mucho antes
stormy,216.9,10,Mucho tarde
hot,148.8,5,Mucho antes
cold,176.9,5,Mucho antes
clear,253.1,5,Mucho antes
foggy,147.6,7,Mucho antes
stormy,137.6,8,Mucho antes
clear,222.5,7,Ligeramente tarde
clear,283.2,9,Mucho antes
stormy,276.9,12,Mucho antes
rainy,185.3,9,Ligeramente tarde
foggy,164.1,7,Mucho antes
hot,188.3,9,Mucho antes
hot,18.1,2,Mucho antes
cold,267.1,6,Mucho antes
clear,12.0,1,Mucho antes
clear,22.6,1,Mucho antes
clear,12.8,3,Mucho antes
hot,219.0,8,Mucho antes
clear,84.8,1,Mucho antes
foggy,123.2,6,Mucho antes
clear,75.2,1,Mucho antes
hot,276.8,9,Ligeramente tarde
hot,297.1,7,Ligeramente antes
stormy,132.5,7,Mucho antes
cold,245.2,4,Mucho antes
stormy,76.6,5,Mucho antes
hot,195.0,8,Mucho antes
foggy,40.7,5,Mucho antes
cold,259.3,8,Ligeramente antes
foggy,129.7,5,Ligeramente tarde
rainy,217.6,7,Ligeramente tarde
stormy,192.6,10,Mucho antes
rainy,234.7,14,Mucho antes
hot,114.0,3,Mucho antes
stormy,181.2,8,Mucho antes
foggy,183.8,8,Mucho antes
clear,60.6,1,Mucho antes
foggy,56.9,5,Mucho antes
stormy,213.2,11,Mucho tarde
stormy,70.7,6,Mucho antes
clear,188.4,4,Mucho antes
clear,288.2,7,Mucho antes
hot,82.0,3,Mucho antes
rainy,263.4,9,Ligeramente tarde
cold,158.0,6,Ligeramente tarde
rainy,176.8,9,Ligeramente tarde
foggy,81.2,5,Mucho antes
cold,277.8,8,Ligeramente antes
clear,213.7,4,Mucho antes
cold,213.1,6,Mucho antes
clear,257.0,9,Mucho antes
rainy,34.1,3,Ligeramente tarde
rainy,31.1,5,Mucho antes
hot,25.7,1,Ligeramente antes
stormy,264.7,13,Mucho tarde
foggy,270.7,11,Mucho antes
stormy,129.1,8,Mucho tarde
stormy,200.2,9,Mucho antes
hot,254.8,9,Mucho antes
foggy,108.6,7,Mucho tarde
cold,79.7,1,Mucho antes
foggy,290.3,6,Mucho antes
cold,58.5,3,Mucho antes
hot,150.9,5,Mucho antes
foggy,177.1,10,Mucho tarde
rainy,113.4,9,Ligeramente tarde
stormy,148.1,7,Mucho tarde
clear,242.3,8,Ligeramente antes
foggy,216.2,7,Ligeramente tarde
stormy,238.8,13,Mucho antes
foggy,85.5,6,Mucho antes
clear,80.3,2,Mucho antes
stormy,75.8,6,Mucho tarde
cold,161.0,4,Mucho antes
foggy,49.3,3,Mucho antes
foggy,289.6,8,Ligeramente antes
hot,246.4,5,Mucho antes
clear,295.1,7,Ligeramente antes
cold,74.2,4,Mucho antes
foggy,194.5,7,Mucho antes
hot,272.2,9,Ligeramente tarde
rainy,133.0,9,Mucho antes
rainy,145.9,6,Mucho antes
hot,13.1,1,Mucho antes
rainy,287.2,13,Mucho tarde
hot,222.8,5,Mucho antes
hot,290.0,11,Mucho antes
hot,67.6,1,Mucho antes
hot,232.0,5,Mucho antes
foggy,63.3,3,Ligeramente antes
cold,46.4,3,Mucho antes
cold,275.1,8,Mucho antes
foggy,39.3,2,Ligeramente antes
clear,201.9,7,Mucho antes
clear,125.4,5,Mucho antes
foggy,279.1,6,Mucho antes
clear,155.3,7,Ligeramente antes
cold,192.5,6,Mucho antes
foggy,228.8,8,Ligeramente tarde
foggy,106.1,5,Mucho antes
stormy,282.0,15,Ligeramente antes
cold,23.2,0,Mucho antes
stormy,39.5,7,Mucho antes
hot,200.4,7,Mucho antes
stormy,131.0,9,Ligeramente tarde
foggy,103.3,4,Mucho antes
clear,227.1,6,Mucho antes
hot,230.4,5,Mucho antes
foggy,261.0,9,Ligeramente tarde
cold,52.8,2,Mucho antes
clear,243.5,10,Mucho antes
cold,202.6,6,Mucho antes
hot,256.0,8,Mucho antes
rainy,179.0,9,Mucho tarde
stormy,264.8,11,Mucho tarde
hot,232.9,10,Mucho antes
hot,279.5,12,Mucho antes
rainy,194.8,8,Mucho antes
hot,124.3,6,Mucho antes
clear,119.7,5,Mucho antes
clear,122.5,4,Ligeramente antes
foggy,203.9,8,Ligeramente antes
clear,101.2,4,Mucho antes
stormy,4.2,7,Ligeramente antes
rainy,30.5,4,Ligeramente tarde
rainy,238.9,9,Mucho tarde
stormy,277.0,9,Ligeramente tarde
cold,22.4,3,Ligeramente tarde
clear,98.3,3,Mucho antes
rainy,158.5,7,Ligeramente antes
foggy,230.5,10,Mucho tarde
clear,209.6,7,Mucho antes
rainy,296.8,13,Mucho antes
foggy,175.8,8,Ligeramente antes
foggy,126.8,8,Mucho antes
stormy,272.9,11,Mucho antes
cold,89.9,6,Mucho antes
rainy,64.0,7,Mucho antes
rainy,82.1,7,Mucho tarde
cold,93.7,2,Ligeramente antes
foggy,144.3,8,Mucho antes
clear,87.5,2,Mucho antes
cold,255.7,7,Mucho antes
stormy,297.1,16,Mucho tarde
cold,289.5,8,Ligeramente antes
cold,205.0,4,Mucho antes
stormy,210.5,12,Mucho tarde
hot,16.4,1,Ligeramente antes
clear,146.6,6,Mucho antes
stormy,181.0,6,Mucho antes
clear,274.3,9,Mucho antes
clear,26.9,3,Mucho antes
hot,154.0,4,Mucho antes
clear,130.2,5,Ligeramente tarde
clear,46.1,3,Mucho antes
foggy,287.9,10,Ligeramente tarde
foggy,275.9,11,Mucho tarde
cold,44.4,2,Mucho antes
hot,74.7,3,Mucho antes
clear,171.9,8,Mucho antes
clear,77.4,3,Mucho antes
cold,204.0,4,Mucho antes
hot,240.3,6,Mucho antes
hot,126.2,4,Mucho antes
rainy,287.4,11,Mucho tarde
cold,46.0,2,Mucho antes
foggy,61.9,5,Mucho antes
clear,217.1,9,Mucho tarde
cold,161.5,5,Ligeramente antes
clear,187.4,8,Mucho antes
clear,162.2,6,Mucho antes
foggy,260.8,8,Mucho antes
hot,115.0,3,Mucho antes
stormy,19.1,3,Ligeramente tarde
clear,205.7,8,Ligeramente tarde
cold,153.8,5,Ligeramente antes
stormy,184.2,7,Mucho antes
cold,71.3,3,Mucho antes
stormy,237.0,9,Ligeramente tarde
rainy,19.9,6,Mucho antes
clear,60.0,4,Ligeramente tarde
hot,3.6,2,Ligeramente antes
clear,207.2,7,Ligeramente antes
cold,230.1,6,Ligeramente antes
hot,162.6,6,Mucho antes
foggy,54.5,5,Mucho antes
stormy,15.4,5,Mucho antes
foggy,88.5,5,Mucho antes
clear,116.4,3,Ligeramente antes
cold,142.7,7,Ligeramente antes
hot,228.9,4,Mucho antes
cold,283.0,9,Ligeramente tarde
stormy,241.2,9,Mucho tarde
cold,106.0,2,Mucho antes
clear,6.8,0,Mucho antes
stormy,292.4,16,Mucho tarde
cold,204.3,10,Mucho antes
foggy,97.1,5,Mucho antes
foggy,279.4,9,Ligeramente tarde
hot,28.2,3,Mucho antes
foggy,103.7,5,Mucho antes
clear,150.2,7,Mucho antes
rainy,84.8,8,Mucho antes
cold,35.4,2,Mucho antes
rainy,38.3,4,Mucho antes
rainy,199.2,12,Mucho antes
foggy,290.1,11,Mucho tarde
foggy,295.5,11,Mucho tarde
cold,142.8,3,Mucho antes
hot,229.8,8,Mucho antes
hot,63.8,4,Mucho antes
clear,208.1,7,Ligeramente tarde
cold,137.3,4,Mucho antes
foggy,193.9,6,Ligeramente tarde
clear,10.5,3,Mucho antes
rainy,229.1,8,Mucho antes
stormy,168.2,9,Mucho antes
clear,165.1,5,Mucho antes
hot,67.5,4,Mucho antes
rainy,108.1,6,Mucho antes
cold,16.3,0,Mucho antes
clear,104.7,6,Mucho antes
cold,82.6,2,Ligeramente antes
hot,234.7,4,Mucho antes
rainy,41.3,5,Mucho antes
foggy,50.2,4,Ligeramente tarde
clear,240.4,8,Mucho antes
clear,176.3,4,Mucho antes
foggy,194.7,7,Ligeramente tarde
rainy,39.6,6,Mucho tarde
hot,195.8,7,Mucho antes
hot,194.0,7,Mucho antes
rainy,141.2,6,Mucho antes
rainy,287.7,13,Mucho antes
cold,82.2,2,Mucho antes
foggy,173.2,7,Mucho antes
stormy,39.7,8,Mucho tarde
stormy,116.6,7,Mucho antes
hot,80.3,4,Mucho antes
cold,209.1,8,Ligeramente antes
hot,229.0,9,Mucho tarde
clear,257.9,8,Ligeramente tarde
foggy,75.2,6,Mucho tarde
rainy,194.9,9,Ligeramente tarde
rainy,152.5,5,Mucho antes
rainy,161.1,8,Ligeramente antes
cold,68.2,3,Mucho antes
cold,212.8,7,Mucho antes
rainy,187.3,9,Ligeramente tarde
stormy,272.1,13,Mucho tarde
foggy,180.5,6,Mucho antes
hot,208.6,4,Mucho antes
cold,104.1,6,Ligeramente tarde
foggy,57.2,2,Mucho antes
foggy,284.2,8,Mucho antes
foggy,181.4,6,Mucho antes
foggy,144.0,6,Mucho antes
cold,297.1,7,Mucho antes
clear,80.2,2,Mucho antes
clear,212.1,5,Mucho antes
foggy,68.4,4,Ligeramente tarde
foggy,132.6,5,Ligeramente tarde
foggy,114.4,7,Mucho antes
cold,226.5,4,Mucho antes
stormy,140.8,7,Ligeramente antes
rainy,104.6,7,Ligeramente antes
rainy,88.3,9,Mucho antes
clear,251.6,5,Mucho antes
clear,63.3,1,Mucho antes
rainy,138.3,7,Mucho antes
hot,127.6,5,Mucho antes
cold,141.9,4,Mucho antes
hot,200.5,4,Mucho antes
cold,266.1,12,Mucho tarde
rainy,48.1,5,Mucho antes
stormy,215.3,9,Mucho antes
hot,43.7,2,Mucho antes
cold,3.6,1,Ligeramente antes
rainy,3.6,5,Mucho tarde
rainy,268.9,12,Mucho antes
cold,254.1,7,Mucho antes
stormy,98.5,8,Mucho antes
hot,195.1,6,Ligeramente tarde
stormy,45.8,5,Mucho antes
clear,226.5,8,Mucho antes
clear,297.1,8,Ligeramente antes
rainy,283.5,9,Mucho antes
stormy,190.5,11,Mucho tarde
cold,134.6,3,Mucho antes
stormy,110.6,9,Mucho antes
stormy,83.7,10,Ligeramente tarde
hot,26.6,1,Ligeramente antes
hot,63.7,1,Mucho antes
hot,168.0,4,Mucho antes
rainy,82.3,6,Mucho antes
rainy,217.9,9,Mucho antes
hot,230.6,6,Mucho antes
clear,143.5,8,Ligeramente antes
hot,271.8,8,Ligeramente antes
cold,244.8,8,Mucho antes
stormy,24.3,5,Mucho antes
hot,240.9,6,Ligeramente antes
stormy,249.1,11,Mucho antes
foggy,104.6,6,Ligeramente tarde
rainy,148.4,8,Mucho tarde
stormy,22.0,4,Ligeramente tarde
cold,80.5,3,Ligeramente antes
hot,285.5,7,Mucho antes
foggy,280.0,9,Mucho antes
clear,205.2,6,Mucho antes
cold,6.5,2,Ligeramente antes
clear,8.2,0,Mucho antes
rainy,178.9,11,Mucho antes
stormy,69.8,5,Ligeramente tarde
cold,195.9,4,Mucho antes
clear,29.7,1,Mucho antes
rainy,296.3,16,Mucho tarde
cold,35.3,2,Ligeramente antes
clear,101.7,5,Mucho antes
rainy,30.2,4,Mucho antes
clear,115.8,2,Mucho antes
hot,101.6,5,Mucho antes
rainy,194.1,6,Mucho antes
hot,257.9,8,Ligeramente tarde
clear,243.3,10,Mucho tarde
clear,220.1,8,Ligeramente antes
clear,297.1,7,Mucho antes
clear,14.0,1,Mucho antes
clear,237.1,7,Mucho antes
rainy,40.0,7,Mucho tarde
cold,182.8,5,Mucho antes
stormy,243.5,12,Mucho tarde
hot,198.8,8,Ligeramente antes
clear,35.3,3,Mucho antes
cold,56.0,3,Mucho antes
cold,266.2,8,Mucho antes
stormy,273.3,15,Ligeramente antes
hot,224.2,6,Ligeramente antes
foggy,88.8,4,Mucho antes
rainy,75.9,7,Mucho tarde
cold,22.6,2,Mucho antes
clear,140.9,3,Mucho antes
foggy,119.0,4,Mucho antes
clear,74.3,4,Ligeramente tarde
rainy,195.4,9,Ligeramente tarde
hot,62.9,3,Mucho antes
hot,27.6,2,Mucho antes
cold,130.3,2,Mucho antes
hot,218.4,6,Mucho antes
stormy,56.0,8,Mucho tarde
cold,176.8,4,Mucho antes
stormy,27.1,6,Mucho antes
stormy,81.3,10,Ligeramente tarde
foggy,250.6,8,Ligeramente antes
rainy,44.9,6,Mucho antes
hot,200.2,6,Ligeramente antes
cold,5.3,0,Mucho antes
cold,165.1,4,Mucho antes
hot,73.5,3,Ligeramente antes
rainy,67.5,7,Mucho tarde
hot,151.8,5,Ligeramente antes
cold,296.3,9,Ligeramente tarde
foggy,71.1,3,Mucho antes
rainy,166.0,8,Mucho antes
stormy,114.4,6,Mucho antes
rainy,208.8,12,Mucho antes
cold,279.0,8,Ligeramente antes
cold,127.3,5,Mucho antes
stormy,272.7,12,Mucho antes
stormy,275.1,14,Mucho tarde
rainy,261.6,13,Mucho tarde
clear,75.1,3,Ligeramente antes
clear,210.7,4,Mucho antes
clear,102.2,3,Mucho antes
foggy,57.6,4,Mucho antes
rainy,139.0,7,Mucho antes
foggy,144.9,6,Ligeramente tarde
rainy,194.3,9,Mucho antes
hot,97.0,3,Ligeramente antes
cold,25.0,3,Mucho antes
clear,87.6,3,Mucho antes
hot,245.7,6,Mucho antes
cold,259.2,8,Ligeramente tarde
foggy,21.8,4,Mucho antes
stormy,61.7,6,Mucho antes
hot,18.9,2,Mucho antes
stormy,150.4,8,Ligeramente antes
rainy,52.8,4,Mucho antes
rainy,233.7,14,Mucho tarde
clear,246.8,7,Ligeramente antes
hot,149.8,5,Mucho antes
foggy,140.1,9,Ligeramente tarde
cold,161.4,4,Mucho antes
foggy,72.7,6,Mucho antes
stormy,208.1,9,Ligeramente tarde
clear,203.2,6,Ligeramente antes
clear,43.7,2,Ligeramente antes
stormy,92.8,7,Mucho tarde
hot,143.7,4,Mucho antes
foggy,273.5,12,Mucho antes
stormy,49.7,5,Mucho antes
rainy,22.7,7,Mucho antes
hot,40.8,3,Ligeramente tarde
stormy,71.1,9,Ligeramente tarde
cold,183.5,5,Mucho antes
hot,10.2,0,Mucho antes
cold,11.1,2,Mucho antes
cold,266.9,6,Ligeramente antes
foggy,36.6,3,Ligeramente tarde
cold,99.0,6,Mucho antes
foggy,108.8,5,Ligeramente tarde
clear,238.6,9,Mucho antes
cold,273.7,7,Mucho antes
clear,231.7,6,Mucho antes
clear,150.9,6,Mucho antes
stormy,162.9,11,Mucho antes
hot,132.1,5,Mucho antes
foggy,294.1,9,Mucho antes
stormy,288.3,15,Mucho tarde
cold,228.5,6,Mucho antes
stormy,264.4,14,Mucho antes
hot,166.9,6,Mucho antes
stormy,169.3,11,Mucho antes
stormy,223.7,8,Ligeramente tarde
stormy,105.9,7,Ligeramente antes
cold,198.8,9,Mucho tarde
foggy,127.4,6,Mucho antes
foggy,276.6,8,Mucho antes
hot,107.4,4,Mucho antes
stormy,191.2,10,Mucho antes
clear,6.9,2,Mucho antes
hot,175.0,4,Mucho antes
clear,232.9,7,Ligeramente antes
stormy,250.1,12,Mucho antes
rainy,263.4,7,Mucho antes
rainy,152.0,6,Mucho antes
stormy,176.4,8,Mucho tarde
clear,96.1,3,Mucho antes
foggy,286.1,10,Mucho antes
clear,190.1,9,Mucho antes
clear,77.6,2,Mucho antes
foggy,267.7,7,Ligeramente antes
stormy,191.5,10,Mucho antes
hot,205.7,7,Mucho antes
cold,38.8,3,Mucho antes
rainy,7.2,4,Mucho antes
foggy,176.7,8,Mucho antes
cold,51.3,1,Mucho antes
rainy,206.8,9,Mucho antes
stormy,181.6,6,Mucho antes
hot,98.5,4,Mucho antes
foggy,131.4,8,Ligeramente antes
cold,249.0,10,Mucho antes
rainy,204.3,10,Mucho tarde
clear,93.7,2,Mucho antes
clear,151.0,5,Mucho antes
stormy,136.8,9,Mucho tarde
stormy,15.4,7,Mucho tarde
stormy,108.2,7,Ligeramente antes
foggy,37.5,4,Mucho antes
foggy,52.0,3,Mucho antes
cold,101.8,5,Mucho antes
foggy,297.1,11,Mucho antes
hot,178.9,3,Mucho antes
cold,93.6,3,Ligeramente antes
clear,50.1,2,Mucho antes
rainy,115.1,7,Mucho tarde
stormy,83.3,9,Mucho tarde
hot,262.1,8,Mucho antes
cold,158.4,6,Ligeramente tarde
hot,280.5,10,Mucho tarde
cold,98.3,5,Mucho antes
cold,39.5,3,Ligeramente tarde
cold,256.0,6,Mucho antes
stormy,192.2,8,Mucho antes
hot,207.7,5,Ligeramente antes
cold,47.3,1,Ligeramente antes
rainy,94.8,6,Mucho tarde
stormy,18.4,4,Mucho antes
stormy,82.6,5,Mucho antes
foggy,202.2,6,Ligeramente antes
hot,242.5,8,Ligeramente antes
hot,280.8,10,Mucho antes
cold,104.5,6,Mucho antes
rainy,78.7,7,Ligeramente antes
cold,255.4,7,Mucho antes
cold,108.5,2,Mucho antes
stormy,123.7,9,Mucho tarde
foggy,66.0,3,Mucho antes
rainy,16.8,5,Mucho antes
hot,58.6,3,Mucho antes
stormy,56.1,7,Mucho antes
stormy,222.9,9,Mucho antes
cold,192.2,4,Mucho antes
hot,20.6,1,Mucho antes
stormy,6.0,4,Mucho antes
clear,142.4,5,Ligeramente tarde
clear,170.6,4,Mucho antes
hot,201.7,7,Ligeramente antes
foggy,91.5,5,Mucho antes
clear,169.0,4,Ligeramente antes
hot,182.0,5,Ligeramente antes
hot,10.2,3,Ligeramente tarde
cold,297.1,5,Mucho antes
rainy,283.6,14,Mucho tarde
foggy,113.4,3,Mucho antes
stormy,178.5,10,Mucho antes
hot,114.5,4,Mucho antes
rainy,251.8,12,Mucho tarde
rainy,28.1,4,Mucho antes
stormy,53.2,7,Mucho antes
foggy,218.3,9,Mucho tarde
cold,74.3,3,Ligeramente antes
rainy,296.0,11,Mucho tarde
clear,250.8,6,Ligeramente antes
hot,249.0,7,Ligeramente tarde
hot,51.2,3,Mucho antes
cold,60.7,4,Mucho antes
rainy,243.6,10,Mucho antes
hot,127.6,6,Ligeramente tarde
cold,223.8,6,Mucho antes
stormy,188.0,11,Mucho tarde
rainy,261.2,9,Mucho antes
stormy,239.4,13,Mucho tarde
stormy,201.2,10,Mucho antes
cold,190.9,6,Ligeramente tarde
foggy,239.6,10,Mucho antes
cold,149.2,6,Mucho antes
rainy,157.1,8,Mucho tarde
hot,282.4,7,Mucho antes
hot,238.4,7,Ligeramente antes
stormy,264.5,14,Mucho tarde
stormy,202.5,8,Mucho antes
hot,113.2,3,Ligeramente antes
clear,277.6,8,Mucho antes
foggy,76.3,2,Mucho antes
cold,96.0,3,Mucho antes
foggy,68.8,4,Mucho antes
clear,214.6,5,Mucho antes
cold,176.4,8,Mucho antes
hot,172.6,6,Mucho antes
stormy,210.7,9,Mucho tarde
cold,248.6,6,Mucho antes
stormy,79.0,5,Mucho antes
cold,229.1,8,Ligeramente antes
clear,156.9,6,Mucho antes
foggy,267.5,11,Mucho antes
stormy,12.9,7,Ligeramente antes
stormy,71.1,5,Mucho antes
foggy,54.8,4,Mucho antes
clear,17.7,3,Mucho antes
rainy,200.9,11,Mucho antes
hot,237.3,6,Mucho antes
cold,158.3,5,Ligeramente antes
clear,250.3,7,Mucho antes
cold,191.9,5,Mucho antes
cold,194.0,8,Mucho antes
cold,70.6,4,Mucho antes
rainy,289.7,11,Mucho tarde
foggy,148.7,7,Ligeramente antes
rainy,288.9,15,Ligeramente antes
stormy,121.5,12,Mucho antes
clear,135.8,4,Ligeramente antes
rainy,212.6,9,Ligeramente tarde
stormy,241.2,7,Ligeramente tarde
foggy,71.0,3,Mucho antes
foggy,297.1,9,Ligeramente tarde
rainy,12.7,5,Mucho antes
rainy,16.0,5,Mucho antes
stormy,35.3,7,Mucho tarde
rainy,169.6,7,Ligeramente tarde
rainy,191.4,9,Mucho antes
clear,270.0,8,Mucho antes
rainy,135.3,9,Mucho tarde
rainy,235.4,9,Mucho antes
foggy,184.3,8,Mucho tarde
rainy,124.8,7,Mucho antes
clear,172.5,3,Mucho antes
foggy,65.2,6,Mucho antes
cold,229.3,7,Ligeramente tarde
stormy,163.0,11,Mucho antes
rainy,247.3,10,Mucho antes
cold,110.7,4,Mucho antes
stormy,58.1,7,Mucho antes
hot,145.8,3,Mucho antes
clear,148.0,6,Mucho antes
rainy,96.4,3,Mucho antes
foggy,181.7,7,Mucho antes
hot,90.6,2,Mucho antes
clear,178.2,6,Mucho antes
rainy,160.2,10,Mucho tarde
cold,7.5,0,Mucho antes
rainy,200.4,12,Mucho tarde
cold,123.5,4,Mucho antes
rainy,240.9,12,Mucho tarde
cold,217.9,6,Ligeramente antes
foggy,237.4,7,Ligeramente antes
rainy,79.7,3,Mucho antes
stormy,224.3,12,Mucho tarde
stormy,197.9,7,Mucho antes
clear,276.1,7,Ligeramente antes
cold,195.9,8,Mucho antes
hot,34.6,2,Mucho antes
foggy,162.1,7,Mucho antes
cold,192.4,6,Mucho antes
clear,276.2,8,Ligeramente tarde
cold,85.2,3,Ligeramente antes
foggy,109.0,4,Mucho antes
hot,247.2,6,Mucho antes
cold,183.3,4,Mucho antes
cold,134.2,4,Mucho antes
clear,216.9,8,Ligeramente antes
foggy,9.9,3,Mucho antes
clear,116.5,5,Ligeramente tarde
rainy,125.1,10,Mucho antes
stormy,26.4,6,Mucho antes
hot,289.5,9,Ligeramente tarde
rainy,293.6,8,Mucho antes
clear,180.0,6,Ligeramente tarde
foggy,100.9,6,Ligeramente tarde
stormy,195.2,8,Ligeramente antes
foggy,278.2,11,Mucho antes
cold,262.2,6,Ligeramente antes
hot,97.5,3,Ligeramente antes
stormy,213.8,15,Mucho tarde
clear,47.0,1,Mucho antes
cold,202.2,6,Mucho antes
stormy,71.7,6,Mucho antes
cold,243.4,9,Ligeramente tarde
foggy,209.5,5,Mucho antes
hot,4.3,0,Mucho antes
stormy,168.9,11,Mucho tarde
cold,136.3,3,Ligeramente antes
hot,281.7,5,Mucho antes
foggy,165.0,8,Mucho tarde
stormy,34.5,6,Mucho tarde
clear,238.3,7,Mucho antes
hot,263.5,11,Mucho antes
foggy,166.8,8,Ligeramente antes
rainy,262.8,8,Ligeramente tarde
cold,94.0,4,Mucho antes
cold,88.3,3,Mucho antes
clear,265.7,9,Mucho antes
stormy,125.8,6,Ligeramente tarde
clear,297.1,8,Mucho antes
foggy,280.7,9,Mucho antes
cold,161.5,4,Mucho antes
stormy,235.5,14,Mucho tarde
clear,240.1,7,Mucho antes
rainy,107.5,9,Mucho tarde
clear,139.0,5,Mucho antes
hot,271.0,8,Ligeramente antes
cold,152.9,4,Ligeramente antes
rainy,91.0,7,Mucho antes
rainy,39.2,4,Ligeramente tarde
stormy,128.5,10,Mucho antes
hot,135.5,5,Mucho antes
cold,148.6,4,Mucho antes
cold,226.4,6,Mucho antes
stormy,293.3,11,Mucho tarde
stormy,117.4,9,Mucho tarde
clear,243.2,7,Mucho antes
clear,189.4,4,Mucho antes
cold,255.1,7,Mucho antes
rainy,128.3,7,Mucho antes
stormy,140.0,10,Mucho antes
rainy,91.3,6,Mucho tarde
rainy,210.4,12,Mucho tarde
hot,84.7,3,Mucho antes
foggy,123.4,4,Mucho antes
clear,155.2,3,Mucho antes
foggy,246.5,8,Mucho antes
foggy,194.9,8,Mucho antes
foggy,161.5,7,Mucho antes
hot,24.0,1,Mucho antes
foggy,21.5,3,Ligeramente tarde
stormy,108.0,10,Ligeramente tarde
hot,8.2,2,Mucho antes
cold,68.3,3,Ligeramente antes
rainy,285.3,10,Mucho antes
stormy,65.7,6,Mucho tarde
stormy,240.0,11,Mucho antes
hot,198.0,9,Mucho antes
hot,38.5,2,Mucho antes
clear,62.0,4,Mucho antes
cold,10.0,1,Mucho antes
hot,10.0,1,Ligeramente antes
rainy,266.3,10,Mucho antes
foggy,293.9,12,Mucho antes
rainy,278.7,12,Mucho tarde
stormy,107.1,10,Ligeramente tarde
cold,23.0,1,Mucho antes
foggy,229.5,6,Mucho antes
cold,86.2,2,Mucho antes
hot,59.2,2,Mucho antes
hot,138.3,4,Ligeramente antes
clear,25.1,3,Mucho antes
foggy,8.4,4,Mucho antes
foggy,151.7,6,Ligeramente tarde
cold,189.1,5,Mucho antes
hot,183.4,6,Ligeramente tarde
stormy,8.5,4,Mucho antes
cold,27.0,2,Mucho antes
rainy,56.5,5,Mucho antes
clear,100.8,2,Mucho antes
hot,218.8,7,Ligeramente antes
hot,8.5,2,Mucho antes
foggy,57.0,3,Ligeramente antes
rainy,223.5,13,Mucho tarde
clear,117.3,4,Mucho antes
clear,136.9,6,Ligeramente tarde
hot,31.8,1,Mucho antes
stormy,89.8,10,Ligeramente tarde
hot,102.5,6,Mucho antes
clear,287.4,10,Mucho tarde
cold,167.2,5,Mucho antes
stormy,40.8,5,Mucho antes
clear,224.9,8,Ligeramente tarde
cold,278.7,11,Mucho tarde
foggy,11.8,4,Mucho antes
foggy,157.3,6,Ligeramente tarde
hot,121.9,4,Mucho antes
foggy,186.9,9,Mucho antes
hot,33.1,3,Mucho antes
stormy,46.4,5,Mucho antes
cold,166.4,8,Mucho antes
rainy,146.6,5,Mucho antes
stormy,209.9,12,Mucho antes
rainy,216.0,10,Mucho tarde
rainy,246.9,9,Mucho tarde
cold,225.4,4,Mucho antes
foggy,283.9,10,Ligeramente tarde
hot,179.9,3,Mucho antes
rainy,231.7,12,Mucho antes
clear,274.3,10,Mucho antes
stormy,143.5,6,Mucho antes
rainy,36.4,4,Ligeramente tarde
foggy,251.9,8,Mucho antes
hot,36.4,1,Mucho antes
stormy,100.8,8,Mucho antes
clear,235.3,8,Ligeramente tarde
hot,63.8,4,Mucho antes
foggy,64.7,7,Ligeramente antes
rainy,248.5,12,Mucho antes
hot,102.8,3,Mucho antes
cold,153.4,5,Mucho antes
rainy,79.3,7,Mucho tarde
clear,110.2,4,Mucho antes
cold,235.0,6,Mucho antes
rainy,258.6,15,Ligeramente antes
rainy,141.3,9,Mucho antes
clear,150.7,3,Mucho antes
clear,204.7,7,Mucho antes
foggy,85.7,7,Mucho antes
stormy,227.3,6,Mucho antes
cold,283.8,9,Mucho antes
foggy,52.2,5,Mucho antes
hot,110.7,4,Mucho antes
cold,40.7,2,Ligeramente antes
foggy,33.8,5,Mucho antes
stormy,177.2,10,Ligeramente tarde
foggy,84.6,5,Mucho antes
hot,79.1,3,Mucho antes
clear,118.9,4,Mucho antes
cold,207.6,9,Mucho antes
foggy,89.1,4,Mucho antes
clear,159.7,6,Mucho antes
rainy,242.2,8,Mucho antes
stormy,22.4,5,Mucho antes
clear,55.5,2,Mucho antes
hot,158.9,6,Mucho antes
cold,83.0,1,Mucho antes
stormy,282.3,14,Mucho antes
hot,22.1,2,Mucho antes
clear,99.4,4,Mucho antes
cold,3.6,0,Mucho antes
foggy,3.6,3,Ligeramente tarde
foggy,21.3,5,Mucho antes
rainy,123.4,9,Mucho tarde
foggy,100.7,7,Mucho antes
clear,127.5,4,Mucho antes
stormy,110.4,8,Mucho antes
rainy,23.4,7,Mucho tarde
cold,182.2,4,Mucho antes
rainy,99.2,8,Mucho antes
rainy,161.3,7,Ligeramente tarde
stormy,240.5,14,Mucho tarde
clear,273.3,12,Mucho tarde
stormy,262.0,11,Mucho tarde
stormy,110.5,10,Mucho antes
stormy,53.8,8,Ligeramente antes
stormy,168.3,12,Mucho antes
hot,261.7,11,Mucho tarde
stormy,241.9,12,Mucho antes
hot,137.5,3,Ligeramente antes
cold,232.7,5,Ligeramente antes
rainy,56.5,8,Mucho antes
cold,8.6,1,Mucho antes
stormy,274.1,11,Mucho tarde
foggy,284.9,14,Mucho tarde
hot,218.2,7,Mucho antes
hot,101.9,6,Mucho antes
hot,26.1,1,Mucho antes
foggy,11.4,3,Mucho antes
clear,8.3,1,Mucho antes
stormy,88.7,9,Mucho antes
hot,81.6,2,Mucho antes
hot,78.2,2,Ligeramente antes
clear,265.8,5,Mucho antes
rainy,52.9,3,Ligeramente antes
hot,36.3,2,Ligeramente antes
clear,122.0,5,Mucho antes
cold,234.1,7,Mucho antes
hot,142.2,3,Mucho antes
hot,200.1,9,Ligeramente tarde
rainy,196.1,5,Mucho antes
stormy,46.7,5,Mucho antes
rainy,222.6,9,Mucho tarde
clear,37.0,3,Mucho antes
clear,214.1,4,Mucho antes
rainy,277.1,11,Mucho antes
cold,35.6,1,Ligeramente antes
clear,38.8,1,Mucho antes
cold,296.4,8,Mucho antes
stormy,291.5,19,Mucho tarde
hot,146.6,5,Mucho antes
stormy,46.0,6,Mucho antes
stormy,191.9,10,Mucho tarde
cold,158.5,5,Mucho antes
clear,117.3,4,Mucho antes
stormy,219.6,9,Ligeramente tarde
cold,72.4,1,Mucho antes
stormy,233.7,11,Mucho antes
rainy,195.3,10,Ligeramente tarde
rainy,35.8,4,Mucho antes
hot,128.7,4,Mucho antes
stormy,155.9,7,Ligeramente tarde
stormy,144.0,5,Mucho antes
clear,141.1,6,Ligeramente tarde
rainy,237.5,11,Mucho antes
foggy,162.7,5,Mucho antes
foggy,68.1,3,Mucho antes
stormy,176.2,8,Mucho tarde
stormy,88.2,8,Mucho antes
foggy,59.4,6,Mucho antes
hot,297.1,9,Ligeramente tarde
stormy,190.2,5,Ligeramente antes
hot,99.9,3,Mucho antes
rainy,82.1,4,Mucho antes
clear,124.9,6,Ligeramente tarde
cold,232.2,5,Mucho antes
cold,229.2,10,Mucho antes
rainy,169.3,10,Mucho antes
hot,246.4,6,Mucho antes
rainy,159.0,5,Mucho antes
hot,239.2,5,Mucho antes
clear,240.7,4,Mucho antes
foggy,169.2,5,Mucho antes
stormy,55.8,6,Mucho tarde
hot,220.7,6,Mucho antes
rainy,250.3,10,Ligeramente tarde
stormy,159.9,7,Mucho antes
foggy,212.7,8,Mucho antes
foggy,147.2,4,Mucho antes
hot,3.6,2,Mucho antes
rainy,234.6,6,Mucho antes
hot,136.1,7,Mucho tarde
stormy,289.3,12,Mucho antes
hot,9.5,1,Mucho antes
hot,260.7,8,Mucho antes
hot,41.9,3,Mucho antes
foggy,25.0,3,Mucho antes
foggy,122.3,5,Mucho antes
cold,55.3,4,Mucho antes
stormy,197.0,9,Mucho tarde
cold,182.3,6,Ligeramente tarde
cold,251.1,7,Mucho antes
hot,255.2,7,Ligeramente antes
hot,88.4,6,Mucho antes
clear,232.0,10,Mucho antes
hot,282.3,8,Ligeramente tarde
stormy,96.8,6,Mucho tarde
stormy,108.1,9,Mucho antes
cold,46.7,1,Mucho antes
rainy,297.1,16,Mucho tarde
rainy,286.2,9,Mucho antes
rainy,212.9,6,Mucho antes
clear,8.1,1,Ligeramente antes
rainy,154.4,8,Mucho tarde
stormy,262.0,11,Mucho tarde
foggy,27.6,1,Mucho antes
rainy,126.7,9,Mucho tarde
cold,28.8,2,Ligeramente antes
hot,268.8,6,Mucho antes
rainy,190.8,9,Mucho antes
cold,186.4,5,Mucho antes
stormy,95.7,6,Mucho antes
foggy,122.9,7,Ligeramente antes
foggy,227.3,11,Mucho tarde
hot,27.6,1,Mucho antes
foggy,209.5,9,Ligeramente tarde
hot,149.6,2,Mucho antes
foggy,125.7,6,Ligeramente tarde
hot,190.4,4,Mucho antes
hot,6.2,0,Mucho antes
clear,159.9,7,Mucho antes
clear,170.7,4,Mucho antes
hot,34.4,1,Mucho antes
rainy,36.0,6,Mucho antes
hot,116.1,3,Mucho antes
foggy,276.7,8,Mucho antes
clear,183.3,3,Mucho antes
foggy,168.2,8,Ligeramente antes
cold,292.2,6,Mucho antes
cold,162.1,4,Mucho antes
foggy,8.8,1,Mucho antes
stormy,251.2,9,Mucho antes
hot,287.0,6,Mucho antes
foggy,291.2,7,Mucho antes
hot,64.2,3,Mucho antes
cold,163.4,7,Mucho antes
hot,122.5,5,Mucho antes
stormy,132.9,9,Mucho tarde
clear,97.0,2,Mucho antes
hot,9.3,3,Mucho antes
stormy,61.1,7,Mucho antes
foggy,27.4,4,Mucho antes
rainy,146.3,7,Mucho antes
foggy,55.6,4,Mucho antes
foggy,151.0,4,Mucho antes
clear,60.8,3,Mucho antes
clear,204.8,6,Ligeramente antes
rainy,275.8,13,Mucho antes
stormy,175.4,10,Ligeramente tarde
clear,32.1,1,Mucho antes
hot,48.1,1,Mucho antes
clear,245.6,7,Mucho antes
rainy,125.4,6,Mucho antes
cold,204.8,8,Mucho antes
clear,203.3,6,Ligeramente antes
rainy,64.7,8,Ligeramente antes
cold,88.5,3,Ligeramente antes
clear,216.2,4,Mucho antes
rainy,4.6,4,Mucho antes
stormy,147.4,10,Mucho tarde
rainy,41.3,7,Mucho antes
stormy,153.9,11,Mucho antes
cold,147.0,3,Mucho antes
foggy,166.5,6,Mucho antes
foggy,106.5,5,Ligeramente tarde
rainy,69.5,4,Mucho antes
rainy,141.6,5,Ligeramente tarde
stormy,140.4,10,Mucho antes
clear,140.6,4,Mucho antes
clear,160.6,4,Mucho antes
hot,145.5,4,Mucho antes
foggy,103.1,5,Mucho antes
hot,86.6,3,Mucho antes
cold,220.5,9,Ligeramente tarde
rainy,163.4,11,Mucho antes
foggy,33.8,4,Mucho antes
stormy,62.8,8,Mucho antes
hot,140.7,4,Mucho antes
clear,10.5,1,Mucho antes
stormy,38.6,4,Ligeramente tarde
rainy,41.7,5,Mucho antes
foggy,260.6,10,Ligeramente tarde
hot,115.1,4,Mucho antes
clear,258.6,7,Ligeramente antes
cold,110.4,4,Mucho antes
foggy,212.4,8,Mucho antes
hot,157.1,6,Mucho antes
rainy,69.5,7,Mucho antes
hot,270.8,9,Mucho antes
cold,262.9,5,Mucho antes
hot,224.8,5,Mucho antes
cold,199.5,5,Mucho antes
clear,133.5,4,Mucho antes
cold,40.8,1,Mucho antes
stormy,126.7,8,Mucho tarde
rainy,217.9,8,Mucho antes
hot,144.4,4,Mucho antes
foggy,294.8,8,Ligeramente tarde
hot,189.2,5,Mucho antes
hot,49.2,1,Mucho antes
hot,24.4,1,Ligeramente antes
cold,65.3,3,Mucho antes
rainy,162.7,8,Mucho antes
rainy,290.1,10,Mucho antes
stormy,296.5,13,Mucho tarde
rainy,229.3,7,Ligeramente antes
hot,73.4,4,Mucho antes
cold,297.1,10,Mucho tarde
foggy,281.6,9,Mucho antes
hot,195.9,6,Mucho antes
foggy,5.7,4,Mucho antes
cold,75.8,2,Ligeramente antes
clear,146.2,5,Mucho antes
cold,90.0,4,Mucho antes
stormy,184.2,7,Ligeramente tarde
cold,171.6,6,Mucho antes
hot,294.8,6,Ligeramente antes
hot,131.7,5,Ligeramente tarde
foggy,9.8,4,Mucho antes
stormy,16.0,6,Mucho antes
hot,48.3,2,Mucho antes
hot,76.1,3,Ligeramente antes
cold,201.3,8,Ligeramente antes
clear,203.6,7,Ligeramente antes
rainy,253.1,13,Mucho tarde
foggy,3.6,2,Mucho antes
stormy,203.8,10,Mucho antes
stormy,168.9,9,Mucho antes
foggy,77.7,6,Mucho antes
clear,180.0,5,Mucho antes
rainy,44.8,4,Ligeramente tarde
hot,7.1,2,Ligeramente antes
stormy,142.6,6,Ligeramente tarde
clear,191.6,6,Mucho antes
foggy,165.8,5,Mucho antes
foggy,237.1,9,Mucho antes
stormy,71.4,6,Mucho tarde
hot,103.3,5,Mucho antes
stormy,177.0,7,Ligeramente antes
cold,116.9,3,Mucho antes
foggy,233.1,8,Mucho antes
hot,4.7,2,Mucho antes
clear,231.2,6,Mucho antes
rainy,244.2,14,Mucho antes
cold,210.5,7,Mucho antes
clear,165.3,7,Ligeramente antes
cold,74.1,4,Ligeramente tarde
stormy,44.7,5,Mucho tarde
rainy,267.8,10,Mucho antes
clear,297.1,7,Ligeramente antes
cold,50.3,2,Mucho antes
rainy,115.3,9,Mucho antes
cold,69.4,3,Ligeramente antes
cold,62.3,1,Mucho antes
rainy,211.2,10,Mucho antes
hot,280.8,5,Mucho antes
foggy,120.1,7,Mucho tarde
stormy,252.4,15,Mucho antes
clear,262.5,8,Mucho antes
foggy,206.7,10,Mucho tarde
foggy,233.9,6,Mucho antes
stormy,27.8,4,Mucho antes
rainy,237.5,10,Mucho tarde
foggy,45.8,1,Mucho antes
clear,217.6,11,Mucho antes
rainy,286.8,13,Mucho tarde
stormy,86.1,7,Mucho antes
stormy,144.5,6,Ligeramente tarde
clear,142.0,6,Mucho antes
stormy,57.7,7,Mucho tarde
foggy,6.6,2,Mucho antes
rainy,229.1,10,Mucho antes
cold,267.4,8,Ligeramente tarde
hot,81.2,3,Mucho antes
hot,202.1,5,Ligeramente antes
foggy,184.0,5,Ligeramente antes
hot,98.0,2,Ligeramente antes
foggy,82.7,6,Mucho antes
rainy,261.2,13,Mucho tarde
foggy,119.8,7,Ligeramente antes
stormy,297.1,16,Ligeramente antes
stormy,249.7,11,Mucho tarde
rainy,250.5,13,Mucho antes
stormy,66.1,5,Ligeramente tarde
foggy,125.0,6,Ligeramente tarde
rainy,37.5,8,Mucho antes
stormy,113.5,8,Ligeramente antes
rainy,297.1,11,Mucho antes
foggy,190.1,8,Mucho tarde
cold,101.3,4,Ligeramente antes
stormy,88.3,7,Mucho antes
stormy,64.9,8,Mucho antes
stormy,34.0,9,Mucho tarde
clear,51.7,2,Ligeramente antes
clear,110.5,3,Mucho antes
foggy,129.1,10,Mucho antes
clear,115.3,4,Mucho antes
rainy,46.6,5,Mucho antes
clear,84.7,3,Mucho antes
stormy,133.8,6,Ligeramente tarde
cold,26.2,0,Mucho antes
clear,16.0,0,Mucho antes
cold,238.4,6,Mucho antes
foggy,60.7,5,Mucho antes
clear,91.7,3,Mucho antes
rainy,31.0,7,Mucho antes
foggy,56.2,4,Ligeramente tarde
foggy,251.1,11,Mucho tarde
rainy,277.3,14,Mucho antes
cold,124.2,4,Ligeramente antes
stormy,64.6,4,Ligeramente tarde
rainy,208.8,9,Mucho antes
rainy,62.0,3,Ligeramente antes
foggy,204.6,6,Ligeramente antes
cold,206.0,7,Mucho antes
cold,240.2,7,Ligeramente tarde
rainy,77.0,8,Ligeramente antes
hot,96.9,5,Mucho antes
foggy,76.3,5,Mucho antes
rainy,192.1,10,Ligeramente tarde
rainy,292.8,8,Ligeramente tarde
stormy,126.6,6,Mucho antes
foggy,101.7,7,Mucho antes
clear,174.4,3,Mucho antes
rainy,106.7,5,Mucho antes
clear,34.4,1,Mucho antes
clear,149.0,5,Ligeramente tarde
rainy,176.2,10,Mucho antes
cold,130.3,3,Mucho antes
foggy,229.7,12,Mucho antes
stormy,203.7,11,Mucho antes
cold,138.4,4,Mucho antes
hot,284.9,5,Mucho antes
cold,176.5,7,Ligeramente tarde
foggy,108.6,8,Mucho antes
clear,113.1,4,Mucho antes
clear,7.5,0,Mucho antes
cold,201.8,7,Mucho antes
cold,223.8,8,Mucho antes
stormy,67.7,4,Ligeramente tarde
foggy,230.7,10,Mucho antes
clear,203.6,4,Mucho antes
hot,17.3,2,Mucho antes
foggy,80.4,4,Mucho antes
cold,297.1,8,Ligeramente antes
hot,3.6,2,Mucho antes
stormy,276.2,10,Mucho tarde
cold,245.4,5,Mucho antes
foggy,218.5,8,Ligeramente antes
stormy,167.4,8,Mucho antes
rainy,76.9,5,Ligeramente tarde
cold,49.9,3,Mucho antes
clear,18.1,1,Ligeramente antes
rainy,168.9,7,Ligeramente antes
clear,264.2,9,Mucho antes
cold,46.6,3,Mucho antes
hot,72.7,2,Mucho antes
rainy,45.6,6,Mucho antes
cold,187.3,6,Mucho antes
hot,229.0,9,Mucho antes
hot,252.5,6,Mucho antes
stormy,71.8,7,Mucho antes
rainy,210.5,7,Mucho antes
cold,135.6,7,Mucho antes
clear,296.9,8,Ligeramente tarde
rainy,211.1,8,Mucho antes
rainy,31.7,6,Mucho antes
hot,92.0,4,Mucho antes
cold,203.5,5,Mucho antes
cold,209.8,6,Mucho antes
rainy,118.2,8,Ligeramente antes
stormy,90.0,8,Mucho antes
stormy,77.5,7,Mucho tarde
cold,97.6,2,Mucho antes
cold,27.1,0,Mucho antes
rainy,110.0,6,Ligeramente tarde
cold,49.7,2,Mucho antes
cold,66.9,4,Mucho antes
rainy,70.0,4,Ligeramente tarde
hot,52.5,4,Mucho antes
cold,151.3,5,Mucho antes
rainy,199.2,5,Ligeramente antes
rainy,261.1,11,Mucho antes
cold,157.6,9,Mucho antes
hot,16.7,1,Ligeramente antes
hot,99.4,1,Mucho antes
rainy,159.6,6,Mucho antes
rainy,215.3,11,Mucho tarde
clear,69.1,2,Ligeramente antes
hot,227.0,9,Mucho antes
hot,220.7,6,Mucho antes
hot,224.9,5,Ligeramente antes
foggy,199.9,11,Mucho antes
clear,70.5,3,Ligeramente antes
cold,176.3,6,Ligeramente tarde
cold,83.6,2,Mucho antes
foggy,275.0,12,Mucho tarde
hot,16.6,2,Mucho antes
foggy,203.4,8,Ligeramente antes
cold,261.4,6,Mucho antes
stormy,101.1,7,Mucho antes
cold,76.8,1,Mucho antes
hot,34.4,2,Ligeramente antes
stormy,155.9,9,Mucho antes
clear,57.5,2,Ligeramente antes
foggy,177.1,8,Ligeramente antes
stormy,172.2,10,Ligeramente tarde
stormy,39.8,6,Mucho tarde
rainy,207.8,8,Ligeramente tarde
stormy,275.3,14,Mucho antes
rainy,279.4,11,Mucho antes
cold,45.5,1,Ligeramente antes
clear,247.1,7,Ligeramente tarde
rainy,224.6,11,Mucho antes
clear,288.4,8,Ligeramente tarde
rainy,74.7,7,Mucho antes
rainy,173.3,6,Mucho antes
cold,161.2,6,Ligeramente tarde
stormy,248.7,9,Mucho antes
clear,23.6,3,Mucho antes
foggy,157.2,6,Ligeramente tarde
clear,135.7,7,Mucho antes
clear,295.2,12,Mucho antes
stormy,246.5,10,Ligeramente tarde
foggy,286.7,12,Mucho antes
rainy,208.9,11,Mucho antes
hot,72.4,2,Ligeramente antes
cold,199.3,4,Mucho antes
cold,250.6,7,Ligeramente antes
cold,89.2,5,Mucho antes
stormy,175.4,8,Ligeramente antes
rainy,31.4,7,Mucho antes
stormy,44.8,5,Mucho tarde
rainy,120.1,5,Mucho antes
foggy,156.2,5,Mucho antes
foggy,129.1,7,Mucho antes
foggy,12.1,2,Mucho antes
hot,242.2,9,Mucho tarde
hot,89.6,3,Mucho antes
hot,274.1,8,Mucho antes
foggy,72.0,5,Mucho antes
clear,199.7,3,Mucho antes
cold,137.6,7,Ligeramente antes
rainy,7.1,5,Mucho antes
stormy,183.2,12,Mucho antes
clear,10.5,1,Mucho antes
foggy,17.1,3,Mucho antes
clear,198.8,7,Ligeramente antes
cold,149.7,5,Ligeramente tarde
foggy,264.8,7,Ligeramente antes
cold,136.4,5,Mucho antes
foggy,296.1,12,Mucho tarde
foggy,7.2,3,Ligeramente tarde
foggy,276.7,8,Mucho antes
hot,66.6,4,Mucho antes
hot,57.6,3,Mucho antes
cold,146.2,6,Mucho antes
clear,196.0,5,Mucho antes
stormy,187.7,8,Mucho antes
rainy,106.7,6,Mucho antes
cold,184.8,8,Mucho antes
rainy,135.9,8,Mucho antes
clear,63.3,3,Mucho antes
foggy,12.0,1,Mucho antes
cold,196.3,6,Mucho antes
stormy,180.3,5,Mucho antes
hot,151.6,5,Ligeramente antes
stormy,136.1,5,Mucho antes
clear,151.8,6,Mucho antes
cold,34.7,3,Mucho antes
clear,204.8,9,Mucho antes
rainy,258.2,12,Mucho tarde
hot,35.2,2,Mucho antes
cold,231.3,6,Ligeramente antes
rainy,126.2,5,Mucho antes
cold,236.7,4,Mucho antes
clear,151.8,5,Mucho antes
stormy,67.2,6,Mucho antes
rainy,123.9,7,Ligeramente antes
cold,37.5,1,Mucho antes
clear,6.2,2,Mucho antes
stormy,10.1,5,Mucho antes
rainy,288.1,10,Mucho tarde
clear,297.0,6,Mucho antes
stormy,12.8,5,Mucho antes
rainy,57.8,8,Mucho antes
stormy,146.7,7,Mucho tarde
rainy,193.8,11,Mucho antes
foggy,52.5,4,Mucho antes
rainy,64.6,7,Mucho tarde
hot,154.7,5,Mucho antes
cold,15.8,0,Mucho antes
clear,160.5,4,Mucho antes
foggy,265.0,10,Mucho tarde
cold,296.1,8,Ligeramente tarde
cold,162.7,5,Ligeramente antes
cold,111.7,5,Mucho antes
clear,230.9,6,Mucho antes
cold,270.7,9,Ligeramente tarde
clear,145.5,5,Mucho antes
rainy,253.7,7,Mucho antes
foggy,128.7,7,Mucho antes
cold,135.6,3,Mucho antes
foggy,173.7,6,Mucho antes
hot,130.3,6,Mucho antes
stormy,76.1,9,Mucho antes
foggy,262.4,10,Mucho antes
clear,286.4,8,Ligeramente antes
cold,163.9,6,Mucho antes
clear,236.9,6,Mucho antes
rainy,69.0,8,Mucho antes
cold,208.4,5,Ligeramente antes
stormy,93.2,7,Ligeramente antes
rainy,52.5,7,Ligeramente antes
rainy,146.7,8,Mucho tarde
clear,10.2,0,Mucho antes
rainy,88.1,9,Ligeramente tarde
hot,68.0,5,Mucho antes
hot,149.5,4,Mucho antes
hot,149.3,3,Mucho antes
stormy,204.6,11,Mucho tarde
rainy,37.3,4,Ligeramente tarde
hot,132.9,5,Mucho antes
cold,14.4,2,Mucho antes
foggy,240.5,8,Ligeramente antes
stormy,268.0,10,Ligeramente tarde
cold,297.1,9,Ligeramente tarde
clear,156.3,5,Ligeramente antes
foggy,254.8,9,Ligeramente tarde
hot,138.3,6,Mucho antes
rainy,61.7,8,Mucho antes
clear,251.9,10,Ligeramente tarde
rainy,14.9,6,Mucho antes
cold,178.6,6,Mucho antes
rainy,281.0,11,Mucho tarde
cold,82.1,2,Mucho antes
hot,76.5,5,Mucho antes
stormy,32.3,8,Mucho tarde
rainy,151.5,8,Mucho antes
foggy,191.5,9,Ligeramente tarde
rainy,153.6,4,Mucho antes
foggy,102.1,4,Mucho antes
foggy,129.4,6,Mucho antes
foggy,250.3,8,Ligeramente antes
rainy,283.2,12,Mucho tarde
foggy,98.4,4,Mucho antes
stormy,191.5,12,Mucho tarde
stormy,247.6,13,Mucho tarde
cold,190.6,5,Mucho antes
rainy,266.7,14,Mucho antes
cold,199.5,5,Mucho antes
cold,74.8,4,Mucho antes
cold,181.3,5,Mucho antes
hot,168.0,5,Mucho antes
stormy,102.3,6,Mucho antes
foggy,25.3,2,Mucho antes
cold,249.9,8,Ligeramente tarde
hot,237.9,8,Ligeramente antes
foggy,9.5,2,Mucho antes
rainy,217.9,7,Mucho antes
rainy,197.1,10,Mucho tarde
hot,109.8,5,Mucho antes
cold,237.1,5,Mucho antes
cold,248.8,5,Mucho antes
hot,258.5,7,Ligeramente antes
cold,24.1,2,Ligeramente antes
foggy,113.9,6,Ligeramente tarde
hot,10.1,0,Mucho antes
rainy,219.4,10,Mucho antes
stormy,127.1,10,Mucho antes
foggy,225.1,9,Mucho tarde
rainy,238.4,10,Mucho tarde
foggy,20.8,3,Ligeramente tarde
hot,283.2,7,Mucho antes
cold,149.6,7,Mucho antes
stormy,290.2,9,Ligeramente tarde
foggy,41.7,4,Mucho antes
stormy,105.8,9,Ligeramente tarde
foggy,138.0,6,Mucho antes
foggy,282.1,8,Ligeramente antes
rainy,32.4,4,Mucho antes
foggy,164.9,5,Mucho antes
hot,40.7,2,Mucho antes
stormy,67.9,7,Mucho antes
stormy,182.7,12,Mucho tarde
hot,84.8,2,Mucho antes
clear,86.7,2,Mucho antes
hot,201.3,6,Mucho antes
rainy,242.7,7,Mucho antes
rainy,11.2,5,Mucho antes
rainy,68.1,6,Mucho antes
hot,158.5,6,Mucho antes
stormy,272.9,12,Mucho tarde
clear,111.9,4,Mucho antes
clear,87.3,3,Mucho antes
hot,29.1,3,Mucho antes
stormy,63.7,8,Mucho tarde
foggy,149.6,11,Mucho tarde
rainy,88.9,8,Mucho antes
hot,178.6,5,Mucho antes
cold,91.3,3,Mucho antes
cold,72.3,4,Ligeramente tarde
hot,193.7,5,Mucho antes
clear,218.1,8,Mucho antes
stormy,275.9,10,Mucho antes
rainy,170.1,8,Mucho antes
rainy,284.3,11,Mucho tarde
cold,65.7,3,Mucho antes
rainy,159.1,9,Mucho antes
hot,139.0,6,Ligeramente tarde
clear,208.1,6,Ligeramente antes
hot,70.3,4,Mucho antes
foggy,39.9,3,Ligeramente tarde
clear,132.2,4,Mucho antes
clear,204.6,7,Mucho antes
foggy,215.7,8,Mucho antes
stormy,202.5,9,Mucho tarde
hot,194.7,6,Mucho antes
cold,48.8,2,Mucho antes
hot,237.7,9,Mucho antes
clear,168.5,6,Ligeramente tarde
hot,21.4,2,Mucho antes
cold,77.3,1,Mucho antes
stormy,80.5,7,Mucho tarde
foggy,40.7,3,Mucho antes
cold,43.2,3,Ligeramente tarde
clear,267.5,11,Mucho antes
clear,135.5,5,Mucho antes
clear,124.9,4,Mucho antes
hot,243.2,6,Ligeramente antes
clear,109.9,5,Mucho antes
clear,96.1,6,Mucho antes
stormy,62.5,5,Mucho antes
stormy,27.2,6,Mucho antes
rainy,60.4,6,Mucho antes
cold,245.8,5,Mucho antes
foggy,169.6,5,Mucho antes
stormy,176.9,10,Mucho tarde
hot,110.9,3,Mucho antes
hot,148.0,7,Ligeramente antes
foggy,198.0,7,Mucho antes
stormy,125.5,8,Mucho tarde
rainy,100.0,6,Mucho antes
stormy,76.2,7,Mucho tarde
cold,64.3,2,Mucho antes
hot,171.6,6,Mucho antes
rainy,22.6,5,Mucho antes
cold,48.8,2,Mucho antes
hot,177.9,6,Mucho antes
cold,242.2,11,Mucho tarde
hot,80.2,3,Mucho antes
stormy,3.8,4,Mucho antes
hot,200.8,8,Ligeramente antes
cold,13.1,1,Ligeramente antes
foggy,100.3,5,Ligeramente tarde
stormy,135.5,5,Mucho antes
cold,227.0,5,Mucho antes
hot,232.1,5,Mucho antes
clear,125.8,3,Mucho antes
cold,262.3,9,Ligeramente tarde
stormy,115.3,8,Mucho antes
rainy,142.9,5,Ligeramente tarde
hot,119.5,5,Ligeramente tarde
cold,186.1,3,Mucho antes
cold,121.6,3,Mucho antes
clear,279.5,9,Mucho antes
stormy,252.3,11,Mucho antes
clear,117.4,3,Mucho antes
stormy,8.2,6,Mucho antes
foggy,164.2,4,Mucho antes
cold,73.4,4,Ligeramente tarde
clear,96.7,5,Ligeramente tarde
foggy,138.2,6,Mucho antes
hot,241.6,9,Mucho antes
stormy,224.6,11,Mucho antes
foggy,167.7,6,Ligeramente tarde
hot,218.7,6,Mucho antes
rainy,92.8,9,Ligeramente tarde
rainy,148.4,10,Mucho antes
foggy,22.3,3,Mucho antes
foggy,16.7,1,Mucho antes
rainy,49.0,5,Mucho antes
hot,225.6,10,Mucho antes
foggy,276.7,9,Ligeramente tarde
foggy,185.5,7,Ligeramente antes
rainy,13.1,7,Mucho antes
cold,187.3,7,Ligeramente antes
clear,83.3,3,Mucho antes
stormy,263.8,12,Mucho tarde
cold,219.5,5,Mucho antes
hot,109.1,4,Mucho antes
cold,132.7,6,Mucho antes
clear,215.9,8,Ligeramente antes
foggy,278.6,11,Mucho tarde
cold,90.2,3,Ligeramente antes
clear,231.4,5,Mucho antes
cold,206.7,5,Mucho antes
clear,72.6,5,Mucho antes
hot,75.7,2,Mucho antes
hot,64.8,5,Ligeramente tarde
rainy,52.9,6,Mucho tarde
cold,93.9,2,Mucho antes
stormy,39.6,6,Mucho antes
stormy,76.3,7,Mucho tarde
clear,108.9,4,Mucho antes
clear,167.4,7,Mucho antes
clear,131.4,6,Ligeramente tarde
foggy,96.0,6,Mucho antes
rainy,35.8,4,Ligeramente tarde
stormy,168.7,6,Mucho antes
rainy,252.2,14,Mucho antes
foggy,184.8,11,Mucho tarde
cold,170.5,7,Mucho antes
cold,115.6,4,Mucho antes
hot,159.8,4,Mucho antes
stormy,201.6,7,Mucho antes
hot,87.9,4,Mucho antes
hot,286.1,8,Ligeramente antes
hot,7.5,2,Ligeramente antes
foggy,101.2,3,Mucho antes
foggy,294.6,9,Ligeramente tarde
stormy,243.4,8,Mucho antes
cold,17.7,3,Mucho antes
hot,108.8,4,Mucho antes
stormy,206.6,7,Mucho antes
cold,165.7,7,Ligeramente antes
rainy,280.4,11,Mucho antes
hot,236.9,9,Mucho antes
hot,198.2,4,Ligeramente antes
rainy,181.9,7,Mucho antes
stormy,297.1,10,Mucho antes
stormy,151.1,8,Ligeramente antes
stormy,3.6,3,Mucho antes
cold,223.0,7,Ligeramente tarde
rainy,157.7,9,Ligeramente tarde
foggy,253.0,7,Mucho antes
stormy,135.7,9,Mucho antes
clear,49.6,2,Mucho antes
clear,197.1,5,Mucho antes
foggy,274.6,8,Ligeramente antes
hot,28.1,2,Ligeramente antes
foggy,55.3,3,Mucho antes
stormy,69.3,6,Mucho tarde
hot,43.1,3,Ligeramente tarde
stormy,169.3,11,Mucho tarde
stormy,23.9,6,Mucho tarde
stormy,295.4,9,Ligeramente tarde
stormy,51.5,5,Mucho antes
cold,15.9,1,Mucho antes
foggy,100.9,6,Ligeramente tarde
clear,143.4,5,Mucho antes
cold,247.7,6,Mucho antes
foggy,185.4,8,Ligeramente antes
cold,295.1,7,Mucho antes
hot,120.6,2,Mucho antes
stormy,29.0,4,Mucho antes
stormy,273.4,12,Mucho tarde
foggy,172.7,8,Mucho antes
hot,153.8,8,Mucho antes
rainy,135.8,6,Ligeramente tarde
cold,57.1,1,Mucho antes
stormy,111.0,5,Mucho antes
foggy,98.3,6,Mucho antes
rainy,107.8,6,Ligeramente tarde
hot,83.5,4,Mucho antes
foggy,150.7,8,Mucho antes
foggy,225.5,7,Mucho antes
clear,288.1,6,Ligeramente antes
hot,36.1,2,Ligeramente antes
clear,263.2,6,Ligeramente antes
foggy,104.0,4,Ligeramente antes
hot,156.1,4,Mucho antes
foggy,35.6,5,Mucho antes
clear,42.0,1,Ligeramente antes
cold,244.8,5,Mucho antes
clear,154.6,7,Ligeramente tarde
hot,73.2,2,Mucho antes
clear,277.1,7,Mucho antes
hot,258.9,10,Ligeramente tarde
cold,114.2,4,Mucho antes
stormy,61.4,6,Mucho tarde
clear,107.1,4,Ligeramente antes
clear,208.2,5,Mucho antes
rainy,98.7,9,Mucho antes
foggy,143.2,8,Mucho tarde
cold,284.9,7,Mucho antes
clear,282.8,11,Mucho tarde
stormy,136.6,7,Mucho antes
hot,270.0,9,Mucho antes
stormy,116.3,11,Mucho antes
hot,145.1,4,Ligeramente antes
hot,64.5,3,Mucho antes
clear,74.8,1,Mucho antes
cold,208.9,6,Mucho antes
foggy,234.0,11,Mucho antes
foggy,171.6,6,Mucho antes
cold,192.4,8,Mucho antes
hot,94.0,3,Ligeramente antes
clear,270.4,8,Mucho antes
rainy,207.9,8,Ligeramente antes
foggy,261.1,10,Mucho tarde
cold,231.9,5,Mucho antes
clear,141.1,5,Ligeramente tarde
foggy,202.3,6,Ligeramente antes
foggy,42.7,4,Ligeramente tarde
rainy,110.3,8,Mucho antes
stormy,180.1,9,Mucho tarde
rainy,52.8,4,Mucho antes
foggy,246.5,12,Mucho antes
hot,114.0,5,Ligeramente tarde
cold,275.4,10,Mucho antes
clear,248.2,8,Ligeramente tarde
foggy,81.8,4,Mucho antes
clear,3.8,2,Mucho antes
clear,21.0,2,Ligeramente antes
clear,24.8,2,Mucho antes
hot,88.2,1,Mucho antes
stormy,7.3,8,Mucho antes
rainy,140.4,7,Mucho tarde
foggy,175.4,6,Mucho antes
hot,235.2,4,Mucho antes
rainy,267.3,8,Ligeramente tarde
foggy,9.0,3,Mucho antes
clear,295.2,8,Mucho antes
rainy,172.1,8,Mucho tarde
rainy,195.9,10,Ligeramente tarde
clear,68.3,2,Mucho antes
hot,143.0,3,Mucho antes
hot,103.9,3,Ligeramente antes
stormy,121.7,5,Mucho antes
rainy,110.6,6,Mucho antes
clear,50.1,1,Mucho antes
cold,99.5,5,Mucho antes
foggy,222.1,10,Ligeramente tarde
stormy,82.2,9,Ligeramente tarde
stormy,223.0,14,Mucho tarde
hot,140.1,5,Ligeramente tarde
foggy,291.8,13,Mucho tarde
stormy,108.9,8,Ligeramente antes
hot,289.2,8,Ligeramente tarde
cold,16.0,0,Mucho antes
hot,30.4,2,Mucho antes
rainy,78.7,6,Mucho antes
rainy,264.7,13,Mucho antes
foggy,220.2,8,Ligeramente tarde
hot,82.9,3,Mucho antes
cold,3.6,2,Mucho antes
foggy,246.2,7,Ligeramente antes
rainy,256.1,9,Ligeramente tarde
stormy,78.9,7,Mucho tarde
stormy,8.1,7,Mucho antes
clear,291.3,8,Mucho antes
cold,112.3,4,Mucho antes
cold,69.0,2,Mucho antes
cold,290.2,7,Mucho antes
stormy,223.0,13,Mucho tarde
hot,51.1,1,Mucho antes
clear,137.9,5,Mucho antes
clear,127.1,5,Mucho antes
clear,118.1,4,Mucho antes
stormy,202.6,11,Mucho antes
foggy,39.7,5,Mucho antes
hot,132.8,4,Mucho antes
rainy,162.2,6,Mucho antes
rainy,187.2,12,Mucho tarde
foggy,45.9,3,Mucho antes
hot,249.6,9,Mucho antes
rainy,167.4,9,Mucho antes
cold,287.6,11,Mucho antes
rainy,110.8,6,Mucho antes
stormy,274.6,13,Mucho tarde
rainy,30.0,5,Mucho antes
foggy,291.3,11,Mucho tarde
stormy,233.3,10,Mucho tarde
hot,130.9,6,Ligeramente tarde
cold,23.7,2,Mucho antes
rainy,241.8,9,Mucho tarde
hot,127.1,6,Mucho antes
hot,190.3,5,Mucho antes
hot,132.2,5,Mucho antes
stormy,68.8,4,Mucho antes
rainy,24.6,3,Mucho antes
stormy,296.4,13,Mucho tarde
foggy,77.1,5,Ligeramente tarde
foggy,135.9,8,Ligeramente antes
rainy,171.7,7,Mucho antes
foggy,234.4,8,Ligeramente antes
stormy,82.9,7,Mucho antes
clear,230.3,6,Ligeramente antes
foggy,38.4,3,Ligeramente tarde
stormy,245.4,14,Mucho tarde
foggy,271.3,11,Mucho tarde
cold,271.1,7,Ligeramente antes
cold,13.8,1,Mucho antes
foggy,149.9,4,Mucho antes
cold,267.1,9,Mucho antes
stormy,238.0,7,Ligeramente antes
rainy,264.4,11,Mucho tarde
hot,215.0,7,Ligeramente antes
clear,255.7,5,Mucho antes
stormy,19.0,6,Mucho antes
cold,60.1,3,Ligeramente antes
cold,217.4,6,Mucho antes
clear,244.3,7,Ligeramente tarde
cold,55.7,2,Ligeramente antes
foggy,241.6,9,Mucho antes
cold,69.3,4,Mucho antes
stormy,199.6,8,Mucho antes
foggy,155.8,6,Mucho antes
foggy,231.0,6,Mucho antes
clear,130.4,5,Mucho antes
hot,61.7,3,Mucho antes
foggy,246.9,8,Ligeramente antes
rainy,278.1,15,Mucho tarde
stormy,187.6,11,Mucho antes
rainy,259.5,8,Ligeramente antes
clear,7.6,2,Mucho antes
hot,164.1,4,Ligeramente antes
cold,116.3,4,Mucho antes
cold,213.7,4,Mucho antes
cold,99.3,3,Mucho antes
clear,5.1,1,Mucho antes
stormy,142.3,8,Ligeramente antes
rainy,178.7,12,Mucho antes
stormy,203.7,11,Mucho antes
cold,250.0,5,Mucho antes
foggy,297.1,11,Mucho tarde
stormy,229.0,8,Mucho antes
cold,92.3,4,Mucho antes
stormy,282.1,19,Mucho tarde
foggy,203.8,6,Mucho antes
cold,268.5,7,Mucho antes
rainy,125.3,6,Mucho antes
foggy,43.5,5,Mucho antes
cold,204.8,7,Ligeramente tarde
hot,41.6,4,Mucho antes
cold,261.2,6,Mucho antes
rainy,192.9,9,Mucho tarde
rainy,133.3,8,Ligeramente antes
foggy,39.4,5,Mucho antes
stormy,85.1,8,Ligeramente antes
stormy,85.5,7,Mucho tarde
stormy,14.8,2,Mucho antes
rainy,44.7,4,Ligeramente tarde
cold,183.0,6,Mucho antes
hot,12.4,2,Mucho antes
stormy,142.7,11,Mucho tarde
clear,179.1,5,Mucho antes
foggy,74.7,3,Mucho antes
foggy,297.1,8,Ligeramente tarde
stormy,137.8,8,Ligeramente antes
foggy,226.4,9,Mucho tarde
cold,67.5,2,Ligeramente antes
stormy,11.2,6,Mucho antes
clear,22.9,1,Ligeramente antes
rainy,88.4,6,Mucho antes
stormy,91.9,10,Mucho antes
clear,58.3,4,Ligeramente tarde
clear,101.1,3,Mucho antes
stormy,37.4,8,Ligeramente antes
rainy,266.0,10,Mucho tarde
clear,92.0,2,Mucho antes
hot,219.6,7,Ligeramente antes
hot,274.4,8,Ligeramente tarde
hot,280.8,13,Mucho antes
clear,170.2,6,Mucho antes
cold,98.6,5,Mucho antes
clear,272.0,7,Ligeramente antes
stormy,291.7,14,Mucho tarde
cold,226.0,6,Mucho antes
hot,174.0,6,Mucho antes
cold,50.7,1,Mucho antes
stormy,188.4,8,Ligeramente antes
foggy,71.3,6,Mucho antes
rainy,54.3,5,Mucho antes
cold,120.8,3,Mucho antes
foggy,120.5,6,Mucho antes
stormy,152.9,7,Ligeramente tarde
rainy,116.1,6,Ligeramente tarde
rainy,12.4,3,Mucho antes
stormy,145.0,8,Mucho antes
hot,91.0,5,Mucho antes
stormy,177.7,13,Mucho antes
rainy,126.3,5,Mucho antes
rainy,122.0,8,Mucho tarde
stormy,256.9,15,Mucho tarde
foggy,222.6,10,Mucho antes
rainy,237.7,11,Mucho tarde
stormy,190.7,13,Mucho tarde
hot,264.1,5,Mucho antes
foggy,189.8,10,Mucho tarde
cold,9.6,2,Mucho antes
rainy,151.3,6,Mucho antes
foggy,172.8,7,Mucho antes
cold,267.5,7,Mucho antes
clear,155.2,4,Mucho antes
hot,71.7,2,Mucho antes
rainy,135.7,9,Mucho antes
rainy,127.4,6,Mucho antes
clear,167.5,4,Mucho antes
foggy,80.2,5,Mucho antes
rainy,99.7,7,Mucho antes
foggy,288.3,11,Mucho tarde
rainy,147.0,8,Mucho antes
cold,254.6,9,Mucho antes
stormy,288.5,12,Mucho tarde
hot,243.2,6,Mucho antes
clear,119.2,5,Ligeramente tarde
stormy,60.3,6,Mucho antes
hot,241.5,8,Mucho antes
clear,185.1,5,Mucho antes
cold,96.1,2,Mucho antes
rainy,242.8,9,Mucho tarde
cold,173.1,8,Mucho antes
cold,234.5,4,Mucho antes
rainy,152.6,8,Mucho tarde
foggy,184.1,4,Mucho antes
clear,110.2,3,Mucho antes
clear,104.4,5,Mucho antes
foggy,216.5,9,Mucho tarde
foggy,115.4,6,Ligeramente tarde
rainy,122.3,7,Mucho antes
stormy,90.1,7,Mucho antes
cold,239.2,7,Mucho antes
rainy,248.5,7,Ligeramente antes
hot,48.0,2,Mucho antes
foggy,206.2,6,Ligeramente antes
foggy,74.4,5,Mucho antes
rainy,73.9,3,Mucho antes
cold,58.0,2,Mucho antes
foggy,67.4,5,Mucho antes
cold,119.3,6,Mucho antes
cold,88.6,2,Mucho antes
rainy,62.7,9,Mucho tarde
foggy,188.8,6,Mucho antes
clear,238.7,5,Mucho antes
hot,130.4,5,Mucho antes
foggy,3.6,3,Mucho antes
clear,180.0,5,Mucho antes
rainy,248.9,9,Mucho antes
hot,184.4,9,Ligeramente tarde
clear,253.8,8,Ligeramente tarde
stormy,4.5,6,Mucho antes
cold,67.8,2,Ligeramente antes
foggy,195.8,8,Ligeramente antes
rainy,113.4,9,Mucho antes
stormy,60.1,7,Mucho antes
stormy,274.6,14,Mucho antes
foggy,121.7,5,Mucho antes
hot,253.4,8,Mucho antes
hot,289.7,8,Ligeramente antes
stormy,9.1,6,Mucho tarde
hot,284.4,12,Mucho tarde
foggy,216.4,8,Mucho antes
rainy,233.3,8,Mucho antes
cold,56.4,3,Mucho antes
foggy,53.8,4,Ligeramente tarde
clear,142.5,6,Mucho antes
clear,46.7,2,Mucho antes
cold,215.4,7,Ligeramente antes
clear,270.9,13,Mucho antes
cold,285.4,9,Ligeramente tarde
rainy,91.7,4,Mucho antes
cold,155.6,5,Mucho antes
stormy,57.7,6,Mucho antes
hot,101.6,4,Ligeramente antes
hot,83.7,2,Ligeramente antes
foggy,155.3,6,Mucho antes
cold,80.1,2,Ligeramente antes
hot,6.4,1,Mucho antes
foggy,80.3,4,Mucho antes
foggy,41.4,3,Ligeramente tarde
clear,12.8,1,Ligeramente antes
rainy,142.2,7,Ligeramente antes
stormy,192.7,11,Mucho antes
hot,271.6,9,Ligeramente tarde
rainy,62.6,7,Mucho antes
foggy,23.7,3,Ligeramente tarde
stormy,218.7,10,Ligeramente tarde
rainy,155.7,8,Mucho antes
foggy,274.6,7,Ligeramente antes
hot,140.5,5,Ligeramente tarde
rainy,260.5,14,Mucho antes
hot,20.4,0,Mucho antes
rainy,297.1,11,Mucho tarde
clear,124.3,4,Ligeramente antes
foggy,260.3,10,Ligeramente tarde
foggy,11.9,4,Mucho antes
rainy,57.0,4,Mucho antes
hot,176.8,6,Mucho antes
hot,5.5,3,Mucho antes
stormy,168.2,8,Mucho antes
foggy,82.0,6,Mucho tarde
clear,159.5,9,Mucho tarde
hot,224.9,5,Mucho antes
foggy,188.4,10,Mucho antes
stormy,223.8,8,Mucho antes
rainy,104.8,6,Ligeramente tarde
rainy,215.3,14,Mucho antes
stormy,161.6,11,Mucho tarde
rainy,153.0,6,Mucho antes
foggy,188.2,8,Mucho tarde
cold,151.6,3,Mucho antes
rainy,134.5,8,Mucho antes
foggy,95.5,6,Mucho antes
rainy,180.9,8,Mucho tarde
clear,89.6,3,Ligeramente antes
foggy,3.6,3,Mucho antes
stormy,19.7,3,Mucho antes
rainy,263.9,9,Ligeramente tarde
foggy,254.1,11,Mucho tarde
hot,287.3,9,Mucho antes
foggy,134.7,4,Mucho antes
stormy,82.1,9,Mucho tarde
rainy,297.1,17,Ligeramente tarde
foggy,182.9,6,Mucho antes
clear,272.5,8,Mucho antes
stormy,107.8,7,Mucho antes
stormy,232.0,13,Mucho antes
rainy,234.1,10,Mucho antes
foggy,197.7,8,Mucho antes
hot,73.6,4,Mucho antes
foggy,249.7,12,Mucho tarde
cold,141.3,3,Ligeramente antes
cold,226.5,8,Ligeramente antes
clear,163.1,4,Mucho antes
rainy,32.8,5,Mucho antes
rainy,131.8,9,Ligeramente tarde
stormy,114.3,7,Mucho antes
stormy,278.1,11,Mucho tarde
hot,251.3,7,Ligeramente antes
foggy,95.8,4,Mucho antes
foggy,183.5,8,Mucho antes
foggy,133.0,7,Mucho antes
hot,197.2,7,Mucho antes
foggy,130.7,5,Mucho antes
stormy,122.8,7,Mucho tarde
clear,233.5,9,Mucho antes
foggy,285.0,14,Mucho tarde
foggy,14.6,3,Mucho antes
cold,7.5,0,Mucho antes
clear,157.2,5,Mucho antes
foggy,217.0,7,Ligeramente antes
stormy,274.9,10,Mucho antes
foggy,88.1,5,Mucho antes
rainy,143.6,7,Ligeramente antes
stormy,248.3,9,Mucho antes
clear,103.1,4,Mucho antes
stormy,20.6,6,Mucho antes
cold,254.4,8,Mucho antes
stormy,80.8,7,Mucho antes
hot,296.5,12,Mucho antes
hot,76.7,4,Mucho antes
stormy,188.6,8,Ligeramente antes
hot,278.9,4,Mucho antes
cold,79.2,3,Ligeramente antes
stormy,128.5,12,Mucho antes
rainy,129.5,5,Mucho antes
stormy,160.0,8,Mucho antes
foggy,111.4,4,Mucho antes
clear,160.5,5,Ligeramente antes
cold,188.8,5,Mucho antes
hot,91.7,3,Ligeramente antes
foggy,187.2,7,Mucho antes
cold,63.0,4,Mucho antes
rainy,78.9,7,Mucho tarde
rainy,24.4,5,Mucho antes
rainy,258.2,7,Ligeramente antes
rainy,129.1,7,Mucho antes
stormy,88.2,8,Mucho tarde
cold,201.6,9,Mucho tarde
stormy,109.5,7,Mucho antes
foggy,149.1,9,Mucho antes
hot,110.7,5,Mucho antes
hot,82.2,1,Mucho antes
clear,291.0,6,Mucho antes
foggy,3.8,3,Ligeramente tarde
stormy,97.7,10,Ligeramente tarde
stormy,199.9,9,Mucho antes
clear,139.1,4,Ligeramente antes
foggy,149.4,7,Mucho tarde
cold,175.1,5,Mucho antes
hot,228.9,6,Mucho antes
hot,31.6,1,Mucho antes
stormy,19.0,5,Mucho tarde
stormy,100.8,5,Mucho antes
foggy,137.7,8,Mucho antes
rainy,245.5,12,Mucho antes
stormy,4.5,4,Mucho antes
cold,189.7,7,Mucho antes
cold,101.5,4,Mucho antes
foggy,135.3,5,Mucho antes
hot,171.0,5,Mucho antes
rainy,66.2,5,Ligeramente tarde
clear,62.6,4,Mucho antes
rainy,231.2,8,Mucho antes
foggy,249.8,6,Mucho antes
cold,79.2,2,Mucho antes
clear,189.2,7,Ligeramente antes
foggy,155.3,7,Ligeramente antes
cold,179.2,5,Mucho antes
rainy,259.3,11,Mucho antes
rainy,179.8,9,Mucho antes
stormy,257.8,16,Mucho antes
hot,142.2,2,Mucho antes
rainy,19.9,3,Mucho antes
stormy,48.6,8,Mucho tarde
stormy,194.1,11,Mucho antes
hot,114.4,3,Mucho antes
stormy,141.9,7,Mucho tarde
hot,223.0,9,Ligeramente tarde
foggy,187.7,7,Ligeramente tarde
rainy,220.5,10,Ligeramente tarde
foggy,12.1,0,Mucho antes
foggy,278.9,9,Ligeramente tarde
stormy,110.0,8,Mucho tarde
rainy,213.6,8,Mucho antes
hot,125.2,4,Mucho antes
rainy,63.8,5,Ligeramente tarde
rainy,165.4,6,Mucho antes
clear,26.9,1,Mucho antes
rainy,15.3,4,Mucho antes
cold,84.3,3,Mucho antes
cold,128.9,5,Mucho antes
rainy,74.4,7,Mucho tarde
rainy,297.0,10,Mucho antes
clear,9.4,3,Mucho antes
rainy,260.6,13,Mucho antes
rainy,127.7,6,Mucho antes
clear,226.9,9,Mucho antes
rainy,272.8,8,Mucho antes
rainy,176.8,9,Mucho antes
clear,150.0,4,Ligeramente antes
foggy,189.4,7,Mucho antes
hot,292.0,8,Mucho antes
cold,25.2,3,Mucho antes
stormy,170.2,11,Mucho tarde
hot,145.2,5,Mucho antes
stormy,246.0,11,Mucho antes
stormy,32.6,6,Mucho tarde
cold,192.7,7,Mucho antes
cold,90.9,2,Mucho antes
clear,228.5,5,Mucho antes
stormy,20.7,6,Mucho antes
stormy,252.0,8,Mucho antes
cold,3.6,1,Mucho antes
stormy,265.5,14,Mucho antes
rainy,145.3,6,Mucho antes
hot,277.6,7,Ligeramente antes
cold,3.7,2,Mucho antes
rainy,276.5,10,Mucho tarde
rainy,163.4,10,Mucho antes
foggy,20.8,2,Mucho antes
stormy,295.6,10,Mucho antes
foggy,85.0,3,Mucho antes
hot,56.1,1,Mucho antes
foggy,21.1,3,Mucho antes
foggy,155.7,8,Mucho antes
stormy,203.1,13,Mucho tarde
rainy,90.8,5,Ligeramente tarde
rainy,208.8,7,Ligeramente tarde
rainy,253.6,8,Mucho antes
cold,136.8,5,Mucho antes
stormy,289.4,13,Mucho tarde
cold,32.9,2,Mucho antes
rainy,219.0,12,Mucho antes
foggy,221.2,7,Mucho antes
foggy,167.6,6,Mucho antes
cold,42.7,3,Mucho antes
stormy,163.6,8,Mucho antes
foggy,50.4,3,Mucho antes
stormy,26.4,6,Mucho antes
clear,162.7,6,Ligeramente tarde
foggy,182.6,5,Mucho antes
cold,241.1,5,Mucho antes
rainy,62.2,6,Mucho antes
foggy,279.7,7,Mucho antes
foggy,171.7,8,Mucho tarde
clear,193.9,5,Mucho antes
foggy,51.0,3,Ligeramente antes
rainy,240.4,8,Mucho antes
hot,197.6,8,Mucho antes
hot,56.3,2,Ligeramente antes
foggy,150.9,7,Ligeramente tarde
rainy,116.4,8,Mucho tarde
hot,297.1,9,Mucho antes
hot,295.3,7,Ligeramente antes
rainy,177.8,9,Mucho tarde
hot,116.3,3,Mucho antes
stormy,143.5,6,Ligeramente tarde
cold,80.3,2,Mucho antes
hot,232.3,6,Mucho antes
cold,151.5,5,Mucho antes
rainy,167.4,11,Mucho tarde
rainy,14.5,2,Mucho antes
hot,26.5,1,Ligeramente antes
stormy,65.2,7,Mucho antes
hot,132.0,4,Mucho antes
cold,131.9,5,Ligeramente tarde
foggy,255.0,9,Ligeramente tarde
rainy,234.1,9,Mucho antes
rainy,190.7,11,Mucho tarde
cold,10.4,2,Mucho antes
stormy,165.9,9,Mucho tarde
hot,295.5,12,Mucho antes
cold,150.1,3,Mucho antes
cold,166.0,5,Mucho antes
cold,15.1,0,Mucho antes
rainy,79.4,8,Mucho antes
hot,182.1,6,Mucho antes
rainy,259.6,11,Mucho antes
foggy,228.6,7,Mucho antes
cold,251.1,11,Mucho antes
rainy,237.7,8,Mucho antes
rainy,188.2,8,Mucho antes
stormy,160.0,6,Mucho antes
cold,108.1,4,Mucho antes
stormy,242.8,14,Mucho tarde
rainy,131.0,7,Mucho tarde
cold,162.5,4,Ligeramente antes
foggy,297.1,11,Mucho antes
foggy,85.6,6,Mucho tarde
stormy,127.8,6,Mucho antes
hot,25.3,3,Ligeramente tarde
cold,101.5,4,Mucho antes
rainy,268.7,12,Mucho tarde
foggy,81.5,5,Ligeramente tarde
rainy,251.0,10,Ligeramente tarde
stormy,161.5,11,Mucho antes
rainy,163.1,8,Mucho antes
rainy,294.8,11,Mucho antes
hot,140.6,4,Mucho antes
rainy,91.9,4,Ligeramente tarde
foggy,193.6,10,Mucho antes
hot,151.1,5,Mucho antes
foggy,143.0,6,Ligeramente tarde
hot,267.9,9,Mucho antes
foggy,221.5,5,Ligeramente antes
cold,125.8,3,Mucho antes
cold,55.4,2,Mucho antes
clear,22.8,3,Ligeramente tarde
cold,75.1,3,Ligeramente antes
clear,292.8,7,Mucho antes
cold,35.6,1,Ligeramente antes
stormy,297.1,18,Mucho tarde
clear,190.7,6,Ligeramente tarde
foggy,147.9,7,Mucho antes
cold,254.7,6,Ligeramente antes
stormy,91.4,9,Mucho tarde
stormy,17.4,4,Ligeramente tarde
rainy,53.9,9,Mucho antes
foggy,240.2,7,Ligeramente antes
hot,174.5,6,Mucho antes
cold,141.2,6,Mucho antes
foggy,227.7,11,Mucho antes
stormy,144.6,9,Mucho antes
hot,142.1,6,Ligeramente tarde
cold,275.0,12,Mucho antes
rainy,171.9,9,Mucho antes
clear,195.1,5,Mucho antes
clear,191.1,3,Mucho antes
stormy,83.3,8,Ligeramente antes
foggy,297.1,11,Mucho tarde
clear,13.2,1,Mucho antes
foggy,96.1,4,Mucho antes
stormy,103.9,9,Mucho antes
foggy,293.8,12,Mucho antes
hot,180.3,5,Ligeramente antes
rainy,113.0,6,Mucho antes
cold,96.6,4,Mucho antes
foggy,27.4,5,Mucho antes
foggy,10.8,3,Mucho antes
stormy,48.0,8,Mucho tarde
cold,138.6,5,Ligeramente tarde
rainy,87.3,6,Mucho tarde
foggy,295.4,11,Mucho antes
rainy,84.1,8,Mucho tarde
stormy,250.5,9,Mucho antes
stormy,256.0,12,Mucho antes
cold,65.5,2,Ligeramente antes
clear,68.8,4,Mucho antes
hot,214.0,7,Ligeramente antes
clear,288.7,6,Ligeramente antes
stormy,159.7,10,Mucho antes
foggy,113.5,5,Ligeramente tarde
clear,10.2,1,Mucho antes
clear,237.1,7,Ligeramente tarde
hot,77.4,1,Mucho antes
hot,60.5,3,Ligeramente antes
stormy,64.7,6,Mucho antes
stormy,201.9,11,Mucho tarde
clear,124.2,4,Mucho antes
clear,242.8,7,Ligeramente antes
hot,28.3,1,Ligeramente antes
rainy,206.3,9,Mucho antes
hot,260.6,6,Mucho antes
clear,255.8,5,Mucho antes
stormy,51.4,5,Ligeramente tarde
cold,179.8,4,Mucho antes
foggy,286.5,8,Ligeramente tarde
rainy,239.8,9,Mucho antes
hot,258.6,11,Mucho antes
foggy,278.6,10,Mucho antes
rainy,34.6,7,Mucho antes
hot,56.0,4,Mucho antes
hot,238.8,6,Mucho antes
rainy,238.2,12,Mucho tarde
foggy,31.4,2,Ligeramente antes
rainy,257.6,13,Mucho antes
foggy,93.4,5,Mucho antes
hot,277.3,9,Mucho antes
stormy,19.5,5,Mucho antes
stormy,182.4,12,Mucho antes
rainy,295.3,9,Ligeramente tarde
rainy,177.0,8,Mucho antes
stormy,35.3,7,Mucho antes
clear,27.8,2,Mucho antes
cold,172.2,7,Mucho antes
hot,218.4,7,Mucho antes
hot,240.3,10,Mucho antes
rainy,175.1,10,Mucho tarde
foggy,92.1,4,Mucho antes
foggy,31.3,4,Mucho antes
hot,197.7,4,Ligeramente antes
rainy,167.1,9,Ligeramente tarde
hot,78.2,2,Mucho antes
foggy,285.2,14,Mucho tarde
cold,170.4,4,Mucho antes
clear,234.9,5,Mucho antes
hot,182.4,6,Mucho antes
clear,47.3,2,Ligeramente antes
rainy,279.3,15,Mucho tarde
stormy,173.2,9,Mucho antes
hot,194.9,9,Mucho antes
stormy,155.5,6,Mucho antes
foggy,231.5,7,Ligeramente antes
rainy,283.2,9,Ligeramente tarde
foggy,99.7,5,Mucho antes
rainy,255.4,9,Mucho antes
clear,36.2,3,Ligeramente tarde
hot,128.4,5,Mucho antes
cold,269.1,6,Ligeramente antes
foggy,175.4,5,Mucho antes
foggy,12.6,4,Mucho antes
stormy,110.7,9,Mucho antes
clear,216.1,7,Mucho antes
rainy,98.1,6,Mucho tarde
foggy,73.1,6,Mucho antes
stormy,240.7,15,Mucho tarde
rainy,74.8,7,Mucho antes
foggy,61.9,3,Mucho antes
rainy,208.6,9,Mucho tarde
rainy,208.0,8,Mucho antes
foggy,3.6,5,Mucho tarde
stormy,169.1,7,Ligeramente tarde
cold,19.9,1,Mucho antes
clear,273.0,8,Ligeramente antes
rainy,221.8,9,Mucho tarde
clear,220.7,6,Mucho antes
rainy,222.3,11,Mucho antes
foggy,56.4,4,Mucho antes
cold,32.7,1,Mucho antes
rainy,135.2,9,Mucho antes
hot,210.1,5,Mucho antes
hot,297.1,6,Mucho antes
rainy,84.3,6,Mucho antes
rainy,272.7,8,Mucho antes
hot,24.0,1,Mucho antes
clear,91.0,2,Mucho antes
hot,123.8,4,Mucho antes
clear,106.8,4,Mucho antes
stormy,250.2,7,Mucho antes
hot,131.6,4,Mucho antes
cold,230.8,6,Mucho antes
cold,265.2,5,Mucho antes
stormy,152.3,8,Ligeramente antes
cold,115.9,5,Mucho antes
stormy,3.6,7,Mucho antes
cold,219.0,7,Mucho antes
cold,288.7,10,Mucho antes
cold,72.2,2,Mucho antes
hot,280.9,5,Mucho antes
cold,294.3,6,Ligeramente antes
cold,199.1,6,Mucho antes
foggy,191.4,5,Mucho antes
rainy,252.2,12,Mucho tarde
stormy,292.1,11,Mucho tarde
foggy,187.6,8,Mucho tarde
clear,7.7,2,Ligeramente antes
rainy,228.3,12,Mucho antes
cold,90.4,3,Mucho antes
cold,153.3,6,Mucho antes
clear,187.5,7,Ligeramente antes
hot,111.5,2,Mucho antes
hot,36.5,3,Mucho antes
hot,163.1,4,Mucho antes
rainy,143.6,9,Mucho antes
hot,293.0,8,Ligeramente tarde
stormy,24.5,5,Mucho tarde
rainy,260.7,12,Mucho antes
hot,148.8,8,Ligeramente antes
cold,63.9,3,Ligeramente antes
stormy,89.1,8,Mucho tarde
clear,3.6,2,Mucho antes
cold,162.9,7,Mucho antes
clear,277.1,8,Mucho antes
rainy,225.8,11,Mucho antes
rainy,87.9,7,Mucho antes
stormy,106.8,7,Mucho antes
rainy,89.8,7,Ligeramente antes
cold,38.7,1,Ligeramente antes
rainy,48.4,5,Mucho antes
stormy,215.2,9,Mucho tarde
clear,175.2,5,Ligeramente antes
stormy,87.2,5,Mucho antes
rainy,79.6,7,Mucho antes
foggy,217.5,9,Mucho antes
stormy,29.5,5,Mucho antes
hot,65.8,1,Mucho antes
hot,106.5,2,Mucho antes
foggy,262.7,9,Mucho antes
foggy,245.6,12,Mucho tarde
rainy,25.7,2,Mucho antes
cold,167.2,7,Mucho antes
clear,251.1,8,Mucho antes
clear,163.9,7,Ligeramente antes
foggy,139.3,8,Mucho tarde
foggy,267.8,11,Mucho antes
rainy,220.5,9,Mucho antes
foggy,153.2,8,Mucho antes
cold,53.5,1,Mucho antes
rainy,54.2,5,Mucho antes
stormy,71.8,6,Mucho antes
hot,176.3,5,Ligeramente antes
cold,164.6,8,Mucho antes
cold,190.3,7,Mucho antes
hot,60.0,3,Ligeramente antes
hot,156.1,4,Ligeramente antes
cold,183.5,7,Ligeramente antes
hot,257.4,7,Ligeramente antes
clear,83.4,3,Mucho antes
foggy,84.2,4,Mucho antes
hot,297.1,11,Mucho antes
cold,19.6,1,Ligeramente antes
clear,147.0,2,Mucho antes
cold,278.6,8,Ligeramente antes
clear,165.3,4,Mucho antes
rainy,174.5,10,Mucho antes
clear,81.2,3,Mucho antes
stormy,220.6,13,Mucho antes
stormy,288.6,17,Mucho tarde
cold,140.2,4,Mucho antes
stormy,259.8,11,Mucho tarde
clear,11.4,1,Mucho antes
rainy,252.6,7,Mucho antes
foggy,287.4,13,Mucho tarde
cold,255.2,6,Mucho antes
hot,27.2,1,Mucho antes
cold,191.3,5,Mucho antes
hot,23.3,2,Ligeramente antes
hot,21.3,2,Ligeramente antes
foggy,24.1,6,Mucho antes
stormy,43.7,8,Ligeramente antes
hot,161.3,5,Mucho antes
stormy,224.2,14,Mucho tarde
foggy,49.7,4,Mucho antes
foggy,3.6,3,Mucho antes
cold,128.5,4,Ligeramente antes
foggy,128.2,7,Ligeramente antes
foggy,132.0,5,Ligeramente tarde
clear,167.6,4,Mucho antes
stormy,291.5,15,Ligeramente antes
cold,85.5,3,Mucho antes
hot,171.5,7,Ligeramente antes
stormy,253.1,11,Mucho antes
foggy,131.1,8,Ligeramente antes
foggy,5.5,2,Mucho antes
foggy,106.2,7,Mucho antes
rainy,211.4,7,Mucho antes
hot,56.8,4,Mucho antes
foggy,200.3,4,Mucho antes
hot,16.6,1,Ligeramente antes
rainy,201.7,11,Mucho tarde
clear,150.5,3,Mucho antes
hot,211.1,8,Ligeramente tarde
clear,9.3,0,Mucho antes
hot,285.7,12,Mucho tarde
rainy,174.5,7,Mucho antes
hot,200.9,9,Ligeramente tarde
hot,244.8,9,Mucho tarde
hot,15.7,2,Mucho antes
foggy,48.8,4,Ligeramente tarde
cold,48.2,3,Mucho antes
foggy,48.1,2,Ligeramente antes
rainy,27.1,4,Ligeramente tarde
stormy,276.1,14,Mucho tarde
stormy,105.2,9,Mucho tarde
clear,35.0,1,Ligeramente antes
stormy,214.0,9,Ligeramente tarde
clear,110.6,2,Mucho antes
cold,62.5,3,Ligeramente antes
clear,278.7,7,Ligeramente antes
foggy,254.4,9,Ligeramente tarde
foggy,178.0,8,Mucho tarde
rainy,149.8,9,Ligeramente tarde
foggy,31.6,1,Mucho antes
clear,144.8,3,Mucho antes
cold,124.4,5,Mucho antes
cold,151.6,5,Mucho antes
clear,122.1,5,Mucho antes
rainy,160.0,7,Mucho antes
foggy,171.5,5,Mucho antes
clear,26.3,3,Mucho antes
rainy,63.7,8,Mucho antes
cold,137.7,6,Mucho antes
stormy,271.0,13,Mucho tarde
cold,281.9,6,Mucho antes
rainy,170.7,11,Mucho antes
stormy,172.3,8,Mucho antes
cold,160.2,4,Mucho antes
rainy,88.0,6,Mucho antes
hot,137.3,4,Mucho antes
foggy,171.4,5,Ligeramente antes
rainy,260.0,8,Ligeramente antes
clear,104.1,6,Mucho antes
cold,63.4,1,Mucho antes
clear,45.4,2,Mucho antes
clear,95.7,5,Mucho antes
foggy,152.1,6,Ligeramente tarde
clear,295.4,7,Ligeramente antes
cold,59.5,3,Ligeramente antes
hot,15.6,1,Mucho antes
clear,82.0,3,Ligeramente antes
cold,183.4,6,Mucho antes
stormy,286.3,14,Mucho tarde
hot,203.1,6,Mucho antes
rainy,236.2,11,Mucho tarde
cold,185.8,5,Ligeramente antes
clear,289.1,9,Ligeramente tarde
cold,176.7,6,Ligeramente tarde
rainy,203.7,9,Mucho antes
clear,295.1,11,Mucho antes
clear,167.8,3,Mucho antes
clear,71.8,4,Mucho antes
rainy,284.9,14,Mucho antes
stormy,165.8,10,Mucho antes
rainy,242.5,10,Mucho antes
stormy,121.4,9,Ligeramente tarde
rainy,288.2,9,Ligeramente tarde
hot,236.6,6,Mucho antes
foggy,190.6,10,Ligeramente tarde
stormy,229.9,15,Mucho antes
clear,245.9,7,Ligeramente tarde
foggy,256.5,10,Mucho tarde
clear,167.1,7,Mucho antes
foggy,211.1,9,Mucho antes
hot,290.7,5,Mucho antes
foggy,172.1,5,Mucho antes
hot,3.6,3,Mucho antes
clear,4.5,1,Mucho antes
foggy,231.3,10,Ligeramente tarde
clear,14.8,0,Mucho antes
cold,205.1,6,Mucho antes
cold,267.4,11,Mucho tarde
rainy,168.7,5,Mucho antes
hot,70.6,1,Mucho antes
hot,278.7,5,Mucho antes
foggy,152.2,9,Ligeramente tarde
foggy,54.5,3,Mucho antes
cold,124.4,5,Mucho antes
foggy,230.3,9,Mucho tarde
foggy,173.1,7,Mucho antes
rainy,168.8,7,Ligeramente antes
foggy,13.4,2,Ligeramente antes
rainy,126.5,8,Mucho antes
clear,206.4,9,Mucho tarde
stormy,51.9,8,Mucho tarde
rainy,294.5,14,Mucho tarde
clear,9.0,2,Mucho antes
clear,79.5,3,Mucho antes
cold,11.5,1,Mucho antes
foggy,77.5,4,Mucho antes
rainy,93.9,6,Mucho antes
rainy,144.6,10,Mucho tarde
foggy,259.2,13,Mucho antes
rainy,90.8,6,Mucho antes
foggy,61.4,4,Mucho antes
foggy,62.0,6,Mucho antes
cold,26.4,2,Mucho antes
rainy,45.4,7,Mucho tarde
rainy,89.8,6,Mucho antes
foggy,69.9,3,Mucho antes
foggy,24.3,6,Mucho antes
stormy,287.7,12,Mucho antes
stormy,24.1,8,Mucho antes
foggy,221.5,8,Mucho antes
rainy,80.5,7,Mucho antes
hot,166.3,6,Mucho antes
stormy,3.6,5,Mucho antes
rainy,3.6,5,Mucho antes
clear,101.8,2,Mucho antes
clear,211.5,7,Ligeramente antes
cold,291.8,11,Mucho antes
stormy,136.2,7,Mucho antes
cold,204.3,7,Ligeramente tarde
foggy,170.5,8,Mucho antes
clear,281.9,7,Mucho antes
cold,168.9,6,Mucho antes
hot,83.1,4,Mucho antes
hot,211.9,8,Mucho antes
clear,258.1,10,Mucho tarde
clear,254.7,6,Ligeramente antes
cold,240.7,8,Mucho antes
cold,28.5,1,Ligeramente antes
clear,140.1,3,Mucho antes
stormy,129.2,11,Mucho antes
foggy,295.4,13,Mucho antes
stormy,45.1,6,Mucho antes
cold,138.3,3,Mucho antes
stormy,219.5,14,Mucho antes
rainy,20.3,4,Mucho antes
foggy,268.1,7,Mucho antes
cold,212.3,7,Mucho antes
clear,41.8,4,Ligeramente tarde
hot,205.9,9,Ligeramente tarde
foggy,191.3,7,Ligeramente tarde
foggy,37.2,3,Mucho antes
clear,289.4,8,Ligeramente antes
clear,152.7,7,Ligeramente tarde
foggy,161.1,6,Mucho antes
stormy,205.5,9,Mucho antes
clear,61.1,2,Ligeramente antes
stormy,178.6,9,Mucho antes
cold,98.5,4,Ligeramente tarde
foggy,264.1,13,Mucho tarde
hot,268.9,5,Mucho antes
foggy,227.2,11,Mucho antes
clear,51.7,1,Mucho antes
stormy,141.9,7,Mucho antes
clear,288.8,7,Ligeramente antes
foggy,109.1,6,Mucho antes
rainy,98.0,5,Mucho antes
hot,66.3,3,Mucho antes
clear,22.5,2,Mucho antes
foggy,23.7,5,Mucho antes
clear,53.3,2,Mucho antes
cold,124.1,3,Mucho antes
hot,168.9,8,Mucho tarde
stormy,159.5,11,Mucho antes
cold,128.5,4,Mucho antes
clear,260.9,8,Ligeramente tarde
stormy,248.4,14,Mucho antes
cold,118.2,5,Mucho antes
foggy,153.2,7,Mucho antes
cold,265.8,9,Mucho antes
cold,57.0,1,Mucho antes
cold,106.5,3,Mucho antes
clear,180.3,8,Mucho tarde
rainy,134.5,8,Mucho tarde
hot,167.8,3,Mucho antes
foggy,13.1,5,Mucho antes
hot,147.5,4,Ligeramente antes
clear,287.3,8,Mucho antes
stormy,282.3,15,Mucho tarde
cold,208.8,5,Mucho antes
rainy,280.3,10,Mucho antes
hot,227.4,6,Mucho antes
clear,57.3,2,Mucho antes
rainy,206.3,9,Mucho tarde
rainy,297.1,11,Mucho tarde
rainy,196.8,6,Mucho antes
foggy,241.9,10,Mucho antes
cold,208.7,6,Mucho antes
clear,12.1,2,Mucho antes
foggy,6.5,5,Mucho antes
clear,224.0,7,Ligeramente antes
stormy,92.5,8,Ligeramente antes
stormy,144.7,10,Mucho antes
clear,99.4,3,Mucho antes
rainy,60.3,6,Mucho antes
rainy,92.2,6,Mucho antes
clear,131.9,4,Mucho antes
foggy,88.4,7,Mucho antes
rainy,289.8,12,Mucho tarde
rainy,283.4,11,Mucho antes
cold,33.6,3,Mucho antes
rainy,71.7,8,Ligeramente antes
rainy,37.3,6,Mucho antes
foggy,178.3,10,Mucho antes
cold,164.0,5,Mucho antes
rainy,39.3,6,Mucho antes
stormy,195.2,7,Ligeramente antes
cold,106.5,4,Mucho antes
cold,141.4,5,Mucho antes
stormy,217.9,8,Ligeramente tarde
hot,9.3,2,Mucho antes
clear,266.0,12,Mucho tarde
hot,34.8,0,Mucho antes
rainy,162.9,7,Mucho antes
rainy,282.9,10,Mucho tarde
foggy,286.1,10,Mucho antes
hot,225.1,7,Ligeramente tarde
foggy,191.6,8,Mucho antes
rainy,152.4,10,Mucho antes
hot,48.5,3,Mucho antes
stormy,147.4,8,Mucho antes
hot,100.8,6,Mucho antes
stormy,272.5,11,Mucho tarde
stormy,5.1,3,Mucho antes
clear,181.4,5,Mucho antes
foggy,251.6,9,Mucho antes
clear,14.6,0,Mucho antes
rainy,173.5,6,Ligeramente tarde
hot,163.1,4,Mucho antes
clear,17.7,3,Mucho antes
rainy,211.6,11,Mucho antes
clear,125.3,4,Ligeramente antes
foggy,133.6,5,Mucho antes
foggy,17.0,3,Mucho antes
hot,118.5,4,Mucho antes
clear,31.3,1,Mucho antes
clear,215.6,8,Ligeramente antes
foggy,234.7,12,Mucho antes
clear,50.0,1,Mucho antes
clear,35.1,2,Mucho antes
stormy,290.9,10,Mucho antes
cold,135.5,5,Ligeramente tarde
clear,221.6,5,Ligeramente antes
rainy,69.2,9,Mucho tarde
cold,49.4,2,Mucho antes
stormy,93.3,7,Mucho antes
rainy,224.3,13,Mucho tarde
cold,159.1,4,Mucho antes
stormy,250.7,13,Mucho antes
cold,4.1,0,Mucho antes
foggy,165.4,7,Ligeramente antes
hot,128.7,7,Mucho antes
foggy,49.6,3,Ligeramente tarde
stormy,107.9,6,Mucho antes
rainy,147.7,7,Mucho antes
rainy,116.2,8,Mucho antes
clear,272.7,6,Mucho antes
foggy,111.7,5,Mucho antes
rainy,262.5,7,Ligeramente antes
foggy,175.6,7,Mucho antes
foggy,245.4,10,Ligeramente tarde
stormy,177.8,9,Mucho tarde
clear,234.0,7,Mucho antes
foggy,65.8,6,Mucho tarde
cold,29.2,1,Mucho antes
clear,184.7,8,Mucho antes
cold,78.3,4,Mucho antes
clear,140.5,4,Mucho antes
cold,73.2,4,Mucho antes
foggy,192.6,10,Mucho antes
hot,217.9,4,Mucho antes
cold,151.7,3,Mucho antes
hot,110.2,3,Mucho antes
hot,183.6,5,Mucho antes
clear,253.5,11,Mucho tarde
rainy,90.9,8,Mucho antes
cold,41.0,2,Mucho antes
cold,172.6,8,Mucho tarde
rainy,131.9,4,Mucho antes
stormy,163.3,8,Mucho tarde
foggy,137.4,8,Mucho antes
cold,182.5,3,Mucho antes
cold,285.8,11,Mucho tarde
hot,65.6,2,Mucho antes
hot,73.5,4,Mucho antes
stormy,297.1,16,Mucho antes
cold,293.8,10,Mucho antes
cold,139.0,2,Mucho antes
foggy,145.1,6,Mucho antes
foggy,170.1,10,Ligeramente tarde
foggy,167.4,7,Mucho antes
hot,218.0,4,Mucho antes
cold,158.0,6,Mucho antes
rainy,220.8,8,Ligeramente tarde
foggy,230.7,12,Mucho tarde
cold,103.9,3,Mucho antes
rainy,208.1,6,Mucho antes
hot,163.2,5,Mucho antes
hot,286.9,10,Mucho antes
rainy,163.0,8,Ligeramente antes
rainy,234.4,9,Ligeramente tarde
stormy,34.9,7,Ligeramente antes
hot,193.6,8,Mucho tarde
clear,34.6,1,Mucho antes
cold,201.4,7,Ligeramente tarde
stormy,98.6,8,Mucho antes
clear,190.8,6,Mucho antes
hot,130.8,5,Mucho antes
stormy,245.9,14,Mucho antes
foggy,37.7,4,Mucho antes
rainy,73.8,7,Ligeramente antes
hot,127.9,4,Mucho antes
foggy,105.7,7,Mucho tarde
hot,28.3,2,Mucho antes
hot,129.9,5,Mucho antes
cold,172.7,5,Mucho antes
cold,220.4,9,Ligeramente tarde
cold,60.4,1,Mucho antes
stormy,85.7,7,Mucho tarde
rainy,135.2,5,Mucho antes
clear,251.9,9,Ligeramente tarde
rainy,113.4,6,Mucho antes
foggy,218.0,8,Mucho antes
rainy,265.2,6,Mucho antes
hot,56.1,3,Mucho antes
foggy,193.2,8,Ligeramente antes
cold,53.7,3,Mucho antes
clear,240.1,5,Ligeramente antes
clear,109.1,3,Mucho antes
foggy,186.4,11,Mucho tarde
rainy,278.0,16,Mucho tarde
cold,75.5,5,Mucho antes
stormy,191.0,10,Mucho antes
hot,163.6,6,Ligeramente tarde
hot,198.7,4,Mucho antes
stormy,31.5,6,Mucho antes
stormy,31.6,8,Mucho antes
rainy,253.8,8,Ligeramente tarde
foggy,86.8,7,Ligeramente antes
rainy,204.5,8,Mucho antes
cold,208.2,7,Ligeramente antes
clear,56.8,3,Mucho antes
cold,121.3,4,Ligeramente antes
clear,35.8,2,Ligeramente antes
foggy,33.5,2,Mucho antes
hot,265.8,7,Mucho antes
foggy,195.1,8,Mucho antes
cold,98.7,4,Mucho antes
cold,168.1,5,Ligeramente antes
cold,186.2,4,Mucho antes
hot,6.7,3,Mucho antes
cold,103.9,3,Mucho antes
foggy,172.1,6,Mucho antes
clear,106.5,4,Mucho antes
stormy,88.6,7,Mucho antes
foggy,140.8,8,Mucho antes
clear,220.0,6,Mucho antes
rainy,221.9,9,Ligeramente tarde
clear,178.3,7,Mucho antes
clear,230.8,9,Ligeramente tarde
hot,43.6,1,Mucho antes
rainy,48.3,5,Mucho antes
stormy,228.4,11,Mucho antes
stormy,82.7,8,Mucho antes
rainy,60.7,3,Mucho antes
foggy,35.4,3,Mucho antes
foggy,132.0,5,Mucho antes
cold,163.5,5,Mucho antes
cold,85.6,1,Mucho antes
clear,107.9,3,Mucho antes
hot,290.0,8,Ligeramente antes
hot,78.1,1,Mucho antes
cold,124.0,4,Mucho antes
stormy,110.4,9,Mucho antes
foggy,171.2,8,Mucho antes
hot,247.8,7,Mucho antes
hot,273.7,8,Ligeramente antes
foggy,122.2,7,Mucho tarde
hot,125.9,4,Mucho antes
clear,172.7,4,Mucho antes
cold,265.8,6,Ligeramente antes
foggy,24.9,2,Ligeramente antes
rainy,291.8,9,Mucho antes
rainy,230.7,6,Ligeramente antes
clear,137.9,3,Mucho antes
rainy,184.0,5,Mucho antes
clear,288.9,8,Ligeramente tarde
rainy,60.9,6,Mucho antes
hot,282.6,6,Ligeramente antes
stormy,56.8,7,Ligeramente antes
foggy,288.8,10,Ligeramente tarde
cold,5.3,0,Mucho antes
hot,212.9,7,Ligeramente antes
clear,10.1,0,Mucho antes
stormy,139.1,9,Mucho antes
foggy,3.6,3,Ligeramente tarde
foggy,13.8,2,Ligeramente antes
rainy,237.5,11,Mucho tarde
cold,276.1,7,Ligeramente antes
clear,214.0,6,Mucho antes
clear,252.4,7,Mucho antes
foggy,47.5,3,Mucho antes
cold,180.0,6,Mucho antes
hot,149.8,3,Mucho antes
foggy,257.1,11,Mucho antes
rainy,167.2,6,Mucho antes
rainy,274.9,15,Mucho tarde
rainy,272.9,7,Ligeramente antes
stormy,103.7,8,Mucho antes
cold,224.0,9,Mucho tarde
stormy,265.5,17,Mucho antes
stormy,110.3,9,Ligeramente tarde
foggy,232.6,9,Mucho antes
rainy,3.6,3,Mucho antes
clear,128.6,3,Ligeramente antes
clear,191.5,9,Mucho tarde
foggy,110.0,3,Mucho antes
cold,265.2,9,Mucho antes
hot,196.0,9,Ligeramente tarde
cold,161.3,3,Mucho antes
rainy,259.8,8,Mucho antes
hot,225.2,5,Mucho antes
stormy,73.8,6,Mucho antes
clear,240.8,6,Mucho antes
clear,154.6,4,Mucho antes
hot,62.4,2,Mucho antes
rainy,293.0,8,Mucho antes
foggy,120.6,7,Mucho antes
hot,11.7,2,Mucho antes
clear,276.4,5,Mucho antes
rainy,39.0,4,Mucho antes
clear,137.3,6,Mucho antes
stormy,155.9,6,Mucho antes
clear,228.4,8,Mucho antes
hot,24.4,2,Mucho antes
clear,224.8,7,Mucho antes
stormy,210.7,14,Mucho antes
stormy,92.3,7,Mucho antes
hot,238.2,6,Mucho antes
hot,55.4,3,Mucho antes
foggy,290.0,8,Ligeramente tarde
cold,280.1,7,Mucho antes
rainy,198.5,12,Mucho antes
cold,103.3,5,Mucho antes
cold,127.5,5,Mucho antes
hot,229.1,5,Mucho antes
stormy,63.1,5,Mucho antes
clear,94.2,3,Mucho antes
foggy,133.1,8,Mucho antes
foggy,235.0,10,Mucho antes
foggy,44.2,3,Mucho antes
clear,35.6,2,Mucho antes
cold,271.2,5,Mucho antes
stormy,289.9,16,Ligeramente antes
clear,161.2,4,Ligeramente antes
clear,213.6,9,Ligeramente tarde
hot,58.9,3,Mucho antes
stormy,260.0,11,Mucho antes
rainy,260.3,12,Mucho antes
rainy,46.9,3,Mucho antes
clear,222.6,6,Ligeramente antes
stormy,63.3,7,Ligeramente antes
clear,135.6,2,Mucho antes
hot,99.9,3,Mucho antes
foggy,261.4,11,Mucho tarde
rainy,140.0,8,Mucho antes
foggy,246.7,8,Ligeramente antes
cold,182.6,5,Ligeramente antes
foggy,146.5,5,Mucho antes
rainy,201.8,8,Ligeramente tarde
cold,3.6,1,Mucho antes
clear,162.9,5,Mucho antes
rainy,58.0,9,Mucho antes
stormy,235.3,9,Mucho antes
stormy,260.0,10,Mucho antes
foggy,224.5,12,Mucho antes
foggy,281.7,7,Mucho antes
hot,44.0,2,Mucho antes
clear,66.1,3,Ligeramente antes
stormy,214.0,11,Mucho tarde
hot,42.0,2,Ligeramente antes
rainy,153.6,12,Mucho antes
hot,205.4,7,Ligeramente antes
stormy,63.7,9,Ligeramente tarde
foggy,121.1,5,Mucho antes
cold,243.4,11,Mucho antes
clear,109.5,3,Ligeramente antes
rainy,207.5,9,Ligeramente tarde
hot,285.9,5,Mucho antes
clear,229.3,7,Mucho antes
clear,238.5,7,Ligeramente tarde
cold,95.1,4,Ligeramente tarde
clear,51.2,3,Mucho antes
cold,222.7,6,Ligeramente antes
hot,134.2,6,Ligeramente tarde
cold,208.4,7,Mucho antes
clear,92.4,4,Mucho antes
rainy,63.4,6,Mucho antes
rainy,151.1,10,Mucho antes
hot,35.5,1,Ligeramente antes
rainy,169.9,10,Mucho antes
rainy,74.1,7,Ligeramente antes
stormy,45.7,6,Mucho antes
stormy,144.6,8,Mucho antes
foggy,177.3,8,Mucho antes
clear,238.5,5,Mucho antes
foggy,86.2,6,Mucho tarde
foggy,172.8,10,Mucho tarde
stormy,174.8,9,Mucho antes
cold,50.8,2,Mucho antes
foggy,7.0,2,Mucho antes
clear,182.3,5,Ligeramente antes
clear,162.0,5,Mucho antes
clear,284.2,11,Mucho tarde
cold,179.9,9,Mucho tarde
stormy,60.8,7,Ligeramente antes
rainy,223.4,11,Mucho tarde
hot,7.5,2,Mucho antes
cold,211.6,5,Mucho antes
foggy,244.0,7,Mucho antes
hot,51.9,3,Mucho antes
hot,83.1,3,Mucho antes
rainy,29.8,6,Mucho antes
cold,59.9,3,Ligeramente antes
cold,76.4,1,Mucho antes
hot,84.7,4,Mucho antes
cold,137.6,4,Mucho antes
foggy,283.6,10,Mucho tarde
hot,22.9,3,Mucho antes
stormy,102.9,10,Ligeramente tarde
stormy,66.4,7,Mucho antes
rainy,226.3,11,Mucho tarde
foggy,280.5,12,Mucho tarde
clear,130.6,4,Ligeramente antes
foggy,270.3,9,Mucho antes
clear,257.3,12,Mucho tarde
stormy,107.9,10,Ligeramente tarde
foggy,31.6,3,Mucho antes
clear,290.9,7,Ligeramente antes
rainy,243.1,5,Mucho antes
cold,215.9,4,Mucho antes
clear,133.2,3,Mucho antes
rainy,64.1,7,Mucho antes
foggy,101.5,4,Ligeramente antes
hot,138.4,6,Mucho antes
cold,188.8,5,Mucho antes
hot,34.8,0,Mucho antes
clear,214.9,7,Mucho antes
foggy,218.5,6,Mucho antes
cold,296.8,7,Mucho antes
hot,233.8,8,Ligeramente tarde
clear,297.0,7,Ligeramente antes
foggy,20.1,4,Mucho antes
foggy,278.7,6,Mucho antes
rainy,239.5,11,Mucho tarde
cold,170.4,5,Mucho antes
hot,106.6,4,Mucho antes
clear,44.2,3,Mucho antes
rainy,21.5,4,Mucho antes
stormy,108.6,8,Mucho tarde
hot,123.6,4,Mucho antes
hot,227.5,5,Mucho antes
cold,77.4,2,Mucho antes
stormy,84.5,8,Mucho antes
rainy,56.2,8,Mucho antes
clear,285.4,12,Mucho antes
clear,45.7,0,Mucho antes
stormy,158.0,10,Ligeramente tarde
stormy,108.3,10,Mucho antes
clear,170.8,5,Mucho antes
foggy,3.7,1,Mucho antes
foggy,258.4,8,Mucho antes
foggy,121.5,8,Mucho antes
rainy,79.0,8,Mucho antes
rainy,94.5,10,Mucho tarde
hot,290.4,6,Mucho antes
hot,111.2,4,Ligeramente antes
hot,141.6,4,Mucho antes
cold,259.3,8,Mucho antes
rainy,297.1,12,Mucho antes
foggy,292.0,10,Mucho tarde
stormy,41.2,6,Mucho tarde
stormy,167.8,10,Mucho antes
hot,180.0,6,Mucho antes
cold,235.1,7,Ligeramente tarde
foggy,145.9,6,Ligeramente tarde
stormy,141.9,10,Ligeramente tarde
cold,108.5,2,Mucho antes
stormy,219.5,15,Mucho antes
rainy,196.6,10,Mucho tarde
hot,295.3,12,Mucho tarde
clear,176.5,5,Mucho antes
hot,275.8,5,Mucho antes
clear,290.2,10,Mucho antes
rainy,12.1,5,Mucho antes
cold,12.3,1,Mucho antes
rainy,294.6,15,Ligeramente antes
stormy,180.2,9,Mucho antes
foggy,85.7,3,Mucho antes
clear,133.0,4,Mucho antes
stormy,133.6,8,Ligeramente antes
foggy,32.1,5,Mucho antes
cold,273.3,8,Mucho antes
rainy,97.1,9,Mucho tarde
stormy,165.1,5,Mucho antes
cold,261.0,5,Mucho antes
foggy,266.9,10,Mucho antes
foggy,56.9,4,Ligeramente tarde
foggy,51.6,5,Mucho antes
clear,42.3,1,Mucho antes
hot,71.0,2,Mucho antes
clear,96.6,3,Mucho antes
hot,218.6,7,Mucho antes
stormy,46.4,6,Mucho antes
clear,65.9,2,Mucho antes
clear,113.9,4,Mucho antes
clear,8.0,1,Ligeramente antes
cold,76.3,4,Ligeramente tarde
clear,139.9,7,Mucho tarde
cold,167.4,4,Mucho antes
clear,190.7,5,Mucho antes
stormy,118.3,5,Mucho antes
stormy,169.2,8,Mucho antes
hot,258.0,5,Mucho antes
foggy,217.9,6,Ligeramente antes
rainy,172.8,6,Mucho antes
rainy,233.2,11,Mucho antes
clear,88.7,2,Mucho antes
cold,287.1,8,Mucho antes
clear,207.2,9,Mucho antes
stormy,201.8,7,Mucho antes
stormy,235.8,12,Mucho antes
rainy,3.6,4,Mucho antes
rainy,43.3,5,Mucho antes
stormy,172.4,8,Mucho tarde
hot,182.7,3,Mucho antes
foggy,269.2,10,Mucho tarde
hot,160.1,7,Ligeramente tarde
stormy,81.2,5,Mucho antes
cold,147.3,7,Mucho tarde
rainy,95.3,7,Mucho tarde
hot,204.4,6,Ligeramente antes
foggy,184.0,8,Ligeramente antes
stormy,57.6,7,Mucho tarde
foggy,112.0,6,Mucho antes
foggy,203.4,6,Mucho antes
hot,283.3,6,Ligeramente antes
cold,119.3,5,Ligeramente tarde
foggy,216.9,6,Mucho antes
rainy,127.1,6,Mucho antes
foggy,114.8,7,Mucho antes
rainy,190.3,8,Mucho antes
stormy,288.2,15,Mucho antes
stormy,97.2,6,Mucho antes
foggy,133.7,6,Ligeramente tarde
cold,17.1,1,Ligeramente antes
rainy,189.2,9,Mucho antes
clear,113.2,3,Mucho antes
hot,36.8,3,Mucho antes
cold,186.3,4,Mucho antes
clear,204.3,6,Mucho antes
foggy,38.0,2,Mucho antes
stormy,180.2,9,Ligeramente tarde
stormy,253.4,13,Mucho antes
cold,162.9,5,Ligeramente antes
hot,239.2,6,Ligeramente antes
cold,148.2,5,Mucho antes
stormy,70.5,7,Mucho antes
rainy,47.2,4,Mucho antes
cold,69.9,3,Mucho antes
foggy,192.8,9,Ligeramente tarde
rainy,88.3,7,Mucho antes
hot,164.5,6,Mucho antes
hot,241.3,6,Ligeramente antes
hot,30.5,3,Mucho antes
stormy,36.1,3,Mucho antes
hot,221.2,5,Ligeramente antes
hot,10.0,1,Mucho antes
rainy,62.9,4,Mucho antes
cold,130.2,5,Mucho antes
stormy,290.3,13,Mucho antes
foggy,157.7,8,Mucho antes
foggy,43.6,4,Mucho antes
clear,175.5,7,Ligeramente tarde
foggy,113.5,3,Mucho antes
hot,18.4,3,Ligeramente tarde
cold,151.7,4,Mucho antes
clear,191.1,5,Ligeramente antes
hot,288.2,6,Mucho antes
rainy,217.9,10,Mucho tarde
clear,234.4,10,Mucho tarde
stormy,273.7,13,Mucho tarde
clear,97.7,4,Mucho antes
rainy,170.1,10,Ligeramente tarde
rainy,291.4,12,Mucho antes
cold,166.3,4,Mucho antes
clear,40.1,2,Mucho antes
rainy,287.5,11,Mucho antes
cold,106.5,5,Mucho antes
rainy,76.4,5,Mucho antes
rainy,189.5,7,Mucho antes
hot,106.4,4,Mucho antes
clear,124.0,3,Ligeramente antes
clear,65.5,1,Mucho antes
foggy,12.3,3,Mucho antes
stormy,22.8,4,Mucho antes
clear,83.8,5,Mucho antes
clear,127.4,3,Mucho antes
clear,248.1,7,Mucho antes
hot,65.1,1,Mucho antes
hot,196.7,7,Mucho antes
foggy,277.9,9,Ligeramente tarde
clear,122.5,3,Ligeramente antes
hot,293.7,5,Mucho antes
hot,191.6,7,Mucho antes
clear,287.2,10,Mucho antes
hot,89.2,5,Ligeramente tarde
cold,196.8,6,Mucho antes
hot,48.5,1,Mucho antes
foggy,274.1,7,Ligeramente antes
rainy,102.0,8,Ligeramente antes
foggy,48.4,3,Mucho antes
foggy,159.3,6,Mucho antes
rainy,51.0,4,Mucho antes
cold,84.7,2,Mucho antes
clear,115.1,4,Ligeramente antes
rainy,44.9,8,Mucho antes
clear,13.1,3,Mucho antes
stormy,113.1,6,Mucho antes
clear,63.0,4,Mucho antes
hot,201.7,4,Mucho antes
stormy,3.6,6,Mucho antes
stormy,194.7,8,Mucho tarde
hot,163.5,4,Mucho antes
cold,157.5,7,Mucho antes
clear,152.8,3,Mucho antes
hot,163.1,4,Ligeramente antes
clear,152.5,5,Mucho antes
clear,134.5,4,Mucho antes
clear,102.6,5,Mucho antes
rainy,109.6,9,Mucho tarde
foggy,30.0,4,Mucho antes
rainy,118.9,6,Mucho antes
rainy,147.6,7,Mucho antes
cold,229.2,5,Ligeramente antes
clear,132.0,4,Mucho antes
clear,231.2,6,Mucho antes
foggy,234.0,8,Mucho antes
hot,98.7,4,Mucho antes
stormy,149.3,9,Ligeramente tarde
stormy,98.4,5,Ligeramente tarde
rainy,22.7,3,Ligeramente tarde
foggy,256.6,11,Mucho tarde
hot,246.3,8,Ligeramente antes
foggy,26.4,3,Ligeramente tarde
stormy,196.7,9,Ligeramente tarde
clear,253.7,7,Ligeramente antes
hot,13.0,2,Ligeramente antes
cold,117.8,6,Ligeramente tarde
rainy,74.0,5,Ligeramente tarde
clear,143.1,4,Ligeramente antes
foggy,47.0,5,Mucho tarde
cold,11.1,2,Mucho antes
cold,7.3,2,Mucho antes
stormy,284.7,16,Mucho tarde
stormy,21.1,9,Ligeramente tarde
stormy,66.2,8,Ligeramente antes
clear,188.2,4,Mucho antes
rainy,191.9,10,Mucho antes
hot,29.7,1,Ligeramente antes
foggy,164.1,7,Ligeramente tarde
hot,138.1,4,Mucho antes
foggy,67.9,5,Mucho antes
cold,241.8,5,Mucho antes
hot,289.7,9,Mucho antes
stormy,89.0,6,Mucho tarde
hot,62.6,2,Ligeramente antes
stormy,109.9,8,Mucho tarde
rainy,265.0,9,Ligeramente tarde
rainy,230.0,11,Mucho antes
rainy,225.6,8,Mucho antes
stormy,271.0,10,Mucho antes
stormy,70.5,8,Mucho antes
clear,259.2,8,Ligeramente tarde
foggy,275.3,9,Ligeramente tarde
hot,209.2,7,Mucho antes
hot,122.6,4,Mucho antes
hot,272.5,5,Mucho antes
rainy,11.7,6,Mucho antes
hot,85.9,4,Ligeramente tarde
rainy,29.7,4,Mucho antes
hot,115.7,4,Mucho antes
hot,222.6,6,Mucho antes
rainy,121.1,9,Mucho antes
hot,168.0,3,Mucho antes
clear,124.6,3,Mucho antes
stormy,10.9,4,Mucho antes
stormy,20.0,5,Mucho antes
cold,14.4,0,Mucho antes
stormy,243.1,13,Mucho antes
clear,25.9,1,Mucho antes
cold,100.4,2,Mucho antes
rainy,167.4,9,Mucho tarde
hot,161.1,6,Ligeramente tarde
hot,185.0,7,Ligeramente tarde
rainy,158.2,7,Ligeramente antes
clear,148.5,6,Mucho antes
stormy,201.4,12,Mucho antes
foggy,88.3,6,Mucho tarde
stormy,137.4,5,Ligeramente tarde
cold,130.1,5,Mucho antes
hot,107.0,3,Ligeramente antes
rainy,297.1,14,Mucho antes
hot,271.0,6,Mucho antes
rainy,202.9,6,Mucho antes
stormy,222.2,11,Mucho antes
rainy,261.9,13,Mucho tarde
cold,108.2,4,Mucho antes
foggy,159.4,5,Mucho antes
rainy,106.8,5,Mucho antes
cold,267.7,11,Mucho antes
hot,182.7,7,Mucho antes
rainy,168.8,6,Ligeramente tarde
clear,136.0,2,Mucho antes
cold,172.2,6,Mucho antes
cold,87.7,2,Ligeramente antes
rainy,154.9,9,Mucho antes
rainy,62.6,4,Mucho antes
hot,73.2,2,Mucho antes
hot,55.1,2,Mucho antes
foggy,59.6,6,Mucho antes
hot,143.7,3,Mucho antes
rainy,18.6,6,Mucho tarde
foggy,100.2,4,Mucho antes
foggy,144.3,5,Mucho antes
rainy,45.7,4,Ligeramente tarde
hot,107.3,2,Mucho antes
hot,164.2,4,Mucho antes
stormy,271.8,14,Mucho tarde
rainy,97.5,8,Mucho antes
stormy,3.6,3,Mucho antes
rainy,202.6,8,Ligeramente antes
rainy,287.7,14,Mucho tarde
stormy,296.6,12,Mucho antes
rainy,139.4,9,Mucho antes
hot,53.6,1,Mucho antes
hot,202.5,5,Mucho antes
clear,242.4,4,Mucho antes
rainy,167.4,10,Mucho antes
stormy,106.1,7,Mucho antes
clear,100.8,2,Mucho antes
hot,133.0,3,Mucho antes
stormy,62.0,7,Mucho antes
foggy,128.0,8,Mucho antes
foggy,247.2,10,Ligeramente tarde
foggy,167.0,5,Mucho antes
stormy,77.3,8,Mucho antes
stormy,210.3,12,Mucho tarde
clear,105.5,3,Mucho antes
rainy,57.0,4,Ligeramente tarde
hot,16.0,2,Mucho antes
cold,260.2,6,Mucho antes
cold,169.1,5,Mucho antes
rainy,9.9,5,Mucho antes
cold,148.9,6,Mucho antes
hot,86.2,2,Mucho antes
rainy,79.1,5,Mucho antes
hot,277.3,8,Ligeramente antes
hot,287.1,10,Mucho antes
hot,221.9,6,Mucho antes
cold,75.2,2,Mucho antes
cold,30.6,3,Mucho antes
hot,17.3,2,Mucho antes
stormy,15.5,6,Mucho antes
stormy,291.8,11,Mucho antes
cold,53.2,2,Mucho antes
foggy,219.6,9,Mucho tarde
stormy,94.8,9,Mucho antes
foggy,229.7,7,Mucho antes
cold,245.1,6,Mucho antes
cold,79.7,3,Ligeramente antes
clear,102.1,3,Mucho antes
clear,149.1,4,Mucho antes
cold,16.5,1,Mucho antes
stormy,8.2,6,Mucho tarde
stormy,244.8,8,Mucho antes
clear,137.3,4,Mucho antes
cold,150.0,3,Mucho antes
hot,182.6,4,Mucho antes
foggy,99.3,4,Mucho antes
cold,229.0,9,Mucho antes
stormy,7.8,6,Mucho tarde
cold,39.1,2,Ligeramente antes
stormy,278.4,12,Mucho tarde
foggy,263.0,8,Ligeramente antes
hot,23.9,0,Mucho antes
clear,166.7,8,Ligeramente antes
stormy,220.2,9,Mucho antes
cold,77.9,3,Mucho antes
cold,5.8,0,Mucho antes
rainy,198.3,9,Mucho antes
foggy,232.7,7,Mucho antes
rainy,219.9,11,Mucho tarde
stormy,51.7,6,Mucho tarde
stormy,170.5,11,Mucho antes
cold,69.1,2,Mucho antes
cold,184.7,6,Mucho antes
stormy,145.2,8,Mucho antes
rainy,171.4,8,Mucho antes
foggy,95.1,7,Mucho antes
foggy,158.6,7,Mucho antes
foggy,155.1,5,Mucho antes
rainy,52.3,5,Mucho antes
hot,6.7,0,Mucho antes
hot,198.1,4,Mucho antes
cold,73.9,4,Mucho antes
clear,159.7,7,Ligeramente tarde
rainy,6.4,5,Mucho tarde
clear,80.9,2,Ligeramente antes
rainy,13.1,3,Mucho antes
clear,89.0,3,Ligeramente antes
rainy,219.3,7,Ligeramente antes
stormy,188.5,12,Mucho antes
rainy,50.2,3,Mucho antes
stormy,37.3,9,Mucho antes
clear,36.3,3,Mucho antes
hot,255.0,9,Mucho antes
hot,86.1,4,Mucho antes
hot,297.1,7,Ligeramente antes
foggy,166.9,7,Mucho antes
rainy,297.1,13,Mucho antes
foggy,73.0,3,Mucho antes
cold,284.7,10,Mucho tarde
cold,276.9,9,Ligeramente tarde
stormy,52.1,8,Mucho antes
cold,295.9,7,Mucho antes
rainy,105.7,6,Mucho antes
stormy,45.1,6,Mucho antes
rainy,110.0,5,Mucho antes
clear,25.4,2,Mucho antes
hot,179.6,6,Ligeramente tarde
foggy,180.3,5,Mucho antes
stormy,100.3,7,Ligeramente antes
cold,94.9,2,Mucho antes
foggy,11.7,5,Mucho tarde
cold,200.1,7,Mucho antes
stormy,75.9,7,Mucho antes
rainy,142.5,7,Mucho antes
clear,152.4,5,Mucho antes
cold,236.5,7,Mucho antes
hot,190.3,4,Mucho antes
rainy,291.2,15,Ligeramente antes
hot,190.0,7,Ligeramente antes
hot,107.8,5,Mucho antes
clear,261.1,11,Mucho tarde
cold,155.3,7,Mucho antes
clear,57.1,1,Mucho antes
clear,170.0,6,Mucho antes
foggy,37.7,5,Mucho antes
rainy,104.2,5,Ligeramente tarde
foggy,10.1,5,Mucho tarde
stormy,24.4,6,Mucho antes
foggy,66.3,6,Mucho antes
foggy,187.0,6,Mucho antes
stormy,148.5,9,Mucho tarde
cold,130.5,3,Mucho antes
hot,171.8,6,Mucho antes
foggy,59.4,5,Ligeramente tarde
hot,205.0,7,Mucho antes
cold,163.7,5,Mucho antes
clear,42.7,4,Mucho antes
rainy,166.7,6,Mucho antes
cold,34.7,0,Mucho antes
cold,202.6,7,Mucho antes
hot,68.5,3,Mucho antes
hot,15.6,0,Mucho antes
cold,57.1,2,Mucho antes
clear,145.4,6,Mucho antes
stormy,213.8,9,Mucho antes
rainy,111.9,5,Mucho antes
cold,110.3,4,Mucho antes
clear,132.4,5,Mucho antes
clear,260.1,6,Mucho antes
stormy,240.4,9,Mucho antes
rainy,278.1,15,Mucho antes
cold,235.9,10,Mucho tarde
rainy,134.1,5,Mucho antes
hot,172.0,5,Mucho antes
foggy,166.0,6,Mucho antes
stormy,296.6,13,Mucho antes
cold,221.5,5,Ligeramente antes
stormy,160.5,12,Mucho antes
rainy,194.0,6,Ligeramente tarde
cold,287.5,7,Mucho antes
cold,58.1,1,Mucho antes
foggy,282.9,7,Ligeramente antes
foggy,106.5,5,Mucho antes
hot,105.2,5,Mucho antes
stormy,68.2,6,Mucho antes
clear,106.9,4,Ligeramente antes
rainy,152.3,8,Mucho antes
clear,52.1,3,Ligeramente antes
rainy,51.4,7,Mucho antes
rainy,87.1,6,Mucho antes
cold,3.6,0,Mucho antes
cold,194.3,3,Mucho antes
clear,61.2,1,Mucho antes
hot,262.1,11,Mucho tarde
hot,114.2,5,Mucho antes
cold,137.0,5,Ligeramente tarde
cold,278.5,5,Mucho antes
foggy,8.6,5,Mucho tarde
foggy,212.5,7,Ligeramente antes
rainy,152.2,7,Ligeramente tarde
cold,191.3,7,Ligeramente antes
clear,291.0,6,Mucho antes
stormy,39.7,8,Mucho antes
foggy,202.9,7,Mucho antes
foggy,211.6,7,Ligeramente tarde
cold,136.5,3,Mucho antes
foggy,54.7,2,Mucho antes
clear,52.4,3,Mucho antes
cold,126.7,4,Ligeramente antes
cold,202.9,3,Mucho antes
foggy,165.4,5,Mucho antes
rainy,31.8,3,Mucho antes
hot,16.9,1,Mucho antes
clear,111.9,5,Mucho antes
stormy,34.5,7,Mucho antes
rainy,42.9,5,Mucho antes
rainy,204.2,9,Ligeramente tarde
clear,143.2,4,Mucho antes
stormy,194.8,9,Ligeramente tarde
hot,104.9,4,Ligeramente antes
foggy,29.2,2,Ligeramente antes
cold,20.3,1,Mucho antes
clear,6.0,2,Mucho antes
cold,259.1,11,Mucho tarde
hot,289.4,6,Ligeramente antes
clear,45.8,1,Mucho antes
foggy,283.9,12,Mucho antes
stormy,79.8,9,Mucho tarde
stormy,193.8,8,Mucho antes
foggy,114.5,4,Mucho antes
rainy,186.0,8,Mucho antes
rainy,253.0,8,Mucho antes
stormy,258.4,13,Mucho tarde
stormy,260.8,8,Ligeramente tarde
foggy,80.1,5,Mucho antes
rainy,233.3,11,Mucho tarde
stormy,105.4,10,Ligeramente tarde
rainy,54.9,3,Mucho antes
foggy,93.2,6,Mucho antes
cold,105.1,3,Ligeramente antes
hot,169.5,6,Mucho antes
hot,185.6,7,Ligeramente tarde
clear,120.2,3,Mucho antes
hot,248.4,5,Mucho antes
stormy,16.9,6,Mucho tarde
stormy,260.3,14,Mucho tarde
rainy,219.3,10,Ligeramente tarde
foggy,109.8,6,Ligeramente tarde
foggy,185.1,8,Mucho tarde
foggy,129.8,6,Mucho antes
hot,33.4,3,Mucho antes
clear,289.2,7,Ligeramente antes
stormy,106.6,8,Mucho antes
cold,252.8,6,Mucho antes
rainy,233.8,13,Mucho tarde
hot,228.1,8,Ligeramente antes
clear,11.6,0,Mucho antes
stormy,250.3,10,Mucho antes
rainy,143.9,7,Mucho tarde
stormy,262.4,8,Mucho antes
hot,118.0,5,Mucho antes
cold,195.0,8,Mucho antes
clear,90.9,4,Mucho antes
rainy,217.1,9,Mucho antes
hot,297.1,7,Ligeramente antes
cold,96.9,5,Ligeramente tarde
foggy,100.4,6,Mucho antes
clear,223.8,5,Mucho antes
clear,145.2,4,Mucho antes
clear,84.7,3,Mucho antes
clear,291.1,11,Mucho tarde
cold,20.9,3,Ligeramente tarde
cold,262.4,10,Mucho antes
clear,16.5,0,Mucho antes
cold,193.8,3,Mucho antes
hot,106.9,5,Ligeramente tarde
stormy,204.1,12,Mucho antes
foggy,199.0,7,Ligeramente tarde
rainy,87.2,6,Mucho tarde
foggy,106.1,5,Ligeramente tarde
cold,223.8,7,Mucho antes
cold,4.4,1,Ligeramente antes
stormy,112.5,9,Mucho antes
rainy,59.3,6,Mucho antes
foggy,149.6,5,Mucho antes
clear,64.2,1,Mucho antes
rainy,208.8,11,Mucho tarde
rainy,237.3,14,Mucho tarde
cold,90.3,3,Mucho antes
cold,168.6,6,Ligeramente tarde
stormy,145.3,9,Mucho antes
cold,71.6,2,Mucho antes
stormy,224.5,13,Mucho antes
rainy,87.7,6,Mucho antes
stormy,178.6,8,Mucho antes
stormy,258.5,10,Mucho tarde
rainy,197.3,9,Mucho antes
stormy,116.8,10,Ligeramente tarde
cold,160.1,3,Mucho antes
cold,266.1,9,Ligeramente tarde
cold,190.6,5,Mucho antes
stormy,165.2,10,Mucho antes
stormy,123.3,5,Mucho antes
cold,226.8,4,Mucho antes
rainy,52.5,6,Mucho antes
clear,214.9,6,Ligeramente antes
clear,168.3,5,Mucho antes
foggy,27.9,4,Ligeramente tarde
clear,251.0,8,Ligeramente tarde
hot,173.3,5,Mucho antes
rainy,184.0,5,Mucho antes
clear,173.8,3,Mucho antes
foggy,274.3,13,Mucho tarde
foggy,164.4,6,Mucho antes
stormy,229.8,8,Mucho antes
cold,161.6,5,Mucho antes
stormy,240.2,10,Mucho tarde
hot,236.0,8,Mucho antes
hot,297.1,8,Mucho antes
clear,179.2,4,Mucho antes
rainy,108.7,9,Mucho antes
foggy,271.7,13,Mucho antes
rainy,196.0,7,Ligeramente tarde
foggy,184.4,10,Mucho antes
rainy,223.2,9,Ligeramente tarde
clear,151.9,5,Mucho antes
foggy,213.9,7,Mucho antes
rainy,295.1,15,Mucho antes
stormy,215.2,13,Mucho tarde
rainy,228.7,8,Ligeramente tarde
stormy,210.4,8,Ligeramente antes
cold,191.9,6,Ligeramente tarde
foggy,192.0,9,Mucho antes
stormy,295.9,17,Mucho tarde
clear,198.0,5,Mucho antes
clear,14.9,1,Mucho antes
clear,64.4,3,Mucho antes
foggy,83.4,6,Mucho tarde
foggy,204.2,6,Mucho antes
clear,49.7,2,Ligeramente antes
foggy,268.1,10,Mucho tarde
cold,51.5,2,Mucho antes
cold,251.5,5,Mucho antes
stormy,275.0,11,Mucho tarde
hot,297.1,13,Mucho antes
stormy,5.8,6,Mucho tarde
rainy,144.9,9,Ligeramente tarde
hot,237.4,8,Ligeramente antes
cold,276.4,5,Mucho antes
rainy,155.0,11,Mucho tarde
foggy,73.1,6,Mucho tarde
foggy,105.2,4,Mucho antes
hot,121.9,4,Mucho antes
clear,238.0,7,Mucho antes
hot,280.3,6,Mucho antes
rainy,138.3,8,Mucho antes
foggy,287.6,13,Mucho tarde
clear,208.0,7,Ligeramente antes
hot,139.2,3,Ligeramente antes
clear,33.1,2,Mucho antes
rainy,152.1,8,Ligeramente antes
stormy,118.2,8,Mucho antes
foggy,39.5,4,Mucho antes
rainy,265.2,11,Mucho antes
stormy,36.8,5,Mucho antes
clear,280.9,7,Ligeramente antes
foggy,8.4,5,Mucho tarde
rainy,57.6,7,Mucho tarde
stormy,214.4,9,Ligeramente tarde
rainy,286.3,8,Mucho antes
hot,19.0,1,Ligeramente antes
clear,76.3,2,Ligeramente antes
clear,179.5,7,Mucho antes
rainy,282.9,11,Mucho tarde
cold,128.4,4,Ligeramente antes
cold,174.6,4,Mucho antes
clear,107.2,3,Mucho antes
clear,38.7,3,Mucho antes
clear,7.6,2,Mucho antes
stormy,202.0,12,Mucho tarde
cold,263.4,8,Mucho antes
hot,50.1,2,Mucho antes
rainy,175.0,8,Ligeramente antes
cold,222.6,7,Ligeramente tarde
rainy,90.3,8,Mucho antes
foggy,115.7,8,Ligeramente antes
hot,277.3,12,Mucho antes
rainy,101.5,8,Mucho tarde
hot,81.4,5,Ligeramente tarde
foggy,27.4,4,Mucho antes
cold,182.0,4,Mucho antes
stormy,140.9,8,Mucho antes
cold,287.8,4,Mucho antes
foggy,178.2,6,Mucho antes
foggy,71.8,4,Ligeramente tarde
rainy,18.4,3,Mucho antes
stormy,270.0,10,Ligeramente tarde
cold,224.2,6,Mucho antes
clear,179.8,7,Mucho antes
foggy,136.0,7,Ligeramente antes
rainy,13.4,4,Mucho antes
rainy,173.6,12,Mucho antes
hot,38.5,3,Mucho antes
cold,227.6,7,Mucho antes
cold,267.8,10,Mucho antes
stormy,277.5,15,Mucho tarde
clear,18.1,2,Mucho antes
cold,130.1,4,Mucho antes
hot,181.4,7,Ligeramente antes
rainy,135.9,6,Mucho antes
cold,198.5,5,Mucho antes
rainy,153.0,7,Mucho antes
stormy,33.4,7,Ligeramente antes
rainy,46.9,8,Ligeramente antes
stormy,192.7,11,Mucho antes
hot,240.4,6,Mucho antes
hot,5.8,1,Mucho antes
cold,103.2,4,Ligeramente antes
hot,67.5,3,Ligeramente antes
cold,283.8,7,Mucho antes
cold,99.8,2,Mucho antes
hot,135.4,4,Ligeramente antes
foggy,219.7,8,Mucho antes
hot,36.0,1,Mucho antes
clear,86.4,5,Ligeramente tarde
rainy,269.9,7,Ligeramente antes
foggy,193.9,8,Ligeramente antes
foggy,148.2,4,Mucho antes
rainy,193.2,7,Ligeramente antes
clear,191.2,4,Ligeramente antes
cold,74.5,2,Mucho antes
stormy,284.8,13,Mucho tarde
foggy,102.5,6,Mucho antes
cold,125.1,6,Ligeramente tarde
hot,34.3,2,Ligeramente antes
stormy,157.8,10,Mucho antes
foggy,181.8,7,Ligeramente tarde
foggy,151.4,4,Mucho antes
foggy,227.7,8,Mucho antes
rainy,101.7,7,Mucho antes
cold,179.2,4,Mucho antes
foggy,65.6,5,Mucho antes
foggy,282.5,14,Mucho tarde
foggy,223.5,4,Mucho antes
foggy,75.1,4,Mucho antes
cold,28.2,3,Mucho antes
hot,51.0,3,Mucho antes
hot,45.8,3,Mucho antes
stormy,212.5,10,Mucho antes
rainy,3.8,4,Mucho antes
clear,79.4,2,Mucho antes
foggy,121.2,6,Ligeramente tarde
stormy,9.4,4,Mucho antes
clear,76.3,4,Ligeramente tarde
clear,234.7,10,Mucho antes
clear,255.8,4,Mucho antes
clear,140.2,4,Mucho antes
foggy,214.4,9,Mucho tarde
stormy,253.5,8,Ligeramente tarde
foggy,25.3,2,Mucho antes
clear,243.1,9,Mucho antes
clear,251.6,9,Mucho antes
stormy,215.0,8,Ligeramente tarde
foggy,123.3,6,Mucho antes
clear,155.2,3,Mucho antes
rainy,47.2,5,Mucho antes
rainy,225.5,10,Mucho antes
rainy,215.9,11,Mucho tarde
clear,187.2,6,Mucho antes
foggy,249.8,7,Ligeramente antes
clear,25.7,0,Mucho antes
stormy,158.5,7,Ligeramente antes
foggy,95.9,5,Mucho antes
hot,179.0,8,Mucho antes
hot,4.2,2,Mucho antes
foggy,86.4,4,Mucho antes
cold,26.9,3,Mucho antes
cold,131.7,4,Ligeramente antes
foggy,277.0,11,Mucho antes
stormy,14.7,3,Mucho antes
foggy,276.1,10,Mucho tarde
hot,209.9,10,Mucho antes
clear,265.0,8,Mucho antes
foggy,238.0,9,Mucho tarde
foggy,128.6,8,Ligeramente antes
cold,134.6,4,Mucho antes
cold,5.9,2,Mucho antes
stormy,151.2,9,Ligeramente tarde
stormy,151.5,9,Mucho antes
hot,227.9,6,Mucho antes
clear,171.3,5,Mucho antes
stormy,86.1,10,Mucho antes
foggy,68.8,6,Mucho antes
cold,232.1,7,Ligeramente tarde
hot,152.4,3,Mucho antes
hot,31.0,1,Ligeramente antes
clear,239.9,8,Ligeramente tarde
hot,119.3,2,Mucho antes
hot,84.2,2,Mucho antes
clear,35.0,1,Mucho antes
stormy,58.9,6,Mucho antes
stormy,16.6,5,Mucho antes
clear,216.6,6,Mucho antes
stormy,185.4,7,Ligeramente tarde
hot,289.0,7,Ligeramente antes
foggy,50.7,3,Mucho antes
rainy,92.7,5,Mucho antes
rainy,192.2,6,Mucho antes
hot,167.1,7,Mucho antes
hot,163.8,7,Ligeramente tarde
hot,28.8,2,Ligeramente antes
rainy,7.2,7,Ligeramente antes
foggy,216.8,9,Ligeramente tarde
stormy,212.6,8,Mucho antes
hot,9.5,2,Ligeramente antes
foggy,249.5,8,Ligeramente tarde
stormy,230.3,12,Mucho antes
stormy,65.9,6,Mucho antes
clear,170.3,7,Ligeramente antes
cold,79.6,2,Mucho antes
rainy,250.4,8,Mucho antes
cold,53.1,3,Mucho antes
foggy,249.3,9,Mucho antes
stormy,197.8,10,Mucho antes
cold,56.5,3,Mucho antes
rainy,259.8,12,Mucho tarde
clear,249.0,6,Mucho antes
rainy,191.0,7,Ligeramente antes
hot,150.2,7,Mucho antes
clear,189.1,7,Mucho antes
stormy,201.3,6,Ligeramente antes
foggy,31.7,4,Mucho antes
clear,120.9,4,Mucho antes
rainy,280.8,9,Ligeramente tarde
hot,232.1,8,Ligeramente tarde
foggy,24.0,1,Mucho antes
stormy,257.4,10,Mucho antes
foggy,19.7,2,Ligeramente antes
stormy,205.7,7,Ligeramente tarde
clear,101.7,4,Ligeramente antes
cold,82.1,3,Mucho antes
hot,144.7,5,Mucho antes
stormy,24.7,6,Mucho antes
cold,290.1,7,Mucho antes
cold,286.9,10,Mucho antes
foggy,51.9,3,Ligeramente antes
cold,287.9,10,Mucho tarde
rainy,287.2,10,Mucho antes
cold,37.5,2,Mucho antes
clear,5.1,2,Mucho antes
foggy,141.3,7,Mucho antes
clear,102.0,4,Mucho antes
hot,145.1,3,Mucho antes
stormy,155.0,7,Ligeramente antes
clear,226.4,5,Ligeramente antes
stormy,189.9,9,Mucho antes
rainy,153.7,9,Mucho tarde
hot,151.1,5,Mucho antes
rainy,281.9,14,Mucho antes
stormy,89.6,5,Mucho antes
hot,57.9,4,Ligeramente tarde
rainy,94.9,6,Mucho antes
clear,236.5,6,Ligeramente antes
cold,90.1,3,Ligeramente antes
clear,195.7,5,Mucho antes
cold,114.4,2,Mucho antes
rainy,120.1,7,Mucho antes
hot,223.2,5,Ligeramente antes
stormy,56.8,7,Mucho antes
cold,185.6,5,Mucho antes
foggy,171.5,6,Mucho antes
cold,242.1,7,Mucho antes
foggy,274.1,10,Ligeramente tarde
foggy,43.8,4,Mucho antes
cold,77.9,4,Ligeramente tarde
cold,43.5,3,Ligeramente tarde
clear,297.1,12,Mucho tarde
hot,182.9,8,Ligeramente antes
cold,281.6,6,Mucho antes
foggy,289.1,8,Mucho antes
stormy,271.4,10,Mucho tarde
foggy,80.7,2,Ligeramente antes
cold,152.5,3,Mucho antes
hot,70.8,3,Ligeramente antes
hot,129.7,3,Mucho antes
clear,128.4,3,Mucho antes
clear,274.3,11,Mucho tarde
hot,208.8,9,Mucho antes
clear,222.7,4,Mucho antes
foggy,222.3,7,Ligeramente tarde
cold,164.5,6,Mucho antes
foggy,104.2,7,Mucho antes
clear,251.8,6,Mucho antes
foggy,104.8,5,Mucho antes
clear,156.8,5,Mucho antes
cold,46.4,3,Mucho antes
hot,178.1,8,Mucho tarde
cold,141.6,5,Mucho antes
foggy,263.7,12,Mucho antes
cold,91.5,3,Mucho antes
hot,91.9,5,Ligeramente tarde
stormy,38.1,6,Mucho tarde
foggy,145.1,5,Mucho antes
hot,230.1,4,Mucho antes
cold,194.5,7,Mucho antes
clear,27.6,1,Mucho antes
hot,90.8,2,Mucho antes
stormy,98.2,7,Mucho antes
foggy,180.6,5,Ligeramente antes
rainy,236.7,8,Ligeramente antes
rainy,297.1,11,Mucho antes
rainy,77.2,5,Mucho antes
rainy,58.8,5,Mucho antes
hot,127.4,4,Mucho antes
rainy,203.2,9,Mucho antes
clear,215.8,6,Ligeramente antes
rainy,249.2,11,Mucho antes
cold,94.3,2,Mucho antes
foggy,252.5,8,Ligeramente antes
cold,201.3,4,Mucho antes
rainy,6.7,5,Mucho antes
rainy,291.9,12,Mucho tarde
foggy,76.6,5,Mucho antes
clear,23.6,1,Mucho antes
clear,133.5,6,Mucho antes
hot,160.9,5,Mucho antes
rainy,140.8,8,Mucho tarde
hot,230.6,7,Ligeramente antes
rainy,35.9,5,Mucho antes
hot,243.8,7,Ligeramente antes
rainy,146.0,10,Mucho antes
hot,24.1,2,Mucho antes
rainy,292.6,10,Ligeramente tarde
hot,268.3,7,Ligeramente antes
rainy,96.1,8,Mucho tarde
cold,152.0,4,Ligeramente antes
stormy,73.8,7,Ligeramente antes
clear,152.7,5,Mucho antes
hot,75.4,1,Mucho antes
cold,111.7,3,Mucho antes
rainy,82.7,7,Mucho antes
hot,135.0,7,Mucho tarde
rainy,21.2,5,Mucho tarde
stormy,160.9,9,Ligeramente tarde
rainy,66.7,5,Mucho antes
foggy,51.5,4,Mucho antes
hot,105.5,3,Mucho antes
cold,218.6,4,Mucho antes
rainy,107.4,7,Ligeramente antes
clear,226.5,8,Mucho antes
hot,293.7,8,Mucho antes
hot,283.2,9,Ligeramente tarde
foggy,67.1,5,Mucho antes
clear,279.2,8,Ligeramente tarde
rainy,259.2,10,Mucho antes
stormy,9.5,2,Mucho antes
clear,291.4,9,Ligeramente tarde
foggy,287.3,8,Mucho antes
rainy,222.8,12,Mucho antes
clear,181.4,3,Mucho antes
clear,297.0,11,Mucho tarde
rainy,59.4,7,Mucho tarde
hot,232.7,5,Mucho antes
foggy,271.4,9,Ligeramente tarde
rainy,150.5,12,Mucho antes
rainy,90.1,7,Mucho antes
clear,134.0,4,Mucho antes
rainy,291.6,8,Mucho antes
hot,223.0,4,Mucho antes
foggy,164.5,6,Ligeramente tarde
hot,34.0,0,Mucho antes
stormy,207.8,13,Mucho tarde
clear,80.1,4,Mucho antes
hot,296.7,12,Mucho antes
foggy,155.6,4,Mucho antes
rainy,184.7,5,Mucho antes
clear,297.1,13,Mucho antes
stormy,226.1,9,Mucho tarde
stormy,146.4,10,Mucho antes
stormy,165.8,11,Mucho antes
stormy,271.5,11,Mucho antes
hot,281.1,9,Mucho antes
hot,145.8,4,Mucho antes
cold,104.9,4,Mucho antes
cold,234.7,7,Mucho antes
cold,48.6,3,Ligeramente tarde
cold,119.9,4,Ligeramente antes
cold,7.4,0,Mucho antes
foggy,251.7,13,Mucho tarde
hot,15.6,2,Ligeramente antes
stormy,164.3,10,Mucho antes
rainy,297.1,11,Mucho antes
clear,98.6,4,Ligeramente tarde
clear,241.2,4,Mucho antes
cold,41.3,2,Mucho antes
hot,39.7,3,Mucho antes
cold,68.7,3,Mucho antes
stormy,240.9,12,Mucho tarde
clear,188.3,4,Mucho antes
stormy,249.6,9,Mucho tarde
cold,86.4,4,Mucho antes
hot,53.3,3,Mucho antes
rainy,164.6,6,Mucho antes
stormy,11.4,4,Mucho antes
stormy,146.7,8,Ligeramente antes
rainy,287.7,13,Mucho antes
foggy,195.0,8,Mucho antes
cold,152.3,5,Ligeramente antes
stormy,59.7,7,Ligeramente antes
cold,138.4,2,Mucho antes
hot,165.5,7,Mucho antes
clear,151.0,3,Mucho antes
stormy,164.2,9,Mucho tarde
stormy,290.0,17,Mucho antes
stormy,58.8,9,Mucho antes
cold,120.1,4,Mucho antes
foggy,45.4,1,Mucho antes
hot,124.1,4,Mucho antes
cold,29.7,0,Mucho antes
stormy,107.0,6,Mucho antes
clear,116.7,3,Mucho antes
cold,218.4,8,Mucho antes
rainy,274.3,13,Mucho tarde
hot,152.4,4,Mucho antes
hot,233.1,5,Mucho antes
stormy,122.4,10,Mucho antes
hot,85.5,2,Ligeramente antes
foggy,45.9,5,Mucho antes
clear,118.9,4,Mucho antes
hot,227.7,7,Ligeramente tarde
stormy,180.5,10,Mucho antes
cold,66.3,3,Mucho antes
rainy,224.6,8,Mucho antes
clear,27.5,3,Mucho antes
rainy,47.6,6,Mucho tarde
hot,55.3,3,Mucho antes
clear,205.4,5,Mucho antes
hot,85.9,2,Mucho antes
rainy,264.7,7,Mucho antes
clear,28.5,3,Mucho antes
foggy,281.1,11,Mucho tarde
cold,3.6,0,Mucho antes
clear,275.3,12,Mucho tarde
cold,40.0,3,Mucho antes
cold,8.0,1,Mucho antes
clear,81.3,4,Ligeramente tarde
foggy,101.6,5,Ligeramente tarde
hot,220.9,6,Mucho antes
foggy,269.6,8,Mucho antes
rainy,116.3,8,Mucho tarde
stormy,76.2,7,Mucho antes
rainy,84.8,5,Mucho antes
clear,262.9,9,Ligeramente tarde
clear,17.1,1,Mucho antes
cold,130.9,3,Mucho antes
hot,67.0,3,Ligeramente antes
hot,107.7,5,Mucho antes
cold,79.0,4,Mucho antes
rainy,234.5,12,Mucho tarde
stormy,76.4,6,Mucho antes
foggy,270.3,8,Mucho antes
rainy,212.2,9,Ligeramente tarde
foggy,88.5,4,Mucho antes
rainy,20.6,5,Mucho antes
stormy,52.5,6,Mucho antes
rainy,156.7,12,Mucho tarde
clear,247.9,11,Mucho antes
rainy,115.8,8,Mucho antes
stormy,120.7,7,Mucho antes
stormy,274.6,10,Ligeramente tarde
hot,128.6,6,Mucho antes
cold,51.9,2,Ligeramente antes
rainy,55.6,9,Ligeramente tarde
cold,255.2,7,Mucho antes
rainy,144.5,9,Mucho tarde
clear,235.3,6,Ligeramente antes
hot,172.2,5,Mucho antes
rainy,63.8,3,Mucho antes
rainy,75.4,7,Mucho antes
hot,41.9,2,Mucho antes
hot,31.2,2,Mucho antes
hot,183.8,4,Ligeramente antes
clear,237.3,7,Mucho antes
rainy,205.9,10,Ligeramente tarde
stormy,271.1,12,Mucho antes
cold,272.0,7,Ligeramente antes
rainy,283.8,12,Mucho tarde
stormy,231.1,9,Mucho antes
cold,143.9,4,Ligeramente antes
stormy,105.0,6,Mucho antes
rainy,24.6,3,Mucho antes
hot,280.8,8,Ligeramente antes
rainy,86.3,2,Mucho antes
foggy,47.0,3,Ligeramente tarde
rainy,26.4,3,Mucho antes
hot,74.1,3,Mucho antes
cold,256.4,7,Mucho antes
cold,284.8,10,Mucho tarde
clear,75.8,3,Ligeramente antes
cold,251.9,5,Mucho antes
stormy,176.8,10,Mucho antes
clear,87.6,5,Mucho antes
clear,88.9,2,Mucho antes
clear,120.3,5,Mucho antes
foggy,43.8,4,Mucho antes
hot,195.3,5,Mucho antes
foggy,11.1,4,Mucho antes
clear,267.3,8,Ligeramente antes
rainy,227.4,9,Mucho tarde
stormy,103.8,7,Mucho tarde
foggy,149.0,6,Mucho antes
hot,125.0,3,Mucho antes
hot,285.6,5,Mucho antes
clear,147.7,5,Ligeramente tarde
hot,284.2,5,Mucho antes
clear,234.5,6,Mucho antes
clear,233.0,7,Ligeramente tarde
stormy,213.0,12,Mucho tarde
cold,203.3,7,Ligeramente antes
cold,119.6,4,Mucho antes
hot,31.4,3,Mucho antes
stormy,151.6,8,Mucho antes
hot,235.1,6,Mucho antes
cold,37.8,1,Mucho antes
cold,142.5,3,Ligeramente antes
hot,76.9,4,Ligeramente tarde
rainy,136.3,5,Mucho antes
rainy,61.8,8,Mucho antes
foggy,203.5,13,Mucho tarde
rainy,194.0,13,Mucho tarde
cold,129.4,3,Ligeramente antes
stormy,76.2,8,Mucho antes
foggy,84.4,4,Mucho antes
rainy,60.0,6,Mucho antes
hot,290.0,10,Ligeramente tarde
rainy,69.8,6,Mucho antes
hot,128.3,7,Ligeramente antes
foggy,151.1,7,Mucho antes
clear,201.6,4,Mucho antes
stormy,225.6,7,Ligeramente antes
clear,116.2,5,Mucho antes
cold,155.6,5,Mucho antes
rainy,270.2,10,Mucho antes
cold,35.4,3,Mucho antes
stormy,133.1,9,Mucho antes
hot,57.6,1,Mucho antes
clear,14.8,0,Mucho antes
rainy,47.3,7,Mucho tarde
clear,75.4,2,Mucho antes
foggy,169.5,8,Mucho antes
rainy,230.3,8,Mucho antes
clear,282.3,8,Ligeramente antes
rainy,287.5,12,Mucho antes
stormy,263.8,9,Ligeramente tarde
stormy,155.0,6,Ligeramente tarde
stormy,127.8,6,Mucho antes
hot,135.6,5,Ligeramente tarde
foggy,289.6,11,Mucho antes
cold,177.2,7,Mucho antes
rainy,223.8,11,Mucho antes
stormy,20.4,3,Mucho antes
cold,292.2,12,Mucho antes
clear,156.7,6,Mucho antes
clear,181.2,7,Mucho antes
stormy,242.5,8,Ligeramente antes
hot,26.3,2,Ligeramente antes
clear,4.8,0,Mucho antes
hot,286.7,7,Mucho antes
clear,64.8,2,Mucho antes
stormy,32.6,6,Mucho tarde
rainy,280.8,9,Mucho antes
rainy,113.2,4,Mucho antes
cold,256.5,9,Mucho antes
cold,279.4,7,Mucho antes
foggy,59.7,5,Mucho antes
stormy,21.7,6,Mucho tarde
cold,12.7,2,Mucho antes
hot,83.6,5,Ligeramente tarde
hot,54.3,3,Mucho antes
hot,270.6,5,Mucho antes
stormy,278.7,12,Mucho antes
clear,133.2,4,Mucho antes
clear,106.5,3,Mucho antes
foggy,123.0,8,Mucho antes
stormy,250.3,14,Mucho tarde
hot,44.3,3,Mucho antes
clear,46.1,1,Ligeramente antes
foggy,84.7,5,Mucho antes
foggy,175.3,7,Ligeramente tarde
hot,214.0,9,Ligeramente tarde
stormy,297.1,14,Mucho antes
foggy,13.2,4,Mucho antes
hot,107.7,3,Mucho antes
hot,93.1,3,Mucho antes
stormy,13.6,7,Mucho tarde
cold,237.8,5,Mucho antes
stormy,128.3,10,Mucho tarde
cold,184.6,6,Mucho antes
hot,136.2,6,Mucho antes
stormy,110.5,6,Mucho antes
foggy,42.1,2,Mucho antes
stormy,267.4,14,Mucho antes
hot,36.7,1,Mucho antes
cold,174.0,7,Ligeramente tarde
hot,292.9,5,Mucho antes
foggy,86.7,3,Mucho antes
clear,143.7,7,Mucho antes
cold,223.9,8,Ligeramente tarde
rainy,77.8,3,Mucho antes
hot,68.3,2,Mucho antes
clear,34.1,3,Mucho antes
rainy,7.8,3,Mucho antes
clear,85.5,3,Mucho antes
foggy,204.1,5,Ligeramente antes
clear,23.5,0,Mucho antes
cold,230.6,7,Ligeramente antes
foggy,128.8,6,Mucho antes
rainy,166.6,11,Mucho tarde
rainy,94.3,4,Mucho antes
clear,198.1,5,Mucho antes
rainy,227.1,8,Ligeramente tarde
clear,26.4,2,Mucho antes
clear,266.4,6,Mucho antes
cold,176.9,3,Mucho antes
hot,195.2,5,Mucho antes
foggy,158.5,6,Mucho antes
rainy,28.9,7,Ligeramente antes
rainy,134.3,5,Mucho antes
foggy,53.8,6,Mucho antes
rainy,153.8,11,Mucho antes
hot,270.5,5,Mucho antes
stormy,141.9,9,Mucho antes
clear,63.5,1,Mucho antes
foggy,152.1,6,Mucho antes
clear,102.0,4,Mucho antes
clear,278.7,7,Ligeramente antes
stormy,128.4,7,Mucho tarde
foggy,239.3,10,Mucho antes
rainy,145.1,8,Mucho tarde
stormy,71.6,5,Mucho antes
foggy,199.3,9,Ligeramente tarde
foggy,6.6,0,Mucho antes
clear,245.1,7,Ligeramente tarde
stormy,267.7,8,Mucho antes
rainy,164.7,8,Mucho tarde
hot,75.0,3,Mucho antes
rainy,53.1,4,Mucho antes
stormy,216.7,15,Ligeramente antes
stormy,65.1,9,Mucho antes
clear,153.8,7,Ligeramente antes
clear,259.0,9,Ligeramente tarde
foggy,229.5,9,Mucho tarde
rainy,5.4,7,Mucho antes
cold,211.4,6,Mucho antes
clear,4.6,1,Mucho antes
clear,97.9,4,Mucho antes
foggy,112.9,6,Ligeramente tarde
cold,142.1,6,Mucho antes
foggy,196.8,11,Mucho antes
foggy,297.1,11,Mucho antes
cold,53.9,1,Mucho antes
stormy,201.7,12,Mucho antes
cold,55.3,1,Mucho antes
rainy,100.4,3,Mucho antes
rainy,244.4,8,Mucho antes
hot,22.4,0,Mucho antes
rainy,7.0,7,Mucho antes
rainy,108.7,5,Mucho antes
stormy,132.5,12,Mucho tarde
hot,124.1,2,Mucho antes
cold,176.4,4,Mucho antes
clear,220.7,3,Mucho antes
cold,193.2,8,Ligeramente antes
rainy,221.7,9,Ligeramente tarde
hot,156.5,4,Mucho antes
clear,133.1,5,Mucho antes
stormy,40.1,3,Ligeramente tarde
cold,295.7,7,Mucho antes
rainy,197.4,8,Ligeramente antes
cold,69.8,2,Ligeramente antes
clear,206.5,6,Mucho antes
foggy,161.8,5,Mucho antes
rainy,121.8,5,Mucho antes
clear,184.9,7,Mucho antes
rainy,67.6,7,Mucho antes
cold,291.5,8,Mucho antes
cold,131.9,4,Mucho antes
rainy,171.9,10,Mucho antes
stormy,31.8,8,Ligeramente antes
clear,264.0,6,Mucho antes
cold,204.4,5,Mucho antes
rainy,30.7,3,Mucho antes
cold,128.9,2,Mucho antes
rainy,79.0,8,Mucho antes
clear,145.7,5,Mucho antes
cold,125.5,3,Mucho antes
clear,233.2,8,Ligeramente antes
stormy,170.8,9,Mucho antes
stormy,132.9,8,Mucho antes
foggy,53.1,4,Mucho antes
hot,283.7,7,Ligeramente antes
hot,91.7,3,Mucho antes
stormy,19.6,7,Mucho antes
hot,89.7,4,Ligeramente tarde
rainy,55.9,4,Mucho antes
rainy,110.8,6,Ligeramente tarde
foggy,245.4,6,Mucho antes
rainy,114.1,5,Mucho antes
clear,138.1,4,Mucho antes
clear,238.8,8,Ligeramente antes
clear,153.1,5,Mucho antes
foggy,217.8,6,Ligeramente antes
rainy,145.3,5,Mucho antes
clear,104.1,4,Ligeramente antes
hot,151.4,6,Ligeramente tarde
foggy,293.6,12,Mucho tarde
rainy,33.2,4,Ligeramente tarde
rainy,265.9,10,Ligeramente tarde
foggy,188.1,6,Ligeramente tarde
hot,290.5,13,Mucho tarde
clear,75.7,2,Mucho antes
rainy,115.1,8,Ligeramente antes
foggy,33.8,2,Mucho antes
stormy,16.7,6,Mucho tarde
hot,139.9,4,Ligeramente antes
hot,27.8,1,Mucho antes
stormy,181.2,8,Ligeramente antes
hot,169.6,3,Mucho antes
stormy,283.7,15,Mucho tarde
foggy,273.5,9,Ligeramente tarde
hot,89.2,5,Mucho antes
foggy,277.3,10,Mucho antes
cold,17.3,3,Mucho antes
rainy,220.1,12,Mucho tarde
stormy,174.6,11,Mucho antes
clear,107.2,5,Mucho antes
hot,246.6,10,Mucho tarde
clear,106.7,4,Mucho antes
stormy,159.6,6,Mucho antes
rainy,205.9,11,Mucho tarde
clear,81.1,3,Ligeramente antes
stormy,35.8,6,Mucho antes
hot,208.8,6,Mucho antes
hot,56.5,1,Mucho antes
hot,64.5,2,Mucho antes
foggy,60.8,5,Mucho antes
cold,224.5,4,Mucho antes
hot,95.1,4,Ligeramente tarde
clear,222.4,8,Mucho antes
foggy,170.7,5,Mucho antes
hot,152.6,4,Ligeramente antes
stormy,271.3,13,Mucho tarde
cold,173.8,5,Mucho antes
stormy,71.8,5,Mucho antes
foggy,295.1,11,Mucho tarde
clear,93.8,3,Mucho antes
cold,142.7,5,Mucho antes
foggy,113.6,5,Mucho antes
hot,222.0,4,Mucho antes
cold,139.8,4,Mucho antes
hot,105.7,5,Mucho antes
clear,194.5,6,Mucho antes
stormy,148.2,6,Mucho antes
foggy,6.2,5,Mucho tarde
stormy,193.8,11,Mucho tarde
rainy,48.6,3,Mucho antes
clear,288.2,5,Mucho antes
hot,223.6,9,Mucho antes
cold,112.7,3,Mucho antes
clear,19.0,1,Mucho antes
rainy,99.0,7,Mucho antes
foggy,195.8,5,Mucho antes
hot,269.7,8,Mucho antes
rainy,224.6,9,Mucho antes
stormy,231.3,13,Mucho antes
rainy,40.0,6,Mucho antes
foggy,69.6,5,Mucho antes
foggy,237.3,7,Mucho antes
foggy,113.5,5,Mucho antes
rainy,257.7,11,Mucho antes
clear,13.1,0,Mucho antes
stormy,185.5,8,Mucho antes
hot,153.2,4,Mucho antes
rainy,241.6,14,Mucho tarde
rainy,51.7,4,Mucho antes
cold,60.2,1,Mucho antes
rainy,148.3,11,Mucho tarde
foggy,181.7,9,Mucho antes
foggy,49.6,4,Mucho antes
clear,272.0,8,Ligeramente tarde
foggy,253.1,12,Mucho tarde
rainy,38.6,6,Mucho antes
rainy,255.0,7,Ligeramente antes
hot,274.4,10,Mucho antes
cold,74.1,4,Mucho antes
clear,259.5,10,Ligeramente tarde
rainy,169.4,9,Mucho antes
foggy,240.9,12,Mucho antes
stormy,181.2,11,Mucho antes
cold,90.1,3,Mucho antes
hot,208.0,3,Mucho antes
clear,210.2,5,Ligeramente antes
hot,216.6,8,Mucho antes
cold,228.3,6,Mucho antes
rainy,194.3,11,Mucho tarde
foggy,130.8,4,Mucho antes
rainy,100.4,9,Ligeramente tarde
rainy,273.0,8,Ligeramente tarde
foggy,244.4,6,Mucho antes
hot,250.7,7,Ligeramente antes
clear,28.3,1,Mucho antes
foggy,122.5,3,Ligeramente antes
cold,106.9,3,Ligeramente antes
clear,262.9,7,Ligeramente antes
hot,100.1,1,Mucho antes
hot,282.2,7,Ligeramente antes
rainy,243.1,12,Mucho tarde
hot,260.7,10,Mucho antes
rainy,32.8,7,Mucho tarde
foggy,292.8,9,Mucho antes
cold,111.6,4,Mucho antes
hot,25.0,3,Mucho antes
foggy,187.4,11,Mucho tarde
clear,259.5,8,Ligeramente antes
clear,218.7,7,Mucho antes
clear,211.9,9,Ligeramente tarde
clear,282.4,7,Mucho antes
rainy,290.2,11,Mucho tarde
stormy,247.3,13,Mucho antes
cold,235.4,9,Mucho tarde
cold,105.8,2,Mucho antes
rainy,139.3,8,Mucho antes
cold,159.4,4,Ligeramente antes
cold,144.2,3,Mucho antes
stormy,242.3,10,Mucho antes
rainy,297.1,10,Ligeramente tarde
foggy,62.5,5,Mucho antes
foggy,236.8,8,Mucho antes
rainy,183.7,8,Ligeramente antes
hot,218.3,6,Mucho antes
stormy,150.7,9,Mucho antes
rainy,209.1,7,Ligeramente tarde
clear,188.0,4,Ligeramente antes
rainy,197.1,9,Mucho tarde
foggy,285.3,7,Mucho antes
rainy,14.7,2,Mucho antes
stormy,89.5,5,Mucho antes
foggy,193.7,10,Mucho antes
foggy,115.3,6,Mucho antes
foggy,135.5,5,Mucho antes
hot,128.6,5,Mucho antes
clear,233.7,5,Mucho antes
foggy,18.0,4,Mucho antes
rainy,135.5,9,Ligeramente tarde
hot,200.4,4,Mucho antes
hot,123.4,5,Ligeramente tarde
cold,20.4,0,Mucho antes
stormy,285.0,10,Mucho antes
cold,114.3,6,Mucho antes
cold,282.2,10,Mucho tarde
cold,276.5,7,Ligeramente antes
rainy,41.8,5,Mucho antes
foggy,191.8,8,Mucho tarde
rainy,86.8,7,Mucho antes
stormy,62.6,7,Mucho antes
foggy,168.9,8,Mucho antes
stormy,161.4,8,Mucho tarde
clear,265.5,6,Ligeramente antes
clear,203.4,5,Mucho antes
rainy,220.3,9,Mucho antes
cold,237.5,5,Mucho antes
foggy,21.2,3,Mucho antes
rainy,109.4,3,Ligeramente antes
stormy,183.8,7,Ligeramente tarde
cold,233.0,6,Mucho antes
clear,241.9,7,Mucho antes
foggy,261.6,8,Mucho antes
cold,202.8,8,Mucho antes
cold,43.2,3,Mucho antes
cold,84.0,3,Mucho antes
foggy,182.5,7,Ligeramente tarde
stormy,189.8,14,Mucho antes
cold,3.6,2,Ligeramente antes
foggy,149.3,5,Mucho antes
cold,293.5,6,Mucho antes
hot,18.7,1,Mucho antes
rainy,111.2,7,Ligeramente antes
rainy,176.5,7,Ligeramente tarde
stormy,281.2,16,Mucho tarde
stormy,23.3,4,Mucho antes
cold,251.0,6,Ligeramente antes
rainy,93.2,6,Mucho antes
hot,90.3,4,Mucho antes
cold,82.3,4,Ligeramente tarde
hot,265.9,9,Mucho antes
foggy,50.5,5,Ligeramente tarde
cold,22.7,1,Ligeramente antes
stormy,239.0,12,Mucho tarde
foggy,262.0,6,Mucho antes
hot,77.9,3,Ligeramente antes
clear,292.0,12,Mucho tarde
hot,279.9,7,Ligeramente antes
rainy,37.3,3,Mucho antes
rainy,47.5,3,Mucho antes
clear,114.5,5,Mucho antes
stormy,202.0,12,Mucho antes
clear,3.6,1,Ligeramente antes
cold,184.0,6,Mucho antes
clear,256.9,4,Mucho antes
foggy,144.0,6,Mucho antes
foggy,25.0,4,Ligeramente tarde
clear,57.8,4,Mucho antes
cold,185.1,7,Mucho antes
cold,185.4,5,Mucho antes
cold,44.5,1,Mucho antes
cold,187.8,5,Mucho antes
clear,92.9,3,Ligeramente antes
clear,31.8,2,Mucho antes
cold,167.1,7,Ligeramente tarde
rainy,205.6,8,Mucho antes
stormy,79.5,5,Ligeramente tarde
rainy,233.0,11,Mucho tarde
hot,20.2,2,Mucho antes
cold,81.6,2,Mucho antes
clear,134.0,5,Mucho antes
cold,145.4,5,Mucho antes
foggy,185.8,6,Mucho antes
foggy,94.6,2,Mucho antes
cold,49.5,1,Mucho antes
cold,290.4,8,Ligeramente tarde
stormy,35.6,7,Mucho tarde
clear,3.6,2,Mucho antes
foggy,163.4,7,Mucho antes
foggy,46.7,4,Mucho antes
cold,198.7,9,Mucho antes
clear,197.6,6,Ligeramente tarde
cold,151.4,5,Ligeramente antes
cold,101.7,4,Mucho antes
rainy,207.1,11,Mucho tarde
rainy,178.1,9,Ligeramente tarde
cold,84.3,2,Mucho antes
cold,35.2,2,Ligeramente antes
foggy,40.6,1,Mucho antes
hot,171.8,9,Mucho antes
cold,136.7,5,Mucho antes
cold,203.3,7,Mucho antes
rainy,14.5,4,Ligeramente tarde
stormy,291.5,12,Mucho antes
clear,167.6,4,Mucho antes
stormy,64.4,6,Mucho antes
clear,61.8,3,Ligeramente antes
clear,262.8,10,Mucho antes
foggy,26.0,4,Mucho antes
clear,33.1,1,Mucho antes
rainy,234.6,11,Mucho tarde
stormy,284.3,12,Mucho tarde
cold,132.8,3,Mucho antes
rainy,29.9,6,Mucho antes
stormy,207.1,11,Mucho antes
foggy,82.3,5,Mucho antes
stormy,284.8,9,Mucho antes
clear,270.5,7,Mucho antes
hot,264.0,5,Mucho antes
stormy,3.6,5,Mucho tarde
stormy,282.0,9,Ligeramente tarde
clear,205.7,5,Mucho antes
cold,15.5,2,Mucho antes
rainy,215.8,10,Mucho antes
clear,276.1,8,Mucho antes
clear,104.0,3,Mucho antes
hot,204.1,4,Mucho antes
clear,100.4,3,Mucho antes
cold,197.0,6,Mucho antes
stormy,158.5,13,Mucho antes
rainy,39.6,5,Mucho antes
clear,3.6,2,Mucho antes
clear,229.5,6,Mucho antes
hot,67.3,4,Mucho antes
foggy,123.4,6,Ligeramente tarde
hot,268.2,5,Mucho antes
foggy,254.1,9,Ligeramente tarde
rainy,191.6,8,Mucho antes
cold,83.8,4,Ligeramente tarde
foggy,38.3,3,Mucho antes
cold,54.5,1,Mucho antes
rainy,284.7,13,Mucho tarde
stormy,189.6,9,Mucho antes
rainy,124.6,5,Mucho antes
rainy,283.4,7,Mucho antes
hot,160.4,5,Mucho antes
clear,121.4,3,Mucho antes
stormy,38.7,6,Mucho antes
foggy,26.3,4,Mucho antes
cold,201.3,5,Ligeramente antes
clear,17.5,2,Mucho antes
cold,25.5,2,Mucho antes
cold,288.5,8,Ligeramente tarde
rainy,178.3,8,Ligeramente antes
stormy,268.4,13,Mucho antes
hot,51.7,1,Mucho antes
cold,285.1,7,Ligeramente antes
foggy,212.4,8,Ligeramente tarde
rainy,95.4,4,Mucho antes
foggy,271.8,10,Mucho tarde
rainy,32.3,6,Mucho antes
stormy,268.5,12,Mucho antes
cold,198.6,4,Mucho antes
stormy,153.1,11,Mucho antes
hot,264.3,7,Mucho antes
cold,5.1,1,Mucho antes
cold,167.3,5,Mucho antes
cold,152.9,2,Mucho antes
foggy,47.4,4,Mucho antes
foggy,78.6,4,Mucho antes
rainy,56.1,7,Ligeramente antes
hot,74.7,2,Ligeramente antes
stormy,211.4,10,Mucho antes
cold,289.6,8,Mucho antes
cold,195.3,6,Mucho antes
hot,166.1,4,Mucho antes
cold,148.2,4,Mucho antes
hot,42.8,3,Mucho antes
clear,225.3,5,Mucho antes
stormy,273.6,13,Mucho tarde
hot,112.6,4,Mucho antes
hot,35.8,2,Mucho antes
foggy,209.8,8,Ligeramente antes
clear,224.0,7,Mucho antes
foggy,43.4,2,Mucho antes
rainy,73.2,6,Mucho antes
hot,102.7,4,Mucho antes
foggy,97.7,6,Mucho antes
cold,83.4,2,Mucho antes
cold,176.3,4,Mucho antes
hot,255.5,4,Mucho antes
rainy,176.4,7,Mucho antes
foggy,49.0,2,Ligeramente antes
clear,43.2,1,Mucho antes
clear,290.1,9,Mucho antes
foggy,3.6,5,Mucho antes
rainy,280.4,15,Ligeramente antes
foggy,140.1,5,Mucho antes
hot,3.6,1,Mucho antes
cold,74.1,3,Mucho antes
clear,185.2,4,Ligeramente antes
foggy,63.0,3,Mucho antes
rainy,277.1,13,Mucho antes
stormy,10.2,4,Mucho antes
rainy,102.2,7,Mucho antes
cold,104.3,3,Mucho antes
stormy,210.8,10,Mucho tarde
cold,295.9,10,Mucho tarde
stormy,285.0,15,Mucho tarde
cold,126.3,4,Ligeramente antes
foggy,191.5,10,Mucho tarde
hot,275.7,9,Mucho antes
foggy,225.3,9,Ligeramente tarde
foggy,46.3,5,Mucho antes
foggy,275.9,8,Mucho antes
hot,135.4,4,Mucho antes
hot,127.6,5,Mucho antes
stormy,21.1,8,Mucho antes
rainy,258.0,9,Mucho antes
foggy,274.4,11,Mucho tarde
stormy,268.6,11,Mucho antes
stormy,58.9,6,Mucho antes
foggy,33.7,4,Mucho antes
cold,67.5,3,Mucho antes
clear,76.3,3,Ligeramente antes
clear,101.4,3,Mucho antes
rainy,153.6,7,Ligeramente antes
cold,296.0,6,Ligeramente antes
rainy,111.1,4,Mucho antes
hot,67.7,3,Mucho antes
cold,62.7,2,Ligeramente antes
rainy,178.1,7,Ligeramente antes
cold,207.0,5,Mucho antes
foggy,138.6,3,Ligeramente antes
foggy,244.6,9,Mucho antes
foggy,5.6,3,Ligeramente tarde
rainy,183.4,7,Ligeramente antes
foggy,182.0,7,Ligeramente tarde
clear,269.8,6,Mucho antes
clear,62.2,2,Ligeramente antes
rainy,112.5,5,Mucho antes
rainy,148.6,8,Mucho antes
foggy,157.7,8,Mucho antes
foggy,85.5,3,Mucho antes
stormy,153.5,9,Mucho antes
clear,49.7,2,Mucho antes
hot,111.9,4,Mucho antes
clear,283.4,10,Mucho antes
rainy,56.3,5,Mucho antes
cold,42.0,1,Mucho antes
cold,10.0,0,Mucho antes
stormy,219.9,12,Mucho tarde
rainy,186.2,9,Ligeramente tarde
cold,61.3,3,Ligeramente antes
cold,121.8,2,Mucho antes
stormy,58.4,8,Mucho antes
rainy,209.9,8,Ligeramente antes
foggy,42.2,4,Mucho antes
clear,226.9,5,Mucho antes
hot,102.6,3,Mucho antes
cold,143.1,5,Mucho antes
stormy,242.3,8,Mucho antes
stormy,160.0,9,Ligeramente tarde
stormy,116.5,8,Mucho antes
rainy,115.6,9,Mucho tarde
clear,157.3,7,Ligeramente tarde
rainy,50.1,7,Ligeramente antes
rainy,84.0,6,Mucho antes
hot,167.5,6,Mucho antes
clear,61.8,2,Mucho antes
cold,184.4,6,Ligeramente tarde
clear,77.9,2,Ligeramente antes
stormy,191.4,10,Mucho antes
cold,37.9,1,Ligeramente antes
rainy,151.2,10,Mucho antes
hot,225.3,7,Mucho antes
clear,95.3,4,Mucho antes
rainy,229.3,11,Mucho tarde
cold,99.8,3,Mucho antes
rainy,232.0,12,Mucho antes
stormy,260.3,15,Ligeramente antes
foggy,15.3,2,Ligeramente antes
rainy,80.1,7,Mucho antes
rainy,290.1,11,Mucho antes
stormy,29.0,6,Mucho antes
stormy,39.8,6,Mucho antes
hot,5.6,0,Mucho antes
rainy,80.5,6,Mucho antes
foggy,177.3,8,Mucho antes
foggy,77.4,5,Mucho antes
rainy,290.6,14,Mucho tarde
cold,138.8,4,Mucho antes
rainy,184.1,9,Ligeramente tarde
foggy,69.5,4,Mucho antes
stormy,189.5,9,Ligeramente tarde
cold,82.4,2,Mucho antes
clear,282.0,7,Ligeramente antes
stormy,246.4,11,Mucho antes
clear,4.6,1,Mucho antes
foggy,124.0,6,Mucho antes
cold,125.1,6,Mucho antes
stormy,163.9,10,Mucho antes
cold,241.4,10,Mucho antes
hot,261.1,10,Mucho tarde
rainy,174.0,6,Mucho antes
cold,209.4,5,Mucho antes
hot,86.3,2,Ligeramente antes
clear,26.9,2,Mucho antes
hot,3.6,0,Mucho antes
stormy,7.9,6,Mucho antes
cold,218.8,8,Ligeramente tarde
hot,63.0,2,Mucho antes
clear,212.7,3,Mucho antes
foggy,28.5,3,Ligeramente tarde
hot,243.8,6,Ligeramente antes
stormy,188.0,10,Mucho antes
clear,114.4,4,Mucho antes
clear,247.0,8,Mucho antes
rainy,208.8,10,Mucho antes
rainy,250.5,10,Ligeramente tarde
stormy,213.3,16,Mucho antes
foggy,15.8,3,Mucho antes
rainy,171.0,7,Mucho antes
foggy,163.5,7,Ligeramente tarde
rainy,246.8,11,Mucho antes
hot,54.5,2,Mucho antes
clear,68.4,2,Ligeramente antes
cold,29.6,1,Mucho antes
hot,136.0,4,Mucho antes
clear,3.6,1,Ligeramente antes
stormy,186.2,10,Mucho antes
foggy,46.4,4,Ligeramente tarde
stormy,46.2,5,Mucho tarde
foggy,30.6,5,Mucho tarde
rainy,137.7,9,Ligeramente tarde
cold,65.5,3,Mucho antes
rainy,11.6,2,Mucho antes
hot,67.1,4,Mucho antes
stormy,218.0,6,Mucho antes
cold,3.6,1,Mucho antes
foggy,76.5,7,Mucho tarde
stormy,68.9,5,Mucho antes
cold,78.4,3,Ligeramente antes
stormy,66.9,8,Mucho tarde
foggy,106.6,5,Ligeramente tarde
cold,230.6,5,Mucho antes
cold,191.8,4,Ligeramente antes
clear,99.3,3,Mucho antes
rainy,215.2,11,Mucho tarde
cold,100.7,4,Ligeramente antes
cold,142.6,6,Mucho antes
foggy,180.5,6,Ligeramente tarde
foggy,167.6,9,Mucho antes
cold,113.7,5,Mucho antes
clear,79.9,3,Mucho antes
clear,197.1,5,Ligeramente antes
stormy,119.6,7,Ligeramente antes
clear,174.5,7,Ligeramente tarde
rainy,124.4,5,Ligeramente tarde
clear,237.7,4,Mucho antes
cold,281.9,7,Mucho antes
clear,283.1,9,Mucho antes
cold,11.8,2,Mucho antes
clear,142.6,7,Mucho antes
cold,109.9,4,Mucho antes
rainy,28.0,6,Mucho antes
foggy,251.7,6,Mucho antes
clear,200.7,5,Mucho antes
rainy,171.2,7,Mucho antes
clear,276.1,5,Mucho antes
rainy,193.3,7,Ligeramente antes
foggy,276.2,9,Mucho antes
foggy,201.4,8,Mucho antes
stormy,24.4,6,Mucho antes
cold,6.3,2,Mucho antes
clear,262.9,7,Mucho antes
rainy,161.1,9,Mucho antes
stormy,100.1,6,Mucho antes
foggy,180.5,9,Mucho tarde
stormy,131.6,8,Mucho antes
rainy,89.3,6,Mucho antes
rainy,105.8,6,Mucho antes
hot,187.5,7,Mucho antes
rainy,191.9,11,Mucho antes
clear,280.0,6,Ligeramente antes
stormy,239.0,11,Mucho tarde
stormy,224.5,11,Mucho antes
hot,238.1,12,Mucho antes
stormy,6.1,7,Ligeramente antes
rainy,294.2,12,Mucho tarde
foggy,287.3,13,Mucho antes
stormy,70.3,6,Mucho antes
clear,252.6,7,Mucho antes
clear,114.4,3,Mucho antes
cold,215.2,7,Ligeramente antes
hot,80.1,4,Mucho antes
hot,282.5,8,Ligeramente antes
stormy,269.0,13,Mucho tarde
cold,245.0,5,Mucho antes
foggy,18.5,4,Mucho antes
clear,21.6,3,Mucho antes
stormy,159.0,14,Mucho antes
clear,264.0,9,Mucho antes
cold,66.7,2,Mucho antes
stormy,39.9,9,Mucho tarde
stormy,138.0,7,Mucho antes
hot,280.2,10,Mucho tarde
foggy,283.5,9,Mucho antes
stormy,279.4,17,Ligeramente tarde
foggy,153.3,8,Mucho antes
rainy,281.3,10,Mucho antes
rainy,294.5,10,Mucho antes
clear,273.1,7,Mucho antes
cold,131.7,3,Mucho antes
foggy,75.9,3,Mucho antes
stormy,225.8,11,Mucho tarde
rainy,79.5,7,Mucho antes
foggy,106.6,3,Mucho antes
foggy,161.6,10,Mucho antes
cold,258.7,7,Mucho antes
cold,144.6,7,Mucho tarde
stormy,24.5,4,Mucho antes
rainy,174.4,7,Ligeramente antes
clear,24.2,3,Mucho antes
cold,72.0,4,Mucho antes
hot,34.2,4,Mucho antes
foggy,174.3,8,Ligeramente antes
cold,74.6,5,Mucho antes
hot,185.0,4,Mucho antes
hot,198.9,8,Mucho tarde
rainy,143.2,9,Mucho tarde
foggy,3.6,2,Mucho antes
foggy,10.2,2,Mucho antes
hot,145.1,5,Mucho antes
cold,63.8,2,Mucho antes
foggy,145.2,7,Mucho antes
stormy,173.4,8,Ligeramente antes
foggy,140.4,7,Mucho antes
foggy,161.8,5,Mucho antes
stormy,289.9,12,Mucho antes
cold,190.0,8,Mucho tarde
clear,59.8,3,Mucho antes
rainy,49.5,5,Mucho antes
rainy,285.4,13,Mucho tarde
stormy,294.2,13,Mucho antes
stormy,138.0,9,Mucho tarde
cold,258.6,6,Mucho antes
clear,191.5,6,Mucho antes
hot,14.2,1,Mucho antes
foggy,232.1,7,Ligeramente antes
clear,111.4,5,Mucho antes
hot,173.6,4,Mucho antes
clear,267.2,6,Ligeramente antes
cold,158.5,6,Mucho antes
rainy,176.1,9,Mucho antes
rainy,242.5,14,Mucho antes
rainy,242.1,12,Mucho tarde
cold,189.1,5,Mucho antes
hot,12.3,3,Mucho antes
foggy,262.4,14,Mucho antes
foggy,187.7,8,Mucho antes
clear,163.9,7,Ligeramente antes
stormy,254.7,12,Mucho tarde
hot,113.6,3,Mucho antes
clear,30.5,3,Mucho antes
clear,77.7,2,Ligeramente antes
hot,273.8,8,Ligeramente tarde
hot,237.3,10,Mucho antes
foggy,147.6,7,Ligeramente antes
hot,246.5,7,Ligeramente antes
stormy,261.6,10,Ligeramente tarde
stormy,240.2,12,Mucho antes
rainy,297.1,14,Mucho tarde
hot,287.8,10,Mucho tarde
hot,169.0,3,Mucho antes
hot,200.8,4,Mucho antes
rainy,297.1,15,Mucho tarde
foggy,272.4,13,Mucho antes
rainy,144.9,11,Mucho tarde
stormy,68.0,7,Mucho tarde
foggy,50.8,6,Mucho antes
foggy,42.7,2,Mucho antes
cold,6.9,2,Ligeramente antes
stormy,225.8,10,Mucho antes
cold,160.3,7,Ligeramente antes
stormy,136.8,7,Mucho antes
hot,3.6,2,Mucho antes
rainy,142.8,10,Ligeramente tarde
foggy,5.4,1,Ligeramente antes
foggy,207.3,6,Mucho antes
hot,295.9,14,Mucho tarde
stormy,267.2,15,Mucho tarde
rainy,58.7,6,Mucho antes
hot,192.3,3,Mucho antes
hot,80.7,3,Mucho antes
clear,162.8,7,Mucho antes
foggy,138.3,5,Mucho antes
stormy,78.0,6,Mucho antes
cold,162.3,7,Mucho antes
cold,203.7,5,Mucho antes
rainy,206.1,12,Mucho antes
foggy,55.5,4,Mucho antes
clear,7.1,2,Ligeramente antes
clear,239.0,6,Mucho antes
foggy,198.3,10,Mucho antes
cold,136.8,6,Mucho antes
foggy,190.5,8,Ligeramente antes
rainy,265.8,9,Ligeramente tarde
rainy,110.2,5,Mucho antes
hot,134.5,6,Ligeramente tarde
stormy,157.2,10,Mucho tarde
foggy,206.3,8,Ligeramente tarde
foggy,148.2,6,Mucho antes
cold,214.4,6,Ligeramente antes
clear,82.9,5,Mucho antes
hot,37.5,3,Mucho antes
cold,19.8,2,Mucho antes
hot,25.8,3,Ligeramente tarde
stormy,7.4,8,Mucho antes
stormy,294.6,13,Mucho antes
cold,227.7,6,Mucho antes
clear,161.8,4,Mucho antes
hot,79.4,3,Mucho antes
rainy,219.4,10,Mucho tarde
clear,297.1,7,Ligeramente antes
clear,109.1,2,Mucho antes
clear,115.0,3,Mucho antes
stormy,255.4,11,Mucho antes
clear,116.4,4,Mucho antes
hot,263.9,5,Mucho antes
clear,51.9,1,Mucho antes
rainy,274.2,12,Mucho antes
foggy,41.7,3,Mucho antes
cold,220.9,4,Mucho antes
clear,96.0,4,Mucho antes
foggy,243.2,10,Mucho tarde
clear,51.5,2,Ligeramente antes
rainy,190.7,9,Mucho antes
stormy,152.5,11,Mucho tarde
hot,87.0,4,Mucho antes
stormy,146.4,12,Mucho antes
stormy,288.0,10,Mucho antes
foggy,227.7,9,Mucho tarde
rainy,18.4,4,Ligeramente tarde
stormy,293.3,17,Ligeramente tarde
hot,216.4,5,Mucho antes
stormy,76.6,4,Ligeramente tarde
clear,288.1,9,Ligeramente tarde
cold,149.1,3,Ligeramente antes
rainy,163.4,10,Mucho tarde
stormy,75.1,6,Mucho tarde
hot,297.1,12,Mucho antes
cold,92.0,3,Mucho antes
stormy,193.0,9,Mucho antes
cold,175.4,7,Ligeramente tarde
foggy,214.5,11,Mucho antes
clear,23.0,3,Ligeramente tarde
clear,149.5,3,Mucho antes
cold,69.8,4,Mucho antes
clear,37.6,2,Mucho antes
cold,158.1,5,Mucho antes
foggy,136.5,7,Mucho tarde
cold,136.8,5,Mucho antes
cold,114.6,3,Mucho antes
clear,94.4,4,Mucho antes
stormy,9.6,4,Mucho antes
clear,178.4,7,Ligeramente antes
rainy,273.2,10,Mucho antes
cold,147.7,6,Mucho antes
cold,88.8,2,Mucho antes
clear,93.1,3,Mucho antes
cold,79.0,3,Mucho antes
rainy,132.1,8,Mucho antes
foggy,17.1,3,Mucho antes
stormy,71.7,8,Mucho antes
rainy,282.9,12,Mucho antes
clear,137.1,5,Mucho antes
rainy,14.9,4,Mucho antes
clear,4.5,0,Mucho antes
stormy,293.8,13,Mucho antes
stormy,234.5,11,Mucho antes
rainy,80.1,4,Ligeramente tarde
cold,99.8,4,Ligeramente antes
hot,226.9,9,Mucho antes
foggy,192.7,5,Ligeramente antes
foggy,198.3,8,Mucho antes
foggy,112.7,5,Mucho antes
stormy,251.5,15,Mucho antes
cold,212.7,8,Ligeramente tarde
rainy,218.3,12,Mucho antes
rainy,59.9,5,Mucho antes
foggy,91.8,2,Mucho antes
rainy,109.3,4,Ligeramente antes
stormy,92.1,5,Ligeramente tarde
clear,61.3,3,Ligeramente antes
cold,202.5,6,Mucho antes
rainy,195.3,7,Mucho antes
rainy,165.4,8,Mucho antes
rainy,184.3,11,Mucho tarde
hot,291.9,13,Mucho antes
rainy,21.5,5,Mucho antes
stormy,202.5,8,Ligeramente tarde
hot,243.1,5,Mucho antes
hot,131.6,5,Mucho antes
stormy,93.6,9,Mucho antes
stormy,165.0,7,Mucho antes
foggy,228.9,5,Ligeramente antes
clear,259.8,6,Mucho antes
clear,199.0,5,Ligeramente antes
rainy,193.4,10,Mucho antes
hot,268.8,8,Ligeramente antes
hot,160.3,7,Mucho antes
stormy,108.9,6,Mucho antes
hot,57.3,4,Ligeramente tarde
hot,41.1,2,Mucho antes
stormy,112.2,9,Mucho antes
foggy,9.4,4,Mucho antes
rainy,191.9,9,Mucho tarde
clear,262.7,7,Mucho antes
clear,192.9,4,Mucho antes
clear,294.3,7,Ligeramente antes
hot,277.4,9,Ligeramente tarde
hot,178.5,5,Mucho antes
stormy,40.0,4,Ligeramente tarde
stormy,59.6,8,Mucho antes
stormy,107.2,8,Mucho tarde
rainy,52.0,4,Mucho antes
clear,124.8,5,Ligeramente tarde
hot,297.1,8,Mucho antes
stormy,297.1,11,Mucho tarde
cold,225.9,5,Mucho antes
hot,184.3,4,Mucho antes
foggy,255.8,11,Mucho antes
foggy,288.7,13,Mucho antes
foggy,254.9,10,Mucho antes
clear,195.7,3,Mucho antes
rainy,146.6,9,Ligeramente tarde
rainy,113.1,6,Mucho antes
cold,132.0,4,Mucho antes
rainy,48.9,8,Mucho tarde
clear,79.5,2,Ligeramente antes
stormy,229.7,12,Mucho antes
rainy,192.3,6,Ligeramente tarde
clear,95.4,2,Mucho antes
foggy,154.6,8,Mucho antes
clear,112.4,4,Mucho antes
foggy,72.5,4,Ligeramente tarde
hot,32.8,2,Ligeramente antes
stormy,159.8,7,Mucho antes
cold,189.1,7,Ligeramente antes
cold,3.6,0,Mucho antes
cold,12.4,1,Mucho antes
hot,56.8,2,Mucho antes
stormy,225.3,12,Mucho tarde
clear,220.4,8,Mucho antes
foggy,125.9,7,Ligeramente antes
cold,297.1,10,Ligeramente tarde
clear,152.2,5,Mucho antes
hot,197.5,8,Mucho antes
foggy,161.0,9,Mucho tarde
cold,279.4,6,Mucho antes
rainy,39.4,6,Mucho antes
foggy,17.5,4,Ligeramente tarde
hot,165.5,6,Mucho antes
foggy,196.8,8,Ligeramente antes
cold,251.6,6,Ligeramente antes
foggy,147.5,7,Mucho antes
foggy,51.3,6,Mucho tarde
hot,109.2,4,Mucho antes
rainy,234.6,11,Mucho antes
hot,87.0,1,Mucho antes
hot,257.8,7,Mucho antes
cold,36.9,2,Mucho antes
stormy,127.9,7,Mucho tarde
cold,213.8,6,Mucho antes
stormy,107.6,7,Mucho antes
foggy,199.3,6,Mucho antes
cold,295.1,10,Mucho tarde
foggy,13.8,3,Mucho antes
rainy,10.8,3,Mucho antes
hot,181.0,8,Ligeramente antes
rainy,285.8,9,Ligeramente tarde
clear,147.6,4,Ligeramente antes
clear,140.1,3,Mucho antes
hot,68.6,2,Mucho antes
rainy,110.2,10,Mucho antes
foggy,3.6,4,Mucho antes
foggy,157.8,9,Mucho tarde
foggy,244.9,10,Mucho tarde
hot,234.5,5,Mucho antes
cold,132.7,5,Ligeramente tarde
rainy,131.7,10,Mucho tarde
clear,203.6,4,Mucho antes
stormy,280.7,11,Mucho tarde
cold,222.9,5,Ligeramente antes
rainy,150.1,5,Mucho antes
foggy,273.2,8,Mucho antes
hot,296.3,5,Mucho antes
foggy,215.3,9,Mucho antes
stormy,271.2,9,Ligeramente tarde
cold,282.3,8,Ligeramente antes
clear,171.5,4,Ligeramente antes
clear,88.9,2,Mucho antes
clear,220.1,5,Mucho antes
stormy,50.6,7,Mucho antes
hot,100.9,3,Ligeramente antes
clear,120.1,2,Mucho antes
hot,254.4,4,Mucho antes
clear,130.7,4,Mucho antes
clear,187.2,8,Mucho antes
cold,259.5,11,Mucho antes
rainy,41.7,8,Mucho antes
foggy,203.4,10,Ligeramente tarde
rainy,203.0,12,Mucho antes
foggy,165.5,7,Ligeramente antes
foggy,272.1,7,Ligeramente antes
rainy,159.3,7,Mucho antes
clear,48.2,2,Mucho antes
hot,201.7,4,Mucho antes
stormy,125.7,7,Mucho antes
stormy,297.1,9,Mucho antes
clear,244.2,4,Mucho antes
hot,42.0,1,Mucho antes
hot,112.6,2,Mucho antes
foggy,48.0,4,Mucho antes
stormy,271.5,9,Ligeramente tarde
foggy,10.1,2,Mucho antes
hot,121.6,3,Mucho antes
cold,62.6,2,Mucho antes
stormy,136.6,7,Mucho antes
clear,237.9,8,Ligeramente tarde
cold,8.1,3,Ligeramente tarde
stormy,79.7,5,Mucho antes
cold,251.2,10,Mucho antes
hot,88.5,2,Mucho antes
stormy,93.6,7,Mucho antes
rainy,85.7,3,Mucho antes
stormy,205.1,14,Mucho antes
rainy,265.8,14,Mucho antes
foggy,113.3,3,Ligeramente antes
stormy,291.7,11,Mucho antes
cold,46.8,1,Mucho antes
stormy,261.6,12,Mucho tarde
hot,106.9,3,Mucho antes
foggy,51.6,4,Mucho antes
rainy,204.0,9,Mucho tarde
clear,76.3,1,Mucho antes
rainy,42.8,3,Mucho antes
clear,147.5,6,Mucho antes
hot,53.8,4,Mucho antes
clear,156.9,5,Ligeramente antes
foggy,280.5,9,Ligeramente tarde
cold,3.6,1,Mucho antes
hot,110.7,3,Mucho antes
cold,185.4,7,Mucho antes
cold,147.1,6,Mucho antes
stormy,177.4,9,Mucho antes
clear,8.0,3,Ligeramente tarde
rainy,160.6,8,Mucho antes
stormy,198.4,11,Mucho tarde
rainy,180.0,8,Mucho tarde
cold,13.7,2,Mucho antes
foggy,32.4,3,Mucho antes
stormy,206.8,11,Mucho tarde
clear,44.5,4,Mucho antes
clear,93.6,4,Mucho antes
hot,134.1,7,Mucho antes
hot,132.7,5,Mucho antes
stormy,17.5,4,Mucho antes
rainy,136.0,10,Ligeramente tarde
foggy,127.1,5,Mucho antes
foggy,85.2,6,Mucho antes
rainy,155.7,8,Mucho tarde
cold,219.4,4,Mucho antes
foggy,297.1,8,Mucho antes
cold,290.8,6,Mucho antes
stormy,206.6,8,Ligeramente tarde
stormy,71.4,9,Mucho antes
cold,249.1,10,Ligeramente tarde
clear,100.7,5,Mucho antes
stormy,58.5,7,Mucho antes
foggy,98.3,5,Ligeramente tarde
rainy,17.8,6,Mucho antes
rainy,119.2,8,Mucho antes
rainy,240.5,9,Mucho antes
hot,3.6,2,Mucho antes
stormy,3.6,7,Mucho antes
hot,53.7,3,Mucho antes
hot,59.7,2,Mucho antes
stormy,193.6,8,Mucho antes
rainy,48.9,6,Mucho antes
stormy,120.1,9,Mucho antes
stormy,191.8,10,Mucho antes
rainy,73.6,6,Mucho tarde
cold,51.7,2,Mucho antes
foggy,266.3,11,Mucho antes
foggy,66.5,5,Ligeramente tarde
cold,268.0,9,Mucho antes
foggy,284.2,12,Mucho tarde
cold,278.4,5,Mucho antes
foggy,145.2,6,Mucho antes
hot,216.7,4,Mucho antes
cold,74.8,4,Mucho antes
cold,20.2,3,Mucho antes
rainy,156.4,9,Mucho antes
hot,31.5,2,Ligeramente antes
rainy,233.9,6,Mucho antes
stormy,152.5,10,Mucho antes
hot,20.0,2,Ligeramente antes
hot,216.2,6,Mucho antes
cold,146.3,4,Mucho antes
rainy,139.4,12,Mucho antes
clear,169.3,3,Mucho antes
cold,236.8,7,Ligeramente antes
stormy,43.0,8,Mucho antes
foggy,34.9,4,Ligeramente tarde
foggy,52.2,5,Mucho antes
clear,92.3,3,Mucho antes
cold,225.3,11,Mucho antes
rainy,178.5,9,Ligeramente tarde
hot,19.7,2,Mucho antes
stormy,246.4,9,Mucho antes
cold,14.6,2,Mucho antes
stormy,62.9,8,Mucho antes
cold,266.5,6,Ligeramente antes
stormy,105.6,8,Mucho antes
stormy,102.8,6,Ligeramente tarde
stormy,57.5,5,Mucho antes
cold,54.4,3,Ligeramente antes
stormy,10.1,4,Mucho antes
cold,254.6,6,Mucho antes
hot,219.5,11,Mucho antes
stormy,113.4,10,Mucho antes
rainy,226.8,10,Ligeramente tarde
stormy,85.6,8,Mucho tarde
rainy,103.3,10,Mucho antes
hot,265.3,10,Mucho antes
clear,68.1,2,Mucho antes
foggy,256.4,8,Mucho antes
stormy,74.7,8,Mucho antes
foggy,273.7,12,Mucho antes
foggy,69.2,5,Mucho antes
clear,88.3,3,Ligeramente antes
cold,166.2,5,Mucho antes
clear,60.9,2,Mucho antes
foggy,8.6,2,Ligeramente antes
cold,91.0,2,Mucho antes
stormy,130.0,8,Mucho antes
foggy,4.7,2,Mucho antes
foggy,235.9,7,Ligeramente antes
clear,84.4,3,Mucho antes
foggy,53.5,5,Ligeramente tarde
stormy,188.3,9,Mucho antes
foggy,263.4,10,Mucho antes
foggy,136.0,4,Mucho antes
stormy,128.3,9,Mucho antes
foggy,149.7,8,Ligeramente antes
foggy,48.3,1,Mucho antes
cold,93.7,4,Mucho antes
clear,137.1,5,Mucho antes
stormy,297.1,16,Mucho tarde
clear,117.6,6,Mucho antes
clear,16.0,1,Mucho antes
stormy,77.6,9,Ligeramente tarde
clear,278.8,11,Mucho tarde
foggy,252.3,10,Mucho tarde
rainy,187.0,8,Mucho tarde
cold,160.8,5,Mucho antes
rainy,192.5,7,Mucho antes
clear,288.7,7,Ligeramente antes
clear,132.5,3,Ligeramente antes
rainy,240.2,12,Mucho antes
clear,263.2,8,Ligeramente antes
hot,63.7,2,Mucho antes
clear,116.5,5,Mucho antes
hot,216.3,6,Ligeramente antes
rainy,71.1,5,Ligeramente tarde
clear,96.4,2,Mucho antes
foggy,106.4,8,Ligeramente antes
rainy,292.2,13,Mucho tarde
stormy,209.0,10,Mucho antes
rainy,156.9,10,Ligeramente tarde
cold,134.6,3,Mucho antes
cold,205.5,10,Mucho antes
foggy,268.0,7,Ligeramente antes
cold,69.9,3,Ligeramente antes
cold,222.7,4,Mucho antes
cold,74.3,3,Mucho antes
rainy,233.3,7,Ligeramente antes
clear,221.9,7,Ligeramente antes
stormy,207.8,11,Mucho antes
hot,80.9,4,Mucho antes
foggy,297.1,9,Mucho antes
stormy,100.8,8,Mucho antes
foggy,264.3,6,Mucho antes
hot,54.7,1,Mucho antes
hot,113.7,2,Mucho antes
rainy,7.9,5,Mucho antes
cold,31.1,2,Mucho antes
clear,134.4,3,Mucho antes
hot,247.3,5,Mucho antes
clear,200.9,6,Mucho antes
rainy,172.7,7,Ligeramente antes
stormy,4.9,6,Mucho antes
rainy,249.8,8,Ligeramente antes
cold,98.6,4,Mucho antes
hot,165.8,6,Ligeramente tarde
clear,246.7,9,Mucho antes
rainy,16.8,5,Mucho antes
stormy,95.6,7,Mucho tarde
clear,286.5,8,Ligeramente antes
rainy,29.9,7,Mucho antes
clear,110.0,5,Mucho antes
clear,269.8,8,Mucho antes
cold,37.0,0,Mucho antes
stormy,205.5,10,Ligeramente tarde
rainy,207.0,9,Mucho antes
foggy,73.7,7,Mucho antes
stormy,44.4,5,Mucho tarde
hot,228.3,9,Ligeramente tarde
rainy,69.4,4,Ligeramente tarde
foggy,233.5,7,Ligeramente tarde
foggy,272.3,10,Mucho antes
clear,15.1,1,Mucho antes
rainy,84.6,8,Mucho tarde
hot,218.7,7,Mucho antes
hot,170.2,4,Ligeramente antes
stormy,155.3,10,Ligeramente tarde
cold,141.0,6,Mucho antes
cold,287.1,9,Mucho antes
stormy,233.4,11,Mucho tarde
hot,166.4,4,Mucho antes
rainy,98.8,7,Mucho tarde
clear,8.1,2,Ligeramente antes
rainy,203.6,13,Mucho tarde
hot,47.5,3,Mucho antes
hot,48.0,3,Ligeramente tarde
stormy,32.3,5,Mucho antes
stormy,264.4,13,Mucho antes
clear,173.7,6,Mucho antes
rainy,241.1,8,Mucho antes
hot,5.5,0,Mucho antes
cold,143.2,5,Mucho antes
hot,187.7,6,Ligeramente tarde
rainy,274.9,8,Mucho antes
cold,180.1,6,Mucho antes
foggy,40.3,5,Mucho antes
foggy,213.4,7,Mucho antes
foggy,107.6,6,Ligeramente tarde
hot,73.5,4,Mucho antes
hot,254.8,8,Mucho antes
hot,168.2,5,Mucho antes
clear,148.3,5,Ligeramente tarde
foggy,252.5,12,Mucho tarde
clear,282.3,9,Ligeramente tarde
rainy,192.0,8,Mucho antes
hot,253.7,9,Mucho antes
foggy,127.2,6,Mucho antes
cold,271.1,5,Mucho antes
clear,216.1,8,Ligeramente antes
cold,273.3,7,Ligeramente antes
rainy,259.3,9,Ligeramente tarde
stormy,107.3,10,Mucho antes
cold,265.5,8,Mucho antes
clear,164.0,3,Mucho antes
rainy,238.8,8,Mucho antes
rainy,213.1,7,Ligeramente tarde
hot,277.4,7,Mucho antes
cold,211.5,7,Ligeramente antes
clear,216.5,4,Mucho antes
hot,297.1,7,Ligeramente antes
foggy,260.8,10,Mucho tarde
hot,184.1,6,Mucho antes
hot,225.4,9,Mucho antes
stormy,77.3,9,Ligeramente tarde
cold,165.0,4,Mucho antes
rainy,294.5,11,Mucho antes
clear,52.4,3,Mucho antes
stormy,269.1,12,Mucho tarde
hot,223.3,7,Ligeramente tarde
rainy,87.5,5,Ligeramente tarde
cold,284.0,6,Mucho antes
clear,128.2,3,Mucho antes
clear,142.1,6,Mucho antes
cold,145.3,4,Mucho antes
clear,59.4,3,Mucho antes
cold,191.8,10,Mucho antes
rainy,156.9,6,Ligeramente tarde
clear,294.9,8,Ligeramente antes
rainy,232.8,13,Mucho antes
hot,132.0,3,Ligeramente antes
rainy,266.9,9,Mucho antes
stormy,277.5,9,Mucho antes
stormy,172.2,10,Ligeramente tarde
stormy,288.0,10,Ligeramente tarde
rainy,156.5,4,Mucho antes
hot,66.6,2,Mucho antes
hot,158.0,8,Ligeramente antes
stormy,146.7,10,Mucho antes
stormy,154.2,9,Mucho antes
foggy,53.5,5,Ligeramente tarde
foggy,62.0,5,Ligeramente tarde
cold,118.8,5,Mucho antes
cold,226.9,9,Ligeramente tarde
rainy,70.3,7,Ligeramente antes
stormy,25.3,4,Mucho antes
hot,80.9,4,Mucho antes
rainy,119.7,5,Mucho antes
rainy,17.6,7,Mucho antes
clear,123.6,4,Mucho antes
clear,176.5,6,Mucho antes
stormy,247.5,10,Mucho antes
foggy,145.8,9,Mucho antes
hot,219.6,6,Mucho antes
hot,203.7,9,Ligeramente tarde
hot,162.6,3,Mucho antes
foggy,168.4,7,Ligeramente antes
hot,87.7,4,Mucho antes
cold,44.8,2,Mucho antes
hot,159.4,5,Mucho antes
stormy,81.9,9,Mucho antes
stormy,111.7,11,Mucho antes
rainy,225.0,12,Mucho antes
rainy,201.4,8,Ligeramente tarde
cold,45.2,1,Mucho antes
hot,39.8,1,Mucho antes
cold,257.1,7,Mucho antes
foggy,117.2,8,Ligeramente antes
hot,55.5,2,Mucho antes
clear,184.3,7,Ligeramente tarde
cold,290.3,7,Ligeramente antes
cold,181.6,7,Ligeramente antes
stormy,180.9,8,Ligeramente antes
rainy,266.7,9,Mucho antes
hot,60.5,4,Mucho antes
clear,169.0,4,Mucho antes
clear,73.0,2,Mucho antes
rainy,205.3,9,Mucho antes
foggy,170.6,7,Mucho antes
rainy,256.9,11,Mucho tarde
hot,174.9,7,Mucho antes
rainy,180.3,8,Mucho antes
hot,146.3,7,Mucho antes
stormy,17.5,4,Mucho antes
stormy,141.8,8,Mucho tarde
rainy,14.0,5,Mucho antes
stormy,184.6,8,Mucho tarde
cold,71.3,3,Mucho antes
stormy,5.0,4,Mucho antes
foggy,228.8,13,Mucho antes
stormy,99.3,7,Mucho antes
foggy,195.7,7,Ligeramente antes
clear,206.4,8,Ligeramente antes
hot,150.3,5,Ligeramente antes
foggy,3.6,2,Mucho antes
clear,240.2,8,Ligeramente antes
cold,112.7,5,Mucho antes
rainy,77.0,7,Ligeramente antes
hot,223.1,7,Mucho antes
hot,237.0,4,Mucho antes
stormy,244.0,12,Mucho antes
foggy,230.9,9,Mucho antes
cold,56.5,4,Mucho antes
clear,233.4,8,Ligeramente antes
rainy,74.0,5,Mucho antes
foggy,92.7,6,Mucho antes
clear,78.5,3,Mucho antes
rainy,66.4,6,Mucho antes
clear,173.9,5,Mucho antes
cold,185.6,6,Ligeramente tarde
clear,224.5,5,Mucho antes
clear,60.3,3,Mucho antes
cold,142.4,6,Ligeramente tarde
clear,179.2,7,Ligeramente tarde
rainy,110.6,9,Ligeramente tarde
stormy,67.3,4,Mucho antes
clear,24.3,1,Mucho antes
rainy,84.2,6,Mucho tarde
cold,157.0,6,Mucho antes
cold,51.4,2,Mucho antes
stormy,262.9,14,Mucho tarde
rainy,212.4,12,Mucho antes
cold,31.5,0,Mucho antes
foggy,61.6,3,Mucho antes
foggy,16.4,4,Mucho antes
hot,256.9,8,Ligeramente tarde
hot,70.3,2,Mucho antes
clear,290.2,7,Ligeramente antes
stormy,293.0,16,Mucho tarde
cold,74.0,2,Mucho antes
hot,277.7,6,Ligeramente antes
hot,106.5,3,Mucho antes
hot,100.4,6,Mucho antes
foggy,272.8,11,Mucho tarde
rainy,178.6,11,Mucho antes
foggy,205.8,7,Mucho antes
rainy,125.2,10,Mucho antes
clear,157.2,8,Mucho antes
stormy,232.4,8,Ligeramente tarde
foggy,52.0,5,Ligeramente tarde
hot,296.3,8,Mucho antes
rainy,240.4,9,Ligeramente tarde
rainy,81.1,5,Mucho antes
rainy,210.3,10,Ligeramente tarde
clear,4.9,1,Mucho antes
hot,225.6,7,Ligeramente tarde
hot,239.4,6,Mucho antes
hot,42.9,3,Mucho antes
hot,92.2,4,Mucho antes
foggy,195.0,6,Mucho antes
cold,212.3,8,Ligeramente tarde
clear,21.5,2,Mucho antes
stormy,128.6,9,Ligeramente tarde
clear,144.5,4,Mucho antes
hot,205.0,6,Mucho antes
cold,105.6,3,Ligeramente antes
stormy,108.5,7,Mucho tarde
clear,65.9,1,Mucho antes
clear,272.9,6,Mucho antes
stormy,29.4,8,Mucho tarde
foggy,147.3,5,Mucho antes
clear,43.7,2,Mucho antes
stormy,10.0,7,Mucho antes
hot,208.7,5,Mucho antes
stormy,50.5,8,Ligeramente antes
foggy,175.1,6,Mucho antes
cold,187.8,6,Mucho antes
rainy,292.8,11,Mucho antes
cold,129.9,6,Mucho antes
clear,23.5,0,Mucho antes
clear,138.6,5,Ligeramente tarde
cold,41.0,2,Mucho antes
clear,156.0,7,Mucho antes
foggy,144.3,9,Mucho tarde
hot,136.9,3,Ligeramente antes
clear,237.9,6,Mucho antes
rainy,112.5,8,Mucho antes
clear,228.3,7,Ligeramente tarde
hot,234.8,7,Ligeramente tarde
hot,110.0,5,Mucho antes
hot,95.3,4,Mucho antes
rainy,6.9,2,Mucho antes
cold,233.7,6,Ligeramente antes
foggy,220.9,9,Mucho antes
rainy,46.1,4,Ligeramente tarde
rainy,47.9,9,Ligeramente tarde
foggy,230.5,8,Ligeramente tarde
foggy,39.3,3,Mucho antes
cold,239.2,6,Mucho antes
hot,67.1,4,Ligeramente tarde
stormy,145.3,7,Ligeramente antes
clear,57.6,2,Ligeramente antes
foggy,77.3,5,Ligeramente tarde
rainy,174.0,7,Mucho antes
stormy,255.9,11,Mucho tarde
cold,177.9,4,Mucho antes
cold,64.1,2,Ligeramente antes
stormy,166.4,9,Ligeramente tarde
rainy,53.4,4,Mucho antes
cold,155.3,6,Mucho antes
stormy,67.2,6,Mucho tarde
clear,234.9,6,Ligeramente antes
clear,256.1,7,Mucho antes
cold,187.7,5,Mucho antes
clear,119.0,4,Mucho antes
hot,251.6,7,Mucho antes
clear,109.6,3,Mucho antes
clear,106.2,5,Mucho antes
clear,38.3,1,Mucho antes
foggy,260.6,8,Mucho antes
hot,42.5,2,Ligeramente antes
foggy,284.2,12,Mucho antes
rainy,219.8,11,Mucho tarde
cold,252.5,7,Ligeramente antes
stormy,145.9,9,Mucho antes
stormy,76.2,9,Mucho antes
hot,147.7,6,Ligeramente tarde
hot,240.7,10,Mucho tarde
clear,141.8,5,Mucho antes
cold,83.1,4,Mucho antes
stormy,168.3,8,Mucho antes
rainy,10.4,3,Mucho antes
stormy,222.9,12,Mucho antes
clear,199.7,9,Mucho antes
cold,68.1,2,Mucho antes
foggy,66.0,7,Mucho antes
clear,232.4,6,Mucho antes
cold,89.0,2,Mucho antes
foggy,169.9,5,Mucho antes
hot,167.6,6,Mucho antes
hot,182.5,5,Ligeramente antes
clear,12.3,1,Mucho antes
foggy,138.7,7,Mucho antes
cold,232.2,6,Mucho antes
stormy,225.1,11,Mucho tarde
stormy,130.3,7,Ligeramente antes
cold,35.1,1,Ligeramente antes
foggy,160.1,7,Ligeramente antes
foggy,182.8,10,Ligeramente tarde
foggy,245.5,10,Mucho antes
cold,230.6,6,Mucho antes
stormy,112.1,9,Mucho antes
stormy,187.9,9,Ligeramente tarde
cold,158.4,5,Mucho antes
rainy,66.8,5,Mucho antes
foggy,80.2,5,Ligeramente tarde
stormy,213.4,9,Mucho antes
stormy,217.3,13,Mucho antes
rainy,215.7,13,Mucho tarde
clear,102.1,4,Ligeramente antes
foggy,153.3,7,Mucho antes
foggy,59.9,3,Mucho antes
rainy,207.7,14,Mucho tarde
cold,107.5,3,Mucho antes
rainy,98.0,6,Mucho antes
hot,105.1,4,Mucho antes
cold,15.4,0,Mucho antes
cold,132.8,4,Mucho antes
cold,159.9,7,Ligeramente antes
clear,21.9,0,Mucho antes
hot,112.1,3,Mucho antes
foggy,295.9,12,Mucho tarde
cold,138.2,4,Mucho antes
stormy,120.7,9,Mucho tarde
rainy,176.3,9,Mucho antes
clear,110.3,5,Mucho antes
hot,37.4,1,Mucho antes
stormy,239.8,12,Mucho antes
rainy,239.1,8,Ligeramente tarde
foggy,219.4,7,Mucho antes
hot,82.5,3,Mucho antes
clear,169.6,7,Ligeramente tarde
rainy,141.6,8,Mucho tarde
clear,204.1,4,Mucho antes
stormy,215.7,10,Mucho antes
foggy,118.8,4,Ligeramente antes
hot,233.3,5,Mucho antes
clear,187.6,5,Mucho antes
foggy,221.5,11,Mucho antes
foggy,213.7,9,Mucho antes
hot,231.9,5,Mucho antes
cold,171.4,7,Ligeramente antes
rainy,184.7,8,Mucho tarde
foggy,33.3,3,Ligeramente tarde
stormy,159.6,11,Mucho tarde
stormy,272.3,13,Mucho antes
rainy,86.1,8,Mucho antes
foggy,120.1,5,Mucho antes
hot,179.6,8,Ligeramente antes
clear,90.0,4,Mucho antes
hot,63.9,4,Ligeramente tarde
hot,271.7,11,Mucho tarde
cold,19.8,2,Ligeramente antes
hot,73.7,3,Mucho antes
rainy,190.6,11,Mucho tarde
foggy,252.3,11,Mucho antes
hot,41.0,2,Mucho antes
rainy,94.1,5,Ligeramente tarde
hot,244.7,7,Mucho antes
hot,50.4,1,Mucho antes
clear,19.4,0,Mucho antes
rainy,13.3,5,Mucho antes
rainy,269.2,8,Ligeramente antes
foggy,245.4,9,Mucho antes
hot,140.7,5,Mucho antes
rainy,272.2,14,Mucho antes
clear,29.2,2,Mucho antes
foggy,12.1,3,Mucho antes
cold,147.2,3,Mucho antes
cold,232.8,7,Mucho antes
foggy,22.8,5,Mucho antes
rainy,105.1,7,Mucho antes
foggy,42.7,5,Mucho antes
foggy,215.8,7,Mucho antes
rainy,80.9,5,Mucho antes
stormy,164.1,9,Ligeramente tarde
stormy,3.6,3,Ligeramente tarde
rainy,129.1,5,Ligeramente tarde
hot,25.4,1,Mucho antes
cold,270.4,10,Ligeramente tarde
hot,195.1,6,Ligeramente tarde
clear,165.9,5,Mucho antes
foggy,99.5,5,Mucho antes
clear,8.8,3,Ligeramente tarde
foggy,116.2,7,Mucho antes
stormy,62.2,7,Ligeramente antes
cold,150.3,4,Ligeramente antes
stormy,32.2,3,Mucho antes
rainy,167.8,4,Mucho antes
rainy,248.1,10,Mucho antes
stormy,125.0,11,Mucho antes
clear,16.0,2,Ligeramente antes
rainy,175.0,9,Mucho antes
clear,280.7,8,Ligeramente tarde
cold,282.0,7,Ligeramente antes
rainy,114.5,6,Mucho antes
foggy,129.6,4,Mucho antes
foggy,87.5,5,Mucho antes
hot,272.5,6,Mucho antes
stormy,63.7,5,Mucho antes
rainy,167.3,10,Mucho antes
stormy,147.6,10,Mucho tarde
hot,27.2,2,Mucho antes
hot,151.4,4,Mucho antes
rainy,169.6,9,Mucho antes
clear,83.4,2,Mucho antes
hot,53.0,1,Mucho antes
stormy,134.5,5,Ligeramente tarde
clear,289.8,6,Mucho antes
clear,287.4,5,Mucho antes
clear,117.7,5,Mucho antes
stormy,238.9,11,Mucho tarde
rainy,233.1,11,Mucho tarde
rainy,282.4,9,Ligeramente tarde
cold,198.4,9,Mucho antes
stormy,89.3,8,Mucho antes
clear,295.1,7,Mucho antes
foggy,103.7,3,Mucho antes
foggy,41.0,3,Mucho antes
hot,144.9,6,Mucho antes
stormy,288.7,11,Mucho tarde
clear,194.2,8,Mucho tarde
rainy,184.7,9,Mucho antes
stormy,100.0,9,Ligeramente tarde
rainy,220.2,9,Mucho antes
rainy,55.0,4,Ligeramente tarde
cold,29.9,3,Ligeramente tarde
clear,262.2,8,Ligeramente antes
rainy,156.1,10,Mucho antes
stormy,266.0,14,Mucho antes
hot,11.6,2,Ligeramente antes
hot,211.6,4,Mucho antes
rainy,38.8,7,Mucho tarde
stormy,45.4,4,Mucho antes
hot,63.1,4,Mucho antes
clear,13.0,1,Mucho antes
stormy,296.4,16,Mucho antes
stormy,195.5,8,Ligeramente antes
rainy,271.2,10,Mucho antes
hot,44.5,2,Mucho antes
foggy,238.9,8,Mucho antes
clear,28.5,1,Ligeramente antes
foggy,41.5,3,Mucho antes
foggy,262.5,8,Ligeramente tarde
hot,54.2,2,Mucho antes
rainy,241.5,12,Mucho tarde
hot,273.9,11,Mucho antes
hot,12.3,1,Mucho antes
stormy,281.0,13,Mucho antes
foggy,165.4,3,Mucho antes
clear,185.0,7,Mucho antes
rainy,251.8,9,Ligeramente tarde
rainy,201.8,8,Mucho antes
stormy,289.2,15,Ligeramente antes
cold,275.6,6,Ligeramente antes
hot,76.1,4,Mucho antes
cold,222.3,8,Mucho antes
foggy,116.5,7,Mucho tarde
clear,35.9,2,Mucho antes
cold,91.7,4,Mucho antes
cold,16.1,1,Ligeramente antes
stormy,157.8,7,Mucho antes
foggy,3.6,3,Mucho antes
clear,53.2,2,Ligeramente antes
hot,297.1,6,Mucho antes
cold,282.1,8,Ligeramente tarde
foggy,181.0,8,Ligeramente antes
hot,295.3,9,Mucho antes
clear,139.6,4,Mucho antes
rainy,145.5,9,Ligeramente tarde
stormy,133.6,7,Mucho antes
rainy,11.7,2,Mucho antes
clear,103.3,5,Mucho antes
foggy,158.2,6,Mucho antes
hot,154.6,6,Mucho antes
clear,152.9,5,Ligeramente antes
foggy,107.5,6,Mucho antes
cold,215.1,6,Mucho antes
clear,285.3,9,Mucho antes
clear,240.3,9,Mucho antes
cold,97.5,2,Mucho antes
rainy,86.5,9,Mucho tarde
stormy,265.4,15,Mucho tarde
stormy,65.9,9,Mucho antes
stormy,36.1,7,Ligeramente antes
hot,80.5,3,Mucho antes
stormy,161.8,5,Mucho antes
cold,3.6,1,Mucho antes
stormy,59.7,5,Mucho antes
clear,77.5,2,Mucho antes
stormy,167.9,9,Mucho tarde
clear,219.0,6,Ligeramente antes
foggy,294.7,9,Ligeramente tarde
hot,60.7,3,Mucho antes
cold,209.4,4,Mucho antes
rainy,69.3,4,Mucho antes
clear,179.8,9,Mucho antes
clear,77.4,5,Mucho antes
foggy,139.8,5,Mucho antes
clear,143.9,3,Mucho antes
rainy,287.2,9,Mucho antes
cold,78.5,2,Mucho antes
foggy,247.6,13,Mucho tarde
hot,219.2,6,Ligeramente antes
clear,164.6,5,Mucho antes
foggy,213.0,12,Mucho tarde
foggy,107.8,6,Ligeramente tarde
stormy,189.3,8,Mucho antes
stormy,44.7,6,Mucho antes
cold,236.8,7,Ligeramente tarde
cold,101.4,5,Ligeramente tarde
cold,295.7,6,Mucho antes
hot,130.9,6,Mucho antes
stormy,279.2,12,Mucho antes
hot,78.7,4,Ligeramente tarde
cold,88.3,4,Ligeramente tarde
stormy,240.9,10,Mucho antes
hot,264.6,8,Mucho antes
stormy,147.0,7,Mucho tarde
stormy,20.1,6,Mucho tarde
foggy,105.5,6,Ligeramente tarde
foggy,241.7,10,Mucho antes
foggy,144.3,7,Mucho antes
cold,215.8,5,Ligeramente antes
clear,114.2,3,Mucho antes
rainy,10.9,6,Mucho antes
foggy,203.3,4,Mucho antes
stormy,90.0,9,Ligeramente tarde
clear,146.8,3,Mucho antes
clear,273.7,8,Mucho antes
rainy,67.4,6,Mucho antes
clear,105.6,5,Mucho antes
hot,47.8,3,Ligeramente tarde
clear,12.0,2,Mucho antes
cold,124.3,4,Mucho antes
rainy,30.5,7,Mucho antes
stormy,90.6,6,Mucho tarde
hot,254.9,6,Mucho antes
foggy,13.9,5,Mucho antes
rainy,190.3,6,Mucho antes
hot,117.2,5,Mucho antes
hot,117.8,7,Mucho antes
stormy,150.8,8,Mucho antes
cold,104.1,5,Mucho antes
hot,25.4,1,Ligeramente antes
stormy,265.8,15,Mucho tarde
hot,58.5,3,Mucho antes
hot,205.6,6,Mucho antes
hot,226.1,5,Mucho antes
hot,62.9,2,Mucho antes
cold,48.6,3,Ligeramente tarde
foggy,274.0,10,Mucho tarde
stormy,8.7,8,Mucho antes
rainy,131.4,6,Mucho antes
foggy,21.8,5,Mucho antes
hot,128.2,6,Mucho antes
hot,58.2,1,Mucho antes
rainy,275.6,12,Mucho tarde
cold,95.0,4,Mucho antes
foggy,239.5,7,Mucho antes
hot,112.8,4,Ligeramente antes
clear,159.6,6,Mucho antes
hot,203.3,9,Ligeramente tarde
stormy,201.9,7,Mucho antes
stormy,255.2,10,Mucho tarde
clear,96.0,4,Mucho antes
stormy,146.7,9,Mucho antes
hot,250.7,6,Ligeramente antes
rainy,97.0,6,Mucho antes
foggy,63.8,3,Mucho antes
stormy,84.1,4,Mucho antes
hot,99.2,2,Ligeramente antes
hot,48.2,3,Mucho antes
foggy,55.4,3,Mucho antes
foggy,16.7,1,Mucho antes
hot,67.7,4,Ligeramente tarde
clear,272.2,6,Mucho antes
cold,183.8,6,Ligeramente tarde
foggy,100.0,7,Mucho tarde
foggy,240.5,9,Ligeramente tarde
clear,180.1,9,Mucho tarde
foggy,56.7,2,Ligeramente antes
foggy,186.8,8,Mucho tarde
hot,280.8,9,Mucho antes
cold,23.9,3,Mucho antes
cold,297.1,6,Mucho antes
cold,127.8,5,Mucho antes
rainy,147.1,9,Mucho tarde
foggy,7.8,2,Mucho antes
hot,80.0,3,Ligeramente antes
hot,113.7,5,Ligeramente tarde
clear,290.4,10,Ligeramente tarde
cold,221.8,9,Mucho tarde
cold,281.8,6,Mucho antes
cold,220.0,7,Ligeramente tarde
hot,254.4,7,Mucho antes
stormy,10.5,7,Ligeramente antes
cold,259.4,7,Ligeramente antes
clear,244.1,8,Mucho antes
clear,178.6,4,Ligeramente antes
stormy,210.8,6,Ligeramente antes
clear,231.8,7,Mucho antes
rainy,16.2,6,Mucho antes
foggy,75.4,6,Mucho tarde
hot,281.6,5,Mucho antes
clear,90.8,3,Mucho antes
cold,31.9,2,Mucho antes
clear,205.3,4,Mucho antes
hot,114.5,2,Mucho antes
clear,247.9,9,Mucho antes
hot,174.0,4,Mucho antes
clear,297.1,14,Mucho tarde
cold,215.1,4,Mucho antes
clear,195.3,5,Mucho antes
foggy,148.7,6,Ligeramente tarde
foggy,20.2,4,Mucho antes
foggy,10.8,4,Mucho antes
stormy,224.9,12,Mucho tarde
hot,228.5,7,Ligeramente antes
clear,63.8,3,Mucho antes
clear,165.9,6,Ligeramente tarde
stormy,99.0,7,Mucho tarde
clear,220.6,10,Ligeramente tarde
stormy,246.0,11,Mucho tarde
clear,133.0,5,Mucho antes
rainy,207.3,13,Mucho tarde
stormy,109.0,9,Mucho antes
rainy,157.2,8,Mucho antes
stormy,222.3,11,Mucho antes
cold,37.4,2,Mucho antes
foggy,6.5,3,Mucho antes
rainy,194.3,8,Ligeramente antes
rainy,236.9,9,Mucho tarde
cold,188.7,7,Mucho antes
cold,55.6,2,Mucho antes
rainy,151.8,4,Mucho antes
clear,122.3,3,Mucho antes
rainy,283.3,11,Mucho tarde
hot,207.8,4,Mucho antes
cold,156.3,5,Mucho antes
clear,120.0,4,Mucho antes
stormy,102.4,5,Ligeramente tarde
stormy,41.3,7,Mucho antes
hot,211.2,4,Mucho antes
hot,162.3,7,Ligeramente tarde
stormy,24.2,8,Mucho tarde
foggy,123.4,6,Mucho antes
cold,230.1,8,Mucho antes
rainy,44.4,5,Mucho tarde
clear,233.4,5,Ligeramente antes
hot,137.9,5,Mucho antes
clear,21.7,3,Mucho antes
hot,282.1,8,Ligeramente antes
clear,56.6,2,Mucho antes
cold,13.6,2,Mucho antes
hot,159.5,7,Ligeramente antes
cold,45.6,3,Mucho antes
rainy,15.6,3,Mucho antes
foggy,202.1,11,Mucho tarde
hot,33.3,1,Mucho antes
cold,289.7,8,Mucho antes
clear,243.8,7,Mucho antes
foggy,261.6,10,Mucho tarde
rainy,201.0,9,Mucho tarde
foggy,164.0,9,Mucho antes
clear,205.7,6,Mucho antes
stormy,176.3,9,Ligeramente tarde
cold,242.6,5,Mucho antes
hot,56.4,1,Mucho antes
hot,40.6,2,Mucho antes
clear,203.7,4,Mucho antes
clear,60.7,3,Mucho antes
hot,294.0,12,Mucho antes
stormy,45.8,6,Mucho antes
clear,198.8,6,Mucho antes
foggy,239.5,7,Ligeramente tarde
cold,86.0,3,Ligeramente antes
cold,201.6,3,Mucho antes
hot,287.1,6,Ligeramente antes
clear,286.1,5,Mucho antes
rainy,45.3,3,Ligeramente tarde
clear,35.1,3,Mucho antes
clear,92.1,4,Mucho antes
clear,18.7,2,Mucho antes
cold,43.1,1,Mucho antes
cold,115.8,5,Mucho antes
hot,4.7,1,Ligeramente antes
cold,21.9,2,Mucho antes
stormy,289.5,13,Mucho antes
clear,216.1,5,Mucho antes
hot,94.4,2,Mucho antes
stormy,37.0,6,Mucho tarde
clear,144.3,6,Ligeramente tarde
hot,179.6,6,Mucho antes
rainy,82.8,8,Ligeramente antes
clear,170.5,7,Ligeramente antes
clear,136.4,6,Mucho antes
clear,191.4,7,Ligeramente antes
foggy,126.4,4,Mucho antes
clear,151.2,5,Mucho antes
stormy,37.5,7,Mucho antes
hot,64.9,2,Mucho antes
hot,140.9,5,Mucho antes
cold,159.5,6,Ligeramente tarde
cold,232.3,10,Mucho antes
clear,55.5,4,Mucho antes
foggy,209.4,8,Ligeramente tarde
clear,137.4,6,Mucho antes
rainy,9.8,5,Mucho tarde
foggy,16.4,4,Mucho antes
cold,156.6,4,Mucho antes
foggy,202.8,8,Ligeramente antes
rainy,258.7,14,Mucho antes
rainy,70.6,6,Mucho antes
hot,245.4,5,Mucho antes
rainy,53.6,5,Mucho antes
hot,195.6,8,Ligeramente antes
clear,51.8,1,Mucho antes
cold,188.2,6,Mucho antes
rainy,82.5,7,Mucho antes
cold,114.1,4,Ligeramente antes
cold,194.3,4,Mucho antes
stormy,159.6,9,Ligeramente tarde
foggy,27.6,2,Mucho antes
rainy,185.7,6,Mucho antes
cold,169.2,5,Ligeramente antes
cold,222.6,9,Mucho antes
cold,255.8,8,Mucho antes
cold,59.9,1,Mucho antes
stormy,202.5,8,Mucho antes
stormy,106.6,5,Mucho antes
hot,71.6,2,Mucho antes
stormy,214.2,9,Mucho antes
clear,154.7,3,Mucho antes
clear,268.3,5,Mucho antes
stormy,72.9,9,Mucho antes
cold,52.9,1,Mucho antes
cold,151.6,3,Mucho antes
foggy,236.5,10,Mucho tarde
stormy,155.7,9,Mucho antes
stormy,128.7,9,Ligeramente tarde
foggy,193.8,10,Ligeramente tarde
stormy,160.0,8,Mucho antes
stormy,191.6,10,Mucho antes
clear,227.6,6,Mucho antes
clear,294.6,8,Ligeramente antes
rainy,74.1,8,Mucho antes
rainy,181.0,5,Mucho antes
hot,180.9,8,Mucho tarde
rainy,69.6,5,Ligeramente tarde
hot,288.7,13,Mucho antes
clear,236.5,7,Mucho antes
stormy,67.8,4,Mucho antes
hot,294.3,6,Mucho antes
hot,68.4,2,Mucho antes
stormy,76.6,8,Mucho antes
hot,4.9,2,Mucho antes
cold,34.6,2,Ligeramente antes
stormy,24.7,6,Mucho antes
hot,280.2,6,Mucho antes
rainy,257.2,11,Mucho antes
hot,204.6,6,Mucho antes
rainy,116.8,5,Mucho antes
clear,225.8,8,Ligeramente tarde
clear,145.5,6,Mucho antes
clear,288.4,7,Ligeramente antes
hot,10.8,3,Mucho antes
foggy,3.6,4,Mucho antes
rainy,114.8,6,Mucho antes
clear,252.5,6,Mucho antes
stormy,204.8,12,Mucho tarde
hot,97.9,4,Ligeramente tarde
clear,30.7,2,Mucho antes
foggy,169.3,8,Mucho antes
foggy,168.9,9,Mucho tarde
cold,10.4,2,Ligeramente antes
clear,249.0,9,Ligeramente tarde
clear,227.3,6,Mucho antes
rainy,149.4,10,Mucho antes
cold,52.7,3,Mucho antes
clear,160.0,8,Mucho antes
hot,189.4,6,Mucho antes
foggy,273.4,12,Mucho antes
hot,71.4,3,Mucho antes
rainy,235.0,12,Mucho tarde
foggy,151.5,6,Ligeramente tarde
foggy,17.0,1,Mucho antes
foggy,240.5,11,Mucho antes
foggy,174.0,8,Mucho antes
hot,15.6,2,Mucho antes
clear,205.0,7,Mucho antes
cold,167.8,5,Ligeramente antes
cold,121.1,5,Mucho antes
clear,28.2,1,Mucho antes
cold,267.3,11,Mucho antes
stormy,279.0,12,Mucho antes
cold,281.0,8,Ligeramente tarde
rainy,190.0,6,Mucho antes
cold,19.9,1,Mucho antes
foggy,191.6,7,Mucho antes
foggy,250.4,10,Ligeramente tarde
stormy,297.1,9,Ligeramente tarde
hot,169.0,3,Mucho antes
rainy,107.5,7,Ligeramente antes
clear,135.8,5,Ligeramente tarde
clear,172.8,5,Mucho antes
cold,247.9,4,Mucho antes
clear,283.5,8,Mucho antes
clear,68.1,1,Mucho antes
clear,75.6,2,Mucho antes
rainy,251.0,7,Mucho antes
clear,138.7,6,Mucho antes
foggy,83.2,7,Ligeramente antes
clear,37.0,1,Mucho antes
rainy,56.0,4,Mucho antes
foggy,100.5,6,Mucho antes
foggy,9.7,5,Mucho antes
foggy,291.4,9,Mucho antes
clear,164.5,3,Mucho antes
clear,247.2,6,Ligeramente antes
hot,132.6,5,Mucho antes
clear,287.4,8,Mucho antes
foggy,127.7,7,Mucho antes
rainy,120.1,10,Mucho antes
clear,218.4,7,Mucho antes
clear,169.2,5,Mucho antes
clear,92.6,4,Ligeramente tarde
rainy,3.6,2,Mucho antes
hot,37.9,1,Ligeramente antes
clear,78.8,2,Mucho antes
hot,33.1,3,Mucho antes
clear,155.6,5,Mucho antes
rainy,102.1,10,Mucho antes
stormy,210.1,10,Mucho tarde
cold,142.9,4,Mucho antes
clear,64.0,2,Mucho antes
stormy,132.3,11,Mucho tarde
foggy,218.9,11,Mucho tarde
hot,156.5,6,Ligeramente tarde
hot,128.2,2,Mucho antes
hot,108.4,4,Mucho antes
clear,208.2,5,Ligeramente antes
rainy,214.7,8,Mucho antes
rainy,189.1,8,Mucho tarde
hot,171.3,5,Mucho antes
stormy,108.3,5,Mucho antes
stormy,224.2,11,Mucho tarde
rainy,263.4,14,Mucho tarde
clear,38.7,2,Ligeramente antes
stormy,276.2,12,Mucho tarde
cold,70.5,2,Mucho antes
hot,41.2,1,Mucho antes
rainy,200.4,10,Ligeramente tarde
cold,132.0,3,Mucho antes
rainy,294.0,10,Mucho antes
cold,124.9,2,Mucho antes
hot,196.6,6,Mucho antes
clear,45.5,1,Mucho antes
clear,126.4,3,Mucho antes
cold,204.7,7,Ligeramente antes
clear,37.2,2,Mucho antes
clear,172.9,5,Ligeramente antes
foggy,286.5,11,Mucho antes
foggy,90.1,5,Ligeramente tarde
foggy,181.0,7,Ligeramente antes
foggy,188.9,6,Ligeramente tarde
rainy,250.8,10,Mucho antes
clear,46.5,2,Ligeramente antes
foggy,214.8,7,Ligeramente tarde
rainy,166.4,10,Mucho tarde
foggy,163.9,5,Mucho antes
hot,191.4,8,Mucho antes
clear,238.1,5,Mucho antes
rainy,215.8,6,Mucho antes
cold,17.4,2,Mucho antes
stormy,144.3,8,Mucho antes
stormy,201.6,9,Mucho antes
cold,3.6,0,Mucho antes
foggy,90.8,5,Mucho antes
clear,35.0,2,Ligeramente antes
cold,95.7,5,Mucho antes
clear,228.0,5,Mucho antes
hot,235.7,8,Mucho antes
rainy,201.2,10,Mucho antes
hot,41.4,1,Mucho antes
clear,217.5,6,Ligeramente antes
rainy,218.4,10,Mucho tarde
clear,14.1,1,Mucho antes
stormy,166.3,7,Mucho antes
foggy,151.3,6,Mucho antes
rainy,194.7,6,Mucho antes
stormy,207.0,10,Mucho antes
clear,20.8,1,Mucho antes
hot,75.4,3,Mucho antes
clear,247.8,7,Ligeramente antes
clear,156.2,5,Ligeramente antes
rainy,244.5,11,Mucho tarde
stormy,77.5,5,Mucho antes
cold,281.6,8,Ligeramente tarde
hot,139.4,3,Mucho antes
foggy,146.5,5,Mucho antes
stormy,88.8,10,Ligeramente tarde
hot,238.3,10,Mucho antes
foggy,209.4,9,Mucho tarde
hot,259.4,8,Mucho antes
foggy,127.7,3,Mucho antes
foggy,245.1,11,Mucho tarde
hot,132.7,4,Mucho antes
hot,91.8,4,Mucho antes
rainy,295.9,10,Mucho antes
clear,82.6,2,Ligeramente antes
rainy,60.4,6,Mucho antes
cold,176.2,6,Mucho antes
clear,230.0,5,Mucho antes
hot,42.5,1,Mucho antes
foggy,240.7,10,Mucho tarde
cold,291.2,6,Mucho antes
stormy,154.3,11,Mucho antes
hot,289.8,12,Mucho tarde
stormy,42.1,5,Mucho antes
foggy,171.9,6,Ligeramente tarde
clear,265.4,6,Mucho antes
rainy,137.6,11,Mucho antes
cold,248.0,7,Ligeramente antes
foggy,196.8,10,Mucho tarde
foggy,78.8,6,Mucho antes
cold,270.2,7,Mucho antes
clear,111.9,4,Mucho antes
stormy,14.7,6,Mucho antes
stormy,70.2,7,Mucho antes
hot,240.0,5,Mucho antes
clear,215.9,6,Mucho antes
hot,200.8,4,Mucho antes
cold,27.4,3,Ligeramente tarde
stormy,230.9,10,Mucho antes
stormy,183.6,12,Mucho tarde
stormy,39.9,5,Mucho antes
rainy,133.2,7,Ligeramente antes
cold,95.9,2,Ligeramente antes
foggy,214.2,11,Mucho antes
hot,126.0,6,Mucho antes
clear,204.9,5,Mucho antes
clear,275.3,9,Mucho antes
foggy,128.9,7,Ligeramente antes
clear,263.0,7,Ligeramente antes
stormy,106.0,8,Mucho antes
stormy,95.3,7,Mucho tarde
clear,47.6,1,Ligeramente antes
stormy,218.7,9,Mucho antes
hot,223.6,5,Mucho antes
rainy,40.2,4,Mucho antes
rainy,278.5,15,Ligeramente antes
hot,113.9,6,Ligeramente tarde
clear,195.5,6,Mucho antes
stormy,258.6,12,Mucho tarde
rainy,151.7,4,Ligeramente antes
hot,264.4,6,Mucho antes
clear,228.2,5,Ligeramente antes
hot,113.1,4,Mucho antes
cold,134.8,4,Mucho antes
stormy,192.8,9,Ligeramente tarde
foggy,263.6,10,Ligeramente tarde
hot,296.3,6,Mucho antes
cold,48.6,2,Mucho antes
stormy,186.8,13,Mucho tarde
stormy,272.2,13,Mucho tarde
stormy,83.1,8,Mucho tarde
clear,150.8,6,Mucho antes
clear,210.8,7,Ligeramente tarde
rainy,141.8,9,Mucho tarde
clear,52.1,2,Mucho antes
stormy,57.8,9,Mucho tarde
foggy,178.5,4,Mucho antes
clear,296.6,9,Ligeramente tarde
stormy,34.4,3,Mucho antes
stormy,147.8,10,Mucho antes
rainy,27.2,3,Mucho antes
cold,227.7,5,Ligeramente antes
rainy,243.2,10,Mucho tarde
rainy,210.8,7,Ligeramente antes
cold,199.1,7,Mucho antes
cold,247.0,7,Mucho antes
foggy,215.8,8,Ligeramente tarde
cold,183.5,5,Mucho antes
stormy,215.1,13,Mucho antes
rainy,33.4,7,Ligeramente antes
foggy,104.6,5,Ligeramente tarde
foggy,198.5,10,Mucho antes
clear,239.5,6,Mucho antes
rainy,63.8,5,Mucho antes
stormy,99.8,9,Ligeramente tarde
rainy,134.1,7,Mucho antes
stormy,273.8,13,Mucho antes
clear,111.1,4,Mucho antes
rainy,42.8,3,Mucho antes
rainy,261.5,15,Ligeramente antes
stormy,119.8,8,Mucho antes
hot,259.0,7,Ligeramente antes
foggy,26.1,4,Mucho antes
cold,283.8,7,Ligeramente antes
cold,286.5,10,Mucho tarde
rainy,86.5,7,Mucho antes
foggy,11.9,4,Mucho antes
clear,121.0,5,Mucho antes
foggy,70.0,3,Mucho antes
hot,232.2,6,Mucho antes
hot,14.1,0,Mucho antes
hot,35.7,2,Mucho antes
foggy,198.2,6,Mucho antes
rainy,244.8,14,Mucho tarde
stormy,11.1,6,Mucho antes
hot,77.0,3,Mucho antes
cold,183.3,5,Mucho antes
hot,85.0,3,Mucho antes
foggy,195.6,10,Mucho antes
clear,186.2,6,Mucho antes
hot,152.3,7,Mucho antes
foggy,235.2,9,Mucho tarde
clear,22.2,2,Mucho antes
rainy,33.1,5,Mucho antes
cold,39.9,1,Ligeramente antes
rainy,293.2,11,Mucho tarde
foggy,83.4,5,Mucho antes
foggy,118.7,8,Ligeramente antes
foggy,81.7,3,Mucho antes
clear,221.5,6,Mucho antes
foggy,80.3,5,Mucho antes
hot,170.7,6,Mucho antes
clear,33.9,1,Mucho antes
foggy,244.2,10,Mucho tarde
hot,286.5,9,Ligeramente tarde
cold,107.2,4,Ligeramente antes
cold,30.3,0,Mucho antes
stormy,105.5,6,Mucho antes
clear,50.0,2,Mucho antes
stormy,267.1,11,Mucho antes
cold,289.4,10,Ligeramente tarde
stormy,89.5,9,Mucho antes
hot,228.1,6,Mucho antes
rainy,229.3,5,Ligeramente antes
hot,233.5,6,Mucho antes
clear,28.4,2,Mucho antes
foggy,254.8,9,Ligeramente tarde
rainy,132.8,7,Ligeramente antes
clear,246.7,8,Mucho antes
hot,101.0,4,Mucho antes
clear,275.3,5,Mucho antes
cold,67.4,4,Mucho antes
cold,55.3,2,Mucho antes
clear,4.6,1,Mucho antes
foggy,87.0,5,Ligeramente tarde
clear,127.9,6,Mucho antes
rainy,230.3,6,Mucho antes
cold,20.1,2,Mucho antes
foggy,68.4,5,Ligeramente tarde
foggy,180.4,5,Mucho antes
cold,230.3,5,Mucho antes
rainy,207.3,9,Mucho antes
rainy,230.5,9,Mucho tarde
clear,233.3,6,Mucho antes
hot,50.8,2,Mucho antes
rainy,86.1,5,Mucho antes
foggy,269.6,7,Mucho antes
clear,218.8,7,Ligeramente tarde
stormy,288.4,16,Ligeramente antes
hot,290.7,5,Mucho antes
rainy,3.6,3,Ligeramente tarde
clear,178.4,6,Mucho antes
rainy,239.7,7,Mucho antes
hot,195.2,3,Mucho antes
cold,21.4,0,Mucho antes
hot,204.8,8,Ligeramente antes
cold,142.0,4,Mucho antes
clear,172.5,4,Mucho antes
hot,238.5,7,Ligeramente tarde
cold,51.5,3,Mucho antes
cold,107.9,3,Mucho antes
cold,16.2,1,Mucho antes
stormy,172.0,9,Mucho antes
cold,27.3,3,Mucho antes
foggy,76.4,5,Mucho antes
rainy,225.6,7,Ligeramente antes
cold,34.8,1,Mucho antes
hot,104.5,4,Mucho antes
hot,225.7,7,Mucho antes
foggy,231.3,10,Ligeramente tarde
cold,224.9,8,Ligeramente antes
foggy,179.8,8,Mucho antes
stormy,209.3,7,Mucho antes
foggy,199.9,9,Ligeramente tarde
foggy,164.4,7,Mucho antes
hot,116.9,3,Mucho antes
clear,34.1,1,Mucho antes
clear,249.7,7,Ligeramente tarde
stormy,150.1,9,Mucho antes
foggy,235.2,7,Mucho antes
clear,141.4,6,Mucho antes
cold,192.2,5,Ligeramente antes
cold,294.5,6,Mucho antes
stormy,29.4,7,Ligeramente antes
foggy,87.6,5,Ligeramente tarde
cold,78.0,2,Ligeramente antes
rainy,268.4,12,Mucho antes
clear,38.0,2,Ligeramente antes
stormy,251.9,13,Mucho tarde
stormy,32.2,8,Mucho tarde
rainy,294.6,8,Mucho antes
hot,44.3,2,Mucho antes
rainy,12.1,5,Mucho antes
foggy,274.6,11,Mucho tarde
clear,278.7,12,Mucho antes
clear,137.9,6,Mucho antes
clear,186.0,3,Mucho antes
clear,59.1,2,Ligeramente antes
rainy,286.8,13,Mucho antes
stormy,252.0,10,Mucho tarde
foggy,266.2,7,Mucho antes
rainy,253.7,14,Mucho tarde
clear,166.7,4,Mucho antes
clear,100.3,6,Mucho antes
stormy,297.1,14,Mucho antes
hot,120.1,4,Ligeramente antes
rainy,291.6,13,Mucho antes
hot,70.7,3,Mucho antes
hot,180.2,7,Ligeramente antes
hot,165.6,7,Ligeramente tarde
rainy,80.5,6,Mucho antes
stormy,78.6,7,Ligeramente antes
stormy,234.7,9,Mucho antes
stormy,100.2,7,Mucho antes
hot,200.8,5,Ligeramente antes
stormy,158.5,7,Ligeramente tarde
stormy,57.2,5,Ligeramente tarde
hot,85.1,4,Mucho antes
rainy,97.3,5,Mucho antes
stormy,82.0,7,Mucho antes
hot,31.4,2,Mucho antes
clear,3.6,0,Mucho antes
hot,240.1,7,Ligeramente tarde
foggy,80.0,4,Mucho antes
hot,269.8,9,Mucho antes
hot,9.0,1,Mucho antes
rainy,235.5,9,Ligeramente tarde
stormy,90.4,5,Ligeramente tarde
stormy,201.7,8,Ligeramente tarde
cold,208.5,5,Ligeramente antes
rainy,66.1,3,Mucho antes
rainy,61.4,6,Mucho antes
foggy,255.3,8,Ligeramente tarde
hot,68.9,3,Ligeramente antes
rainy,37.1,4,Ligeramente tarde
hot,207.1,5,Mucho antes
clear,65.9,2,Mucho antes
hot,217.3,6,Mucho antes
hot,138.2,3,Ligeramente antes
stormy,109.1,7,Mucho tarde
cold,19.3,3,Mucho antes
cold,89.0,2,Ligeramente antes
hot,79.3,2,Mucho antes
hot,224.1,6,Mucho antes
stormy,150.5,9,Ligeramente tarde
hot,273.9,7,Ligeramente antes
hot,25.5,1,Mucho antes
foggy,153.7,6,Ligeramente tarde
clear,72.9,2,Ligeramente antes
clear,139.4,3,Mucho antes
rainy,60.3,4,Mucho antes
stormy,93.1,6,Mucho antes
rainy,205.2,10,Mucho antes
foggy,246.3,7,Ligeramente antes
rainy,167.1,6,Mucho antes
cold,96.3,2,Mucho antes
foggy,110.1,5,Mucho antes
hot,155.0,5,Mucho antes
stormy,165.8,8,Ligeramente antes
hot,245.8,6,Mucho antes
stormy,286.9,9,Mucho antes
hot,60.9,4,Ligeramente tarde
cold,277.5,5,Mucho antes
stormy,174.1,11,Mucho antes
stormy,107.5,4,Mucho antes
cold,57.3,2,Mucho antes
hot,196.8,4,Ligeramente antes
clear,203.8,7,Mucho antes
hot,270.0,7,Mucho antes
cold,98.6,5,Mucho antes
stormy,161.8,6,Mucho antes
hot,192.3,4,Mucho antes
clear,233.7,11,Mucho tarde
cold,256.1,6,Mucho antes
cold,221.1,8,Mucho antes
clear,90.6,3,Mucho antes
stormy,151.5,9,Mucho antes
cold,159.8,7,Mucho antes
hot,293.7,7,Ligeramente antes
rainy,161.5,12,Mucho tarde
rainy,13.1,3,Mucho antes
clear,225.2,9,Mucho antes
stormy,118.8,4,Mucho antes
rainy,155.7,7,Mucho antes
stormy,222.3,10,Ligeramente tarde
clear,289.0,12,Mucho tarde
foggy,241.7,8,Ligeramente antes
rainy,77.4,4,Mucho antes
clear,65.8,5,Mucho antes
cold,293.3,5,Mucho antes
clear,64.7,1,Mucho antes
stormy,42.2,7,Mucho tarde
foggy,268.4,10,Mucho tarde
stormy,134.1,11,Mucho antes
rainy,15.6,3,Mucho antes
cold,178.3,5,Mucho antes
foggy,111.3,6,Mucho antes
cold,131.9,4,Mucho antes
foggy,180.2,11,Mucho antes
cold,297.1,8,Mucho antes
hot,34.0,3,Mucho antes
cold,71.8,3,Mucho antes
clear,251.1,5,Mucho antes
hot,41.8,1,Mucho antes
hot,292.2,6,Mucho antes
clear,99.2,4,Mucho antes
clear,189.4,7,Mucho antes
stormy,59.6,9,Mucho antes
stormy,95.6,8,Ligeramente antes
foggy,166.9,9,Mucho tarde
cold,289.5,5,Mucho antes
clear,114.3,6,Mucho antes
foggy,271.0,11,Mucho tarde
clear,63.3,3,Mucho antes
cold,11.6,2,Ligeramente antes
foggy,252.2,8,Mucho antes
clear,211.4,5,Mucho antes
cold,35.5,1,Ligeramente antes
hot,7.3,0,Mucho antes
foggy,246.4,7,Ligeramente antes
stormy,52.2,5,Ligeramente tarde
hot,144.2,3,Ligeramente antes
rainy,256.0,10,Mucho tarde
rainy,171.3,8,Mucho antes
cold,270.2,8,Ligeramente antes
rainy,12.1,5,Mucho antes
stormy,127.7,9,Ligeramente tarde
cold,59.8,2,Mucho antes
clear,121.1,6,Ligeramente tarde
rainy,228.6,7,Ligeramente tarde
clear,267.9,8,Mucho antes
stormy,45.3,5,Mucho antes
rainy,104.5,8,Mucho antes
clear,133.7,3,Ligeramente antes
hot,75.2,5,Mucho antes
clear,60.3,2,Ligeramente antes
stormy,246.7,10,Mucho antes
foggy,260.4,12,Mucho tarde
rainy,10.1,3,Mucho antes
stormy,276.4,11,Mucho antes
stormy,237.2,14,Mucho antes
clear,87.3,3,Mucho antes
clear,192.0,7,Mucho antes
hot,139.4,4,Mucho antes
clear,62.8,3,Mucho antes
clear,34.0,3,Mucho antes
rainy,177.6,9,Mucho antes
stormy,11.1,7,Mucho antes
rainy,240.9,11,Mucho antes
hot,198.4,6,Mucho antes
cold,195.3,6,Mucho antes
foggy,163.4,8,Mucho tarde
cold,185.4,4,Mucho antes
foggy,275.3,13,Mucho tarde
cold,167.8,5,Ligeramente antes
clear,83.8,4,Mucho antes
hot,217.1,4,Mucho antes
stormy,101.4,4,Mucho antes
cold,259.7,9,Mucho antes
rainy,132.7,5,Ligeramente tarde
cold,80.7,2,Mucho antes
rainy,24.2,4,Mucho antes
foggy,100.7,7,Mucho antes
clear,155.9,5,Mucho antes
rainy,24.8,3,Mucho antes
stormy,292.9,12,Mucho antes
foggy,182.1,8,Mucho antes
cold,230.1,9,Mucho antes
cold,24.6,1,Mucho antes
clear,122.4,5,Mucho antes
hot,116.8,3,Ligeramente antes
hot,201.7,4,Mucho antes
stormy,142.1,8,Mucho tarde
foggy,76.0,4,Mucho antes
stormy,224.7,8,Mucho antes
clear,208.6,7,Mucho antes
rainy,123.3,6,Mucho antes
foggy,262.9,8,Mucho antes
cold,43.1,3,Mucho antes
cold,154.7,4,Mucho antes
stormy,255.1,12,Mucho tarde
cold,212.2,6,Mucho antes
cold,158.3,3,Mucho antes
foggy,29.3,3,Mucho antes
clear,11.4,2,Mucho antes
foggy,201.2,11,Mucho antes
hot,131.9,5,Mucho antes
foggy,125.9,8,Mucho antes
cold,117.9,6,Mucho antes
foggy,52.9,3,Mucho antes
hot,168.6,5,Mucho antes
foggy,114.6,5,Mucho antes
foggy,22.9,2,Mucho antes
clear,278.6,10,Mucho antes
rainy,150.4,8,Mucho tarde
stormy,75.7,7,Mucho tarde
foggy,211.5,6,Mucho antes
foggy,255.1,9,Ligeramente tarde
clear,90.6,3,Mucho antes
stormy,278.7,10,Mucho tarde
stormy,177.8,5,Mucho antes
stormy,78.8,9,Mucho tarde
clear,211.1,5,Ligeramente antes
cold,186.4,3,Mucho antes
rainy,277.1,10,Mucho antes
rainy,265.8,9,Mucho antes
rainy,181.5,7,Mucho antes
cold,190.4,6,Mucho antes
foggy,65.0,4,Mucho antes
stormy,224.4,11,Mucho tarde
hot,246.1,6,Mucho antes
stormy,297.1,8,Ligeramente antes
hot,67.0,3,Mucho antes
stormy,167.1,11,Mucho antes
stormy,291.5,11,Mucho antes
rainy,216.2,8,Ligeramente tarde
foggy,100.2,6,Ligeramente tarde
clear,14.4,1,Mucho antes
stormy,293.6,11,Mucho tarde
stormy,192.7,12,Mucho antes
stormy,246.4,13,Mucho antes
cold,24.8,3,Ligeramente tarde
foggy,173.7,8,Mucho antes
cold,276.3,11,Mucho tarde
stormy,189.5,11,Mucho tarde
clear,114.8,6,Ligeramente tarde
clear,90.4,2,Mucho antes
rainy,30.8,7,Mucho antes
hot,3.6,1,Ligeramente antes
foggy,103.6,6,Ligeramente tarde
foggy,171.0,7,Ligeramente tarde
foggy,270.1,12,Mucho antes
cold,295.6,7,Ligeramente antes
rainy,30.4,4,Ligeramente tarde
stormy,86.7,8,Mucho antes
hot,10.4,2,Mucho antes
hot,104.3,4,Ligeramente antes
foggy,196.4,8,Mucho antes
cold,125.3,4,Mucho antes
cold,243.9,5,Mucho antes
clear,21.0,0,Mucho antes
rainy,192.2,9,Mucho antes
rainy,297.1,9,Ligeramente tarde
cold,57.0,4,Mucho antes
clear,289.5,9,Ligeramente tarde
hot,230.7,6,Mucho antes
cold,97.6,3,Mucho antes
foggy,127.7,7,Mucho antes
clear,32.9,2,Mucho antes
hot,205.2,5,Ligeramente antes
foggy,168.8,8,Mucho antes
stormy,55.1,5,Ligeramente tarde
rainy,158.2,9,Mucho tarde
foggy,287.0,6,Mucho antes
foggy,290.4,15,Mucho antes
stormy,238.5,10,Ligeramente tarde
clear,43.6,1,Mucho antes
stormy,109.7,10,Mucho antes
rainy,183.2,11,Mucho antes
rainy,53.3,6,Mucho antes
cold,262.3,7,Mucho antes
clear,207.3,8,Ligeramente antes
hot,82.9,4,Ligeramente tarde
hot,262.9,8,Ligeramente antes
foggy,207.3,6,Mucho antes
clear,246.5,5,Mucho antes
stormy,192.7,11,Mucho antes
hot,288.0,6,Ligeramente antes
rainy,258.0,11,Mucho tarde
cold,284.0,7,Ligeramente antes
rainy,278.1,14,Mucho tarde
foggy,186.2,6,Ligeramente tarde
cold,255.7,8,Mucho antes
hot,111.1,5,Mucho antes
foggy,30.7,5,Mucho antes
cold,146.5,7,Mucho tarde
foggy,39.2,2,Ligeramente antes
rainy,62.6,3,Mucho antes
hot,176.5,6,Mucho antes
rainy,77.4,7,Ligeramente antes
stormy,5.4,4,Mucho antes
stormy,88.7,7,Mucho tarde
stormy,168.0,9,Mucho tarde
cold,147.3,6,Mucho antes
foggy,95.0,5,Mucho antes
hot,215.4,5,Mucho antes
foggy,78.2,6,Mucho antes
rainy,215.5,7,Mucho antes
foggy,61.9,3,Mucho antes
foggy,22.7,3,Mucho antes
rainy,109.1,4,Ligeramente antes
stormy,258.1,17,Mucho tarde
cold,222.0,5,Mucho antes
foggy,211.5,8,Ligeramente antes
stormy,24.1,7,Ligeramente antes
rainy,54.5,5,Mucho antes
rainy,197.4,13,Mucho antes
hot,205.3,4,Mucho antes
clear,123.9,6,Mucho antes
hot,275.0,6,Mucho antes
cold,291.5,8,Ligeramente tarde
hot,46.8,0,Mucho antes
hot,67.7,2,Ligeramente antes
clear,292.8,6,Mucho antes
clear,241.4,6,Ligeramente antes
clear,70.7,2,Ligeramente antes
hot,269.9,5,Mucho antes
clear,192.0,3,Mucho antes
clear,166.2,3,Mucho antes
stormy,223.6,12,Mucho tarde
clear,67.7,2,Ligeramente antes
cold,123.0,4,Mucho antes
hot,128.1,5,Mucho antes
cold,119.8,5,Mucho antes
hot,29.2,1,Ligeramente antes
rainy,125.2,9,Ligeramente tarde
stormy,45.6,7,Mucho tarde
foggy,188.0,12,Mucho tarde
cold,271.7,6,Mucho antes
foggy,222.9,7,Ligeramente antes
stormy,133.2,10,Mucho antes
clear,142.3,5,Mucho antes
clear,182.8,7,Ligeramente tarde
hot,284.4,6,Mucho antes
cold,286.1,8,Mucho antes
rainy,212.6,6,Mucho antes
cold,132.4,5,Mucho antes
hot,67.0,2,Mucho antes
hot,51.8,2,Mucho antes
stormy,3.6,2,Mucho antes
clear,110.3,4,Ligeramente antes
clear,19.3,1,Ligeramente antes
clear,208.5,9,Mucho antes
hot,45.1,1,Mucho antes
rainy,243.4,10,Mucho antes
hot,91.3,4,Ligeramente tarde
hot,257.8,10,Mucho tarde
cold,5.8,2,Mucho antes
cold,32.1,1,Ligeramente antes
clear,235.9,6,Mucho antes
stormy,191.4,12,Mucho tarde
foggy,43.0,4,Mucho antes
hot,270.2,5,Mucho antes
clear,202.3,5,Ligeramente antes
foggy,151.0,7,Ligeramente tarde
cold,218.2,7,Ligeramente tarde
clear,189.4,6,Mucho antes
foggy,3.6,2,Mucho antes
rainy,269.0,11,Mucho tarde
hot,250.5,5,Mucho antes
foggy,173.8,8,Mucho tarde
rainy,158.3,7,Ligeramente tarde
stormy,241.6,14,Mucho antes
rainy,43.9,5,Mucho antes
stormy,283.3,14,Mucho tarde
foggy,280.8,13,Mucho tarde
cold,130.1,5,Mucho antes
stormy,179.4,11,Mucho antes
cold,198.9,7,Ligeramente antes
rainy,236.8,8,Mucho antes
clear,248.4,5,Mucho antes
foggy,212.3,9,Ligeramente tarde
foggy,245.6,10,Mucho tarde
foggy,84.1,7,Ligeramente antes
clear,148.0,5,Mucho antes
clear,266.1,5,Mucho antes
stormy,207.5,10,Ligeramente tarde
rainy,229.3,12,Mucho tarde
foggy,136.5,8,Mucho tarde
hot,157.6,5,Ligeramente antes
foggy,42.8,3,Mucho antes
hot,197.0,5,Mucho antes
foggy,179.5,5,Mucho antes
hot,293.5,7,Ligeramente antes
rainy,150.8,4,Mucho antes
clear,143.7,5,Mucho antes
rainy,157.1,11,Mucho antes
clear,261.3,4,Mucho antes
foggy,170.0,4,Mucho antes
rainy,141.2,7,Mucho antes
rainy,86.4,8,Mucho tarde
rainy,297.1,6,Mucho antes
foggy,207.9,6,Mucho antes
clear,35.1,2,Ligeramente antes
foggy,39.4,3,Mucho antes
rainy,167.9,8,Mucho tarde
stormy,197.5,8,Ligeramente antes
foggy,98.5,6,Mucho antes
foggy,5.1,3,Mucho antes
stormy,188.9,13,Mucho antes
clear,42.2,3,Ligeramente tarde
clear,161.5,3,Mucho antes
foggy,272.8,7,Mucho antes
foggy,147.3,4,Mucho antes
rainy,48.8,4,Ligeramente tarde
foggy,160.0,8,Mucho antes
rainy,30.8,6,Mucho antes
clear,240.4,6,Ligeramente antes
rainy,158.5,7,Ligeramente antes
cold,116.1,4,Ligeramente antes
clear,164.8,7,Mucho antes
cold,59.6,4,Mucho antes
hot,91.4,2,Mucho antes
clear,103.8,5,Mucho antes
hot,189.1,9,Ligeramente tarde
rainy,178.5,6,Mucho antes
foggy,37.0,4,Mucho antes
clear,266.1,8,Mucho antes
clear,75.9,3,Mucho antes
hot,260.4,7,Ligeramente antes
stormy,103.9,6,Ligeramente tarde
foggy,155.0,6,Mucho antes
cold,142.5,2,Mucho antes
cold,199.7,5,Mucho antes
cold,79.3,2,Mucho antes
foggy,197.0,8,Mucho antes
hot,130.3,4,Mucho antes
clear,221.1,7,Mucho antes
hot,167.2,4,Ligeramente antes
hot,235.6,8,Ligeramente antes
clear,265.4,10,Ligeramente tarde
hot,126.0,5,Mucho antes
cold,59.5,3,Ligeramente antes
rainy,22.7,5,Mucho antes
cold,105.0,3,Mucho antes
rainy,173.4,10,Mucho antes
cold,211.3,5,Mucho antes
cold,193.4,3,Mucho antes
foggy,55.3,3,Mucho antes
cold,147.2,3,Mucho antes
stormy,231.1,9,Mucho antes
hot,236.2,7,Mucho antes
foggy,179.7,9,Mucho antes
rainy,40.9,6,Mucho antes
rainy,133.1,7,Mucho antes
rainy,3.6,3,Ligeramente tarde
rainy,205.7,9,Ligeramente tarde
stormy,114.4,10,Mucho tarde
clear,59.8,1,Mucho antes
clear,68.9,1,Mucho antes
cold,3.6,2,Ligeramente antes
rainy,252.4,12,Mucho tarde
stormy,3.6,7,Ligeramente antes
clear,107.3,2,Mucho antes
hot,190.9,8,Ligeramente antes
stormy,245.5,10,Mucho antes
clear,286.8,8,Mucho antes
stormy,84.9,4,Mucho antes
clear,3.6,1,Ligeramente antes
cold,222.4,6,Mucho antes
stormy,152.9,9,Mucho antes
clear,125.7,5,Mucho antes
foggy,212.3,7,Mucho antes
cold,297.1,12,Mucho antes
hot,68.5,2,Mucho antes
rainy,188.7,13,Mucho tarde
stormy,179.2,11,Mucho antes
cold,185.0,6,Mucho antes
foggy,159.4,6,Mucho antes
hot,292.3,11,Mucho tarde
foggy,76.8,6,Mucho antes
rainy,262.0,7,Mucho antes
clear,198.3,6,Mucho antes
cold,272.2,7,Mucho antes
stormy,239.1,13,Mucho antes
stormy,198.2,9,Mucho tarde
clear,14.9,2,Mucho antes
stormy,181.9,12,Mucho tarde
rainy,67.4,6,Mucho tarde
cold,102.4,3,Mucho antes
stormy,119.8,10,Mucho tarde
foggy,262.3,10,Mucho tarde
foggy,281.0,12,Mucho tarde
clear,231.7,6,Ligeramente antes
hot,46.4,0,Mucho antes
clear,119.1,4,Mucho antes
cold,3.6,2,Mucho antes
rainy,257.2,12,Mucho antes
cold,42.2,2,Mucho antes
cold,194.8,8,Mucho antes
foggy,159.8,8,Mucho tarde
cold,76.7,3,Mucho antes
hot,174.5,6,Ligeramente tarde
stormy,91.7,7,Ligeramente antes
rainy,94.9,7,Mucho tarde
stormy,40.6,5,Mucho antes
stormy,165.0,7,Mucho antes
rainy,269.2,9,Mucho antes
stormy,104.5,8,Mucho antes
cold,173.4,9,Mucho tarde
foggy,113.5,7,Ligeramente antes
foggy,85.2,4,Mucho antes
stormy,148.1,10,Mucho tarde
foggy,76.8,5,Mucho antes
stormy,207.6,10,Mucho tarde
cold,273.9,8,Mucho antes
hot,126.3,4,Ligeramente antes
hot,203.0,5,Mucho antes
rainy,74.3,5,Ligeramente tarde
hot,155.4,5,Ligeramente antes
clear,178.5,6,Ligeramente tarde
foggy,251.6,8,Mucho antes
rainy,207.2,9,Mucho antes
clear,88.5,2,Mucho antes
cold,234.2,9,Mucho tarde
foggy,254.6,6,Ligeramente antes
stormy,165.0,7,Ligeramente tarde
foggy,171.2,9,Mucho tarde
hot,204.2,8,Mucho antes
hot,140.6,5,Mucho antes
clear,173.1,4,Mucho antes
hot,207.9,6,Mucho antes
stormy,82.4,7,Ligeramente antes
cold,25.9,2,Mucho antes
clear,94.5,4,Ligeramente tarde
clear,119.9,3,Ligeramente antes
rainy,268.0,12,Mucho antes
foggy,272.2,9,Ligeramente tarde
hot,185.7,4,Mucho antes
hot,29.8,3,Ligeramente tarde
hot,42.6,3,Mucho antes
foggy,3.6,1,Mucho antes
clear,134.5,7,Mucho antes
rainy,202.3,10,Mucho antes
foggy,281.8,12,Mucho tarde
hot,68.1,2,Mucho antes
cold,41.9,2,Mucho antes
clear,81.3,3,Mucho antes
cold,163.5,6,Mucho antes
foggy,12.1,4,Ligeramente tarde
stormy,249.0,13,Mucho antes
hot,185.6,6,Mucho antes
foggy,230.1,7,Mucho antes
clear,285.9,10,Mucho antes
rainy,218.4,8,Ligeramente tarde
cold,243.1,11,Mucho tarde
stormy,196.6,13,Mucho tarde
foggy,83.5,4,Mucho antes
cold,64.2,2,Mucho antes
foggy,293.7,11,Mucho antes
hot,124.3,5,Mucho antes
cold,152.5,5,Ligeramente antes
foggy,62.4,5,Mucho antes
clear,36.0,1,Mucho antes
foggy,135.0,8,Mucho antes
foggy,190.7,6,Mucho antes
stormy,262.1,12,Mucho tarde
stormy,99.4,10,Mucho antes
stormy,121.3,4,Ligeramente antes
clear,261.3,9,Mucho antes
cold,212.8,4,Mucho antes
rainy,85.7,7,Mucho antes
hot,274.8,9,Ligeramente tarde
stormy,15.3,6,Mucho antes
rainy,193.5,11,Mucho tarde
cold,291.7,10,Mucho tarde
rainy,18.6,6,Mucho antes
foggy,166.3,5,Ligeramente antes
rainy,111.2,8,Ligeramente antes
stormy,124.2,9,Mucho antes
clear,72.2,2,Mucho antes
hot,271.9,6,Mucho antes
clear,48.6,1,Mucho antes
clear,25.6,2,Mucho antes
cold,30.9,2,Mucho antes
clear,13.0,2,Mucho antes
rainy,171.2,12,Mucho tarde
foggy,76.9,4,Mucho antes
foggy,270.2,9,Mucho antes
stormy,233.3,11,Mucho antes
clear,183.5,7,Mucho antes
rainy,81.7,4,Ligeramente tarde
foggy,288.5,14,Mucho antes
clear,50.9,3,Mucho antes
clear,279.4,7,Ligeramente antes
hot,98.4,4,Mucho antes
cold,211.6,7,Ligeramente antes
hot,211.3,8,Mucho antes
cold,161.1,4,Ligeramente antes
cold,100.8,6,Mucho antes
cold,77.7,4,Mucho antes
hot,131.1,6,Mucho antes
rainy,272.7,11,Mucho antes
hot,95.5,3,Mucho antes
hot,184.5,6,Mucho antes
stormy,25.3,6,Mucho antes
foggy,52.6,5,Mucho antes
cold,5.3,2,Mucho antes
stormy,274.1,13,Mucho antes
hot,185.6,8,Mucho antes
cold,223.1,5,Ligeramente antes
clear,216.6,7,Ligeramente antes
stormy,7.1,8,Mucho antes
hot,141.5,3,Mucho antes
foggy,268.8,9,Mucho antes
rainy,220.3,9,Mucho tarde
stormy,211.9,11,Mucho tarde
hot,186.6,6,Mucho antes
stormy,88.4,9,Mucho antes
cold,109.4,5,Mucho antes
stormy,3.6,7,Mucho tarde
clear,203.3,4,Mucho antes
clear,78.7,3,Mucho antes
clear,109.3,6,Ligeramente tarde
hot,26.1,3,Mucho antes
hot,262.7,9,Mucho antes
clear,52.9,2,Mucho antes
hot,134.1,3,Mucho antes
hot,109.0,5,Ligeramente tarde
hot,61.9,4,Mucho antes
foggy,254.5,7,Mucho antes
foggy,77.6,4,Ligeramente tarde
clear,95.5,3,Mucho antes
cold,248.3,7,Ligeramente antes
hot,125.7,3,Ligeramente antes
stormy,170.7,9,Mucho antes
cold,231.7,8,Ligeramente antes
cold,106.6,2,Mucho antes
rainy,136.6,10,Ligeramente tarde
foggy,99.2,5,Mucho antes
rainy,27.6,5,Mucho tarde
foggy,204.9,8,Mucho antes
clear,111.8,2,Mucho antes
stormy,17.3,8,Mucho antes
clear,287.0,11,Mucho antes
hot,134.8,5,Ligeramente tarde
cold,6.0,0,Mucho antes
clear,108.8,3,Mucho antes
rainy,221.5,14,Mucho antes
clear,80.6,3,Mucho antes
hot,10.1,2,Ligeramente antes
hot,296.6,8,Ligeramente antes
stormy,186.4,10,Mucho tarde
stormy,149.6,7,Ligeramente antes
stormy,235.6,12,Mucho antes
rainy,90.7,5,Mucho antes
stormy,191.7,10,Mucho tarde
foggy,11.2,1,Mucho antes
foggy,88.0,6,Mucho tarde
hot,14.2,0,Mucho antes
cold,65.4,1,Mucho antes
rainy,252.2,15,Ligeramente antes
stormy,113.0,9,Mucho antes
stormy,26.2,5,Mucho antes
cold,293.3,8,Mucho antes
stormy,133.3,10,Mucho antes
foggy,56.3,2,Mucho antes
cold,108.0,3,Ligeramente antes
cold,13.3,1,Mucho antes
hot,125.0,4,Mucho antes
cold,109.4,3,Ligeramente antes
hot,275.2,7,Mucho antes
rainy,193.5,9,Ligeramente tarde
hot,189.0,7,Mucho antes
cold,284.4,5,Mucho antes
cold,43.8,4,Mucho antes
hot,158.9,4,Mucho antes
rainy,194.4,6,Ligeramente tarde
hot,142.0,5,Mucho antes
clear,59.0,3,Mucho antes
stormy,81.0,7,Mucho antes
rainy,5.6,5,Mucho antes
clear,77.6,2,Mucho antes
cold,168.2,3,Mucho antes
hot,252.1,7,Mucho antes
hot,208.5,8,Ligeramente tarde
stormy,283.5,16,Mucho tarde
clear,297.1,6,Mucho antes
stormy,82.5,7,Mucho antes
foggy,195.6,8,Ligeramente antes
cold,222.4,8,Ligeramente tarde
stormy,16.4,7,Ligeramente antes
cold,153.2,4,Mucho antes
clear,232.3,7,Mucho antes
rainy,141.1,8,Mucho antes
stormy,125.2,8,Ligeramente antes
cold,165.2,6,Mucho antes
clear,33.3,2,Mucho antes
clear,23.2,0,Mucho antes
hot,4.2,1,Ligeramente antes
clear,124.5,3,Mucho antes
rainy,138.7,6,Mucho antes
stormy,283.8,14,Mucho tarde
foggy,273.3,8,Mucho antes
hot,114.8,5,Mucho antes
clear,290.9,7,Mucho antes
stormy,48.3,6,Mucho antes
stormy,72.0,9,Ligeramente tarde
rainy,156.2,8,Mucho antes
hot,112.6,3,Mucho antes
foggy,159.6,6,Mucho antes
cold,3.6,1,Mucho antes
hot,203.0,7,Ligeramente tarde
hot,83.2,4,Mucho antes
stormy,93.0,8,Mucho antes
hot,273.7,9,Ligeramente tarde
clear,266.1,8,Mucho antes
foggy,122.5,7,Mucho antes
foggy,113.6,7,Mucho tarde
clear,237.2,5,Mucho antes
hot,219.2,6,Mucho antes
stormy,42.2,4,Mucho antes
rainy,120.5,8,Ligeramente antes
clear,150.0,5,Mucho antes
cold,142.3,3,Mucho antes
stormy,31.7,6,Mucho tarde
hot,189.6,5,Mucho antes
clear,191.3,7,Ligeramente antes
cold,235.5,4,Mucho antes
clear,181.8,4,Mucho antes
cold,14.3,0,Mucho antes
stormy,74.0,5,Mucho antes
cold,161.1,4,Mucho antes
cold,125.2,3,Ligeramente antes
cold,183.8,6,Ligeramente tarde
hot,22.3,2,Mucho antes
clear,93.0,2,Mucho antes
hot,65.9,4,Mucho antes
stormy,175.7,9,Mucho antes
hot,37.8,1,Mucho antes
cold,102.5,2,Mucho antes
foggy,255.0,9,Mucho antes
rainy,212.3,12,Mucho antes
hot,133.9,6,Ligeramente tarde
rainy,151.2,6,Mucho antes
foggy,5.5,2,Mucho antes
hot,244.4,7,Mucho antes
cold,95.7,3,Mucho antes
hot,75.3,3,Mucho antes
hot,96.7,4,Mucho antes
stormy,60.6,8,Mucho antes
rainy,245.3,13,Mucho tarde
cold,18.3,3,Mucho antes
foggy,142.8,7,Mucho antes
rainy,197.4,9,Mucho antes
stormy,16.1,5,Mucho antes
cold,158.0,4,Mucho antes
foggy,122.2,5,Ligeramente tarde
foggy,217.9,7,Mucho antes
clear,265.7,9,Mucho antes
hot,10.9,2,Mucho antes
stormy,81.3,5,Mucho antes
rainy,194.8,8,Mucho tarde
stormy,286.9,14,Mucho tarde
foggy,285.7,8,Mucho antes
clear,297.1,11,Mucho tarde
stormy,255.1,10,Mucho antes
foggy,36.3,3,Mucho antes
rainy,243.2,7,Mucho antes
hot,50.4,1,Mucho antes
rainy,153.4,10,Ligeramente tarde
rainy,172.1,7,Mucho antes
rainy,188.3,8,Mucho antes
cold,38.3,2,Ligeramente antes
foggy,228.7,9,Mucho tarde
stormy,22.0,6,Mucho tarde
hot,287.5,11,Mucho antes
foggy,155.3,11,Mucho antes
rainy,98.3,8,Ligeramente antes
cold,60.2,3,Ligeramente antes
stormy,277.3,12,Mucho tarde
stormy,214.6,12,Mucho tarde
rainy,167.3,10,Ligeramente tarde
cold,217.2,6,Ligeramente antes
rainy,259.5,13,Mucho tarde
cold,142.0,3,Mucho antes
stormy,288.6,9,Ligeramente tarde
foggy,69.6,3,Ligeramente antes
hot,235.1,5,Mucho antes
foggy,191.0,10,Mucho antes
hot,297.1,10,Mucho antes
cold,256.2,7,Ligeramente antes
clear,296.4,9,Mucho antes
clear,208.5,4,Mucho antes
clear,172.9,4,Mucho antes
foggy,134.4,6,Mucho antes
stormy,129.4,5,Mucho antes
stormy,215.2,11,Mucho antes
rainy,46.6,3,Mucho antes
hot,81.6,4,Mucho antes
clear,131.3,4,Mucho antes
hot,254.3,8,Ligeramente tarde
foggy,6.5,2,Mucho antes
clear,52.2,1,Mucho antes
cold,257.1,7,Mucho antes
hot,153.4,3,Mucho antes
stormy,121.8,11,Mucho tarde
stormy,12.2,7,Mucho antes
rainy,175.5,9,Mucho antes
clear,201.3,7,Ligeramente tarde
foggy,39.5,5,Mucho antes
rainy,198.2,10,Mucho tarde
hot,286.2,8,Mucho antes
foggy,165.1,4,Mucho antes
cold,68.2,3,Mucho antes
stormy,231.5,8,Ligeramente antes
hot,45.7,1,Mucho antes
hot,60.6,2,Ligeramente antes
rainy,223.3,12,Mucho antes
stormy,261.0,13,Mucho tarde
cold,93.7,3,Mucho antes
cold,166.3,5,Mucho antes
rainy,169.3,10,Mucho tarde
hot,222.3,6,Ligeramente antes
clear,51.2,3,Mucho antes
clear,25.1,1,Mucho antes
foggy,219.9,7,Ligeramente tarde
hot,284.7,8,Ligeramente tarde
rainy,286.8,8,Mucho antes
rainy,247.0,10,Mucho antes
hot,276.7,9,Mucho antes
rainy,72.4,5,Mucho antes
clear,9.3,1,Mucho antes
stormy,55.2,8,Mucho antes
stormy,182.3,9,Mucho antes
stormy,158.6,10,Mucho tarde
stormy,289.6,12,Mucho tarde
cold,31.8,3,Mucho antes
cold,65.4,3,Mucho antes
stormy,6.0,5,Mucho tarde
stormy,74.8,7,Mucho antes
stormy,121.3,6,Mucho antes
foggy,111.5,6,Mucho antes
clear,15.3,1,Mucho antes
stormy,174.1,9,Mucho antes
cold,83.8,3,Mucho antes
hot,18.2,3,Mucho antes
rainy,120.4,4,Ligeramente antes
stormy,278.6,11,Mucho tarde
foggy,274.5,10,Mucho antes
cold,62.1,3,Mucho antes
stormy,55.9,5,Mucho antes
foggy,197.6,8,Mucho tarde
cold,267.6,12,Mucho tarde
rainy,161.5,10,Ligeramente tarde
rainy,176.9,6,Mucho antes
rainy,181.2,7,Mucho antes
hot,196.8,7,Mucho antes
hot,272.5,10,Mucho antes
hot,194.7,5,Ligeramente antes
cold,38.2,3,Mucho antes
clear,276.1,8,Ligeramente antes
rainy,123.5,9,Mucho tarde
foggy,3.6,2,Mucho antes
rainy,180.8,10,Mucho antes
clear,262.9,11,Mucho antes
rainy,192.8,12,Mucho tarde
clear,7.9,3,Ligeramente tarde
cold,158.6,7,Mucho antes
clear,229.7,4,Mucho antes
rainy,131.3,5,Mucho antes
rainy,68.5,5,Ligeramente tarde
hot,285.3,7,Mucho antes
hot,17.9,2,Ligeramente antes
cold,15.1,3,Mucho antes
clear,191.7,5,Mucho antes
cold,95.1,2,Ligeramente antes
foggy,274.6,8,Ligeramente antes
hot,243.3,7,Mucho antes
stormy,145.0,7,Mucho antes
foggy,142.5,4,Ligeramente antes
rainy,244.3,8,Mucho antes
clear,227.8,10,Mucho antes
rainy,190.0,8,Mucho tarde
rainy,205.0,6,Mucho antes
stormy,269.4,10,Ligeramente tarde
hot,27.4,3,Ligeramente tarde
hot,61.8,2,Mucho antes
hot,96.3,2,Mucho antes
foggy,111.2,7,Mucho antes
rainy,38.8,8,Ligeramente antes
foggy,195.6,7,Mucho antes
foggy,124.8,7,Mucho antes
cold,73.7,2,Ligeramente antes
stormy,257.5,11,Mucho antes
hot,161.0,3,Mucho antes
rainy,96.4,4,Mucho antes
rainy,248.3,11,Mucho tarde
cold,142.5,4,Mucho antes
hot,126.3,5,Mucho antes
clear,216.3,5,Mucho antes
stormy,280.9,10,Mucho tarde
clear,215.3,10,Ligeramente tarde
clear,274.5,11,Mucho tarde
clear,297.1,5,Mucho antes
clear,251.5,6,Mucho antes
foggy,212.8,5,Ligeramente antes
clear,146.9,6,Mucho antes
stormy,115.3,6,Mucho antes
clear,207.4,5,Mucho antes
rainy,140.8,7,Ligeramente antes
clear,152.2,3,Mucho antes
rainy,238.7,11,Mucho tarde
clear,243.5,5,Ligeramente antes
stormy,67.5,8,Ligeramente antes
foggy,183.3,6,Mucho antes
cold,291.4,8,Mucho antes
hot,268.2,6,Ligeramente antes
foggy,11.6,3,Ligeramente tarde
foggy,255.0,10,Mucho antes
clear,263.0,8,Mucho antes
stormy,82.2,6,Mucho antes
stormy,290.6,12,Mucho tarde
foggy,129.1,9,Mucho tarde
rainy,225.0,12,Mucho antes
stormy,13.4,4,Mucho antes
stormy,49.8,4,Mucho antes
rainy,123.7,8,Mucho antes
hot,30.4,2,Mucho antes
rainy,177.2,6,Ligeramente tarde
foggy,78.4,4,Mucho antes
cold,86.0,4,Mucho antes
hot,201.3,8,Mucho antes
foggy,150.8,5,Ligeramente antes
stormy,66.0,7,Mucho antes
foggy,64.1,4,Mucho antes
rainy,100.0,5,Mucho antes
clear,95.9,2,Ligeramente antes
hot,277.5,5,Mucho antes
cold,224.4,7,Mucho antes
cold,81.3,1,Mucho antes
foggy,284.5,8,Mucho antes
foggy,274.9,9,Mucho antes
hot,257.0,6,Mucho antes
foggy,219.8,12,Mucho antes
hot,231.1,6,Mucho antes
foggy,142.7,6,Ligeramente tarde
cold,88.7,2,Mucho antes
cold,157.7,6,Mucho antes
cold,228.7,8,Mucho antes
hot,114.9,2,Mucho antes
clear,99.0,3,Mucho antes
hot,45.8,2,Ligeramente antes
clear,229.5,8,Mucho antes
hot,199.4,8,Mucho tarde
cold,163.4,8,Mucho tarde
cold,92.9,2,Ligeramente antes
rainy,166.7,7,Mucho antes
hot,17.1,1,Ligeramente antes
cold,46.4,1,Mucho antes
clear,89.5,1,Mucho antes
foggy,30.5,4,Mucho antes
rainy,9.8,3,Ligeramente tarde
foggy,68.6,3,Mucho antes
cold,264.6,10,Mucho tarde
rainy,3.6,5,Mucho antes
hot,240.4,5,Mucho antes
cold,171.4,7,Mucho antes
cold,15.7,2,Mucho antes
clear,126.1,3,Ligeramente antes
cold,190.4,6,Mucho antes
stormy,25.3,5,Mucho antes
cold,33.2,1,Ligeramente antes
hot,33.2,2,Mucho antes
hot,226.5,6,Ligeramente antes
foggy,26.8,3,Mucho antes
clear,188.0,5,Mucho antes
rainy,90.7,7,Mucho antes
stormy,179.8,8,Mucho antes
clear,8.3,0,Mucho antes
clear,158.1,4,Ligeramente antes
rainy,246.5,9,Mucho tarde
hot,233.8,9,Mucho antes
cold,160.2,4,Mucho antes
hot,64.4,2,Mucho antes
foggy,228.8,10,Ligeramente tarde
stormy,163.4,13,Mucho antes
clear,87.7,5,Mucho antes
stormy,278.6,9,Ligeramente tarde
foggy,160.1,6,Mucho antes
foggy,271.4,9,Ligeramente tarde
stormy,129.7,7,Mucho antes
foggy,136.6,6,Ligeramente tarde
stormy,108.1,5,Mucho antes
cold,114.4,5,Mucho antes
clear,103.1,4,Mucho antes
cold,227.7,6,Ligeramente antes
rainy,84.8,8,Mucho antes
hot,67.7,4,Mucho antes
hot,263.1,8,Mucho antes
cold,293.5,11,Mucho antes
cold,155.2,7,Ligeramente antes
rainy,49.7,6,Mucho antes
stormy,30.7,4,Mucho antes
cold,184.4,7,Ligeramente tarde
clear,234.4,10,Ligeramente tarde
stormy,214.7,10,Mucho tarde
cold,268.7,10,Mucho tarde
foggy,125.2,6,Mucho antes
foggy,281.8,7,Ligeramente antes
foggy,205.1,8,Ligeramente antes
hot,224.5,6,Ligeramente antes
clear,191.4,8,Ligeramente antes
rainy,25.5,6,Mucho antes
clear,263.0,6,Mucho antes
cold,80.3,3,Mucho antes
hot,30.4,1,Mucho antes
rainy,272.3,15,Mucho tarde
stormy,83.2,7,Mucho antes
hot,296.7,11,Mucho antes
rainy,257.6,6,Ligeramente antes
foggy,198.9,10,Mucho tarde
foggy,266.8,12,Mucho tarde
foggy,244.7,10,Mucho antes
stormy,197.2,10,Mucho antes
rainy,175.8,11,Mucho antes
rainy,221.9,12,Mucho tarde
cold,57.7,3,Ligeramente antes
rainy,198.5,9,Mucho tarde
foggy,18.3,3,Mucho antes
hot,262.2,6,Ligeramente antes
foggy,211.4,10,Mucho antes
foggy,38.1,3,Ligeramente tarde
clear,289.1,12,Mucho tarde
foggy,288.1,14,Mucho antes
clear,170.2,4,Mucho antes
clear,3.6,0,Mucho antes
foggy,259.9,8,Ligeramente antes
stormy,270.2,16,Ligeramente antes
clear,42.4,3,Ligeramente tarde
clear,144.6,3,Mucho antes
stormy,279.6,11,Mucho antes
stormy,253.3,10,Ligeramente tarde
rainy,286.4,14,Mucho antes
clear,213.8,5,Mucho antes
hot,77.1,2,Mucho antes
cold,213.8,8,Mucho antes
stormy,130.1,7,Mucho antes
rainy,211.9,8,Ligeramente antes
foggy,143.0,9,Mucho antes
cold,255.9,11,Mucho tarde
rainy,184.2,10,Mucho tarde
clear,114.3,3,Ligeramente antes
hot,80.9,4,Mucho antes
stormy,217.9,10,Mucho antes
cold,263.5,5,Mucho antes
foggy,282.3,12,Mucho tarde
hot,270.4,8,Ligeramente tarde
foggy,9.1,2,Mucho antes
hot,182.9,6,Mucho antes
hot,215.8,10,Mucho antes
rainy,66.1,6,Mucho antes
cold,92.9,3,Mucho antes
foggy,217.1,10,Mucho tarde
foggy,280.4,14,Mucho tarde
clear,59.6,3,Ligeramente antes
rainy,224.0,7,Mucho antes
clear,128.3,2,Mucho antes
cold,93.9,2,Mucho antes
foggy,89.0,5,Ligeramente tarde
clear,247.2,7,Mucho antes
rainy,18.4,2,Mucho antes
stormy,224.8,9,Mucho tarde
stormy,78.9,6,Mucho antes
stormy,95.6,9,Ligeramente tarde
cold,214.0,6,Ligeramente antes
cold,147.6,2,Mucho antes
foggy,18.3,3,Ligeramente tarde
hot,237.5,6,Mucho antes
clear,137.0,4,Mucho antes
clear,118.6,3,Mucho antes
rainy,166.6,5,Mucho antes
foggy,202.3,10,Mucho antes
foggy,284.2,10,Mucho antes
cold,20.3,2,Ligeramente antes
foggy,202.6,8,Ligeramente antes
foggy,47.1,2,Mucho antes
stormy,3.6,4,Mucho antes
clear,248.6,9,Mucho antes
cold,285.9,8,Mucho antes
rainy,92.7,5,Ligeramente tarde
cold,138.6,5,Mucho antes
hot,176.9,5,Ligeramente antes
stormy,181.4,12,Mucho tarde
cold,250.3,5,Mucho antes
clear,103.8,4,Mucho antes
hot,183.0,6,Ligeramente tarde
rainy,27.1,4,Mucho antes
cold,246.8,8,Ligeramente tarde
rainy,199.4,8,Ligeramente antes
foggy,180.4,6,Ligeramente tarde
hot,18.2,2,Mucho antes
foggy,16.0,4,Mucho antes
cold,26.2,1,Mucho antes
foggy,70.2,7,Mucho antes
stormy,129.0,7,Ligeramente antes
rainy,131.7,7,Ligeramente antes
cold,47.8,2,Mucho antes
clear,133.7,3,Mucho antes
rainy,155.3,8,Mucho antes
hot,30.9,1,Mucho antes
hot,38.1,2,Mucho antes
rainy,223.4,7,Mucho antes
rainy,297.1,9,Ligeramente tarde
rainy,56.6,5,Ligeramente tarde
stormy,139.7,13,Mucho antes
foggy,57.1,4,Ligeramente tarde
clear,18.7,3,Mucho antes
foggy,54.9,3,Mucho antes
stormy,108.6,7,Mucho antes
foggy,164.9,7,Mucho antes
cold,157.6,6,Ligeramente tarde
stormy,135.7,9,Mucho tarde
rainy,108.5,5,Mucho antes
stormy,115.5,8,Ligeramente antes
cold,3.6,2,Mucho antes
cold,67.8,4,Mucho antes
clear,53.1,3,Mucho antes
rainy,175.2,6,Mucho antes
stormy,134.6,9,Ligeramente tarde
clear,66.5,1,Mucho antes
foggy,40.3,4,Mucho antes
stormy,203.1,11,Mucho tarde
clear,270.2,12,Mucho tarde
clear,77.4,3,Ligeramente antes
stormy,184.8,10,Mucho tarde
foggy,49.2,4,Ligeramente tarde
clear,73.2,4,Mucho antes
clear,55.8,3,Mucho antes
foggy,163.1,6,Ligeramente tarde
cold,13.7,2,Mucho antes
rainy,140.1,6,Mucho antes
foggy,270.4,8,Ligeramente antes
clear,42.8,2,Mucho antes
foggy,177.6,5,Mucho antes
clear,13.5,1,Ligeramente antes
rainy,165.6,7,Mucho antes
stormy,238.1,13,Mucho tarde
foggy,59.2,5,Mucho antes
rainy,115.5,8,Mucho antes
clear,125.5,5,Mucho antes
rainy,258.9,11,Mucho antes
hot,13.7,2,Mucho antes
rainy,95.8,5,Mucho antes
rainy,30.1,5,Mucho antes
clear,198.1,5,Mucho antes
stormy,154.4,9,Mucho tarde
clear,160.5,4,Mucho antes
rainy,53.3,9,Mucho tarde
foggy,111.8,7,Mucho antes
stormy,262.4,10,Mucho antes
hot,185.8,7,Ligeramente tarde
hot,258.6,8,Mucho antes
clear,189.5,6,Mucho antes
stormy,172.7,13,Mucho antes
rainy,269.7,10,Ligeramente tarde
stormy,150.8,10,Mucho antes
cold,215.7,5,Mucho antes
clear,36.6,4,Mucho antes
cold,56.2,3,Mucho antes
cold,137.0,2,Mucho antes
cold,103.7,3,Mucho antes
clear,70.8,3,Mucho antes
stormy,99.6,6,Mucho tarde
rainy,205.4,7,Mucho antes
clear,193.0,8,Mucho antes
clear,36.0,2,Mucho antes
clear,295.5,6,Mucho antes
foggy,210.1,9,Mucho antes
rainy,67.8,10,Mucho tarde
clear,27.0,2,Ligeramente antes
foggy,266.8,9,Mucho antes
foggy,109.5,4,Mucho antes
foggy,69.8,4,Mucho antes
stormy,85.3,7,Ligeramente antes
rainy,81.2,9,Mucho tarde
rainy,233.0,8,Mucho antes
rainy,193.7,7,Mucho antes
rainy,104.7,4,Ligeramente antes
cold,99.8,4,Mucho antes
stormy,287.1,9,Ligeramente tarde
clear,193.6,5,Mucho antes
rainy,217.5,11,Mucho tarde
clear,90.1,2,Mucho antes
cold,297.1,8,Mucho antes
clear,224.2,10,Mucho tarde
clear,72.9,4,Mucho antes
stormy,276.7,12,Mucho tarde
foggy,117.2,4,Mucho antes
rainy,21.3,4,Mucho antes
foggy,113.2,4,Mucho antes
foggy,243.2,8,Mucho antes
clear,130.4,7,Mucho tarde
foggy,156.7,9,Mucho antes
hot,145.3,5,Mucho antes
cold,286.6,9,Mucho antes
stormy,14.1,4,Ligeramente tarde
clear,83.2,4,Mucho antes
hot,233.8,7,Ligeramente antes
rainy,18.9,6,Mucho antes
clear,104.4,2,Mucho antes
hot,260.5,5,Mucho antes
rainy,30.7,4,Ligeramente tarde
stormy,50.3,4,Mucho antes
stormy,98.6,7,Ligeramente antes
stormy,216.5,12,Mucho tarde
foggy,111.0,7,Mucho antes
foggy,248.7,12,Mucho antes
clear,3.6,1,Mucho antes
hot,20.3,1,Mucho antes
hot,252.4,10,Mucho antes
clear,115.7,5,Mucho antes
hot,151.6,7,Mucho antes
cold,271.9,6,Mucho antes
hot,41.1,3,Mucho antes
rainy,188.7,11,Mucho antes
hot,224.1,4,Mucho antes
rainy,138.8,7,Mucho tarde
hot,75.4,2,Mucho antes
rainy,6.9,7,Mucho tarde
cold,172.1,5,Mucho antes
hot,56.9,3,Mucho antes
hot,73.8,2,Mucho antes
stormy,101.6,10,Mucho tarde
clear,176.1,6,Mucho antes
clear,265.8,5,Mucho antes
hot,223.5,7,Ligeramente tarde
cold,167.0,5,Mucho antes
foggy,31.4,3,Mucho antes
cold,55.4,4,Ligeramente tarde
rainy,81.2,7,Mucho tarde
foggy,178.7,9,Mucho antes
foggy,204.0,8,Mucho antes
clear,87.6,3,Mucho antes
rainy,168.5,8,Ligeramente antes
stormy,221.3,9,Ligeramente tarde
clear,173.3,5,Mucho antes
stormy,291.3,13,Mucho antes
stormy,60.5,10,Ligeramente tarde
rainy,199.9,11,Mucho antes
stormy,15.5,6,Mucho antes
clear,21.0,0,Mucho antes
stormy,3.6,6,Mucho antes
foggy,95.9,8,Mucho tarde
foggy,9.9,3,Mucho antes
cold,259.7,9,Ligeramente tarde
cold,151.6,4,Ligeramente antes
rainy,213.7,11,Mucho antes
stormy,209.5,9,Mucho tarde
foggy,267.4,13,Mucho antes
cold,31.7,1,Mucho antes
cold,14.0,2,Mucho antes
hot,214.2,9,Mucho tarde
stormy,246.6,10,Mucho tarde
cold,4.5,1,Mucho antes
stormy,162.8,11,Mucho tarde
stormy,120.3,10,Mucho tarde
rainy,273.5,11,Mucho tarde
hot,209.6,5,Ligeramente antes
cold,294.3,11,Mucho tarde
stormy,106.2,8,Mucho antes
hot,43.2,3,Mucho antes
rainy,224.0,9,Mucho antes
clear,225.5,10,Ligeramente tarde
foggy,126.8,6,Mucho antes
clear,58.0,3,Ligeramente antes
cold,24.3,0,Mucho antes
stormy,192.5,8,Mucho antes
hot,60.4,4,Mucho antes
rainy,23.4,6,Mucho antes
stormy,191.5,10,Mucho antes
clear,187.6,4,Mucho antes
cold,159.6,4,Mucho antes
hot,227.1,6,Ligeramente antes
rainy,107.8,9,Ligeramente tarde
cold,155.7,5,Mucho antes
stormy,286.2,13,Mucho tarde
foggy,81.5,6,Mucho antes
stormy,38.6,5,Mucho antes
rainy,115.7,9,Mucho antes
foggy,151.6,7,Mucho antes
clear,241.7,7,Ligeramente tarde
clear,146.6,7,Mucho antes
hot,197.9,5,Mucho antes
stormy,180.2,9,Mucho tarde
clear,136.2,6,Ligeramente tarde
foggy,239.7,12,Mucho antes
hot,36.5,2,Mucho antes
clear,226.1,7,Ligeramente antes
cold,188.2,6,Mucho antes
rainy,283.7,11,Mucho tarde
foggy,87.6,6,Mucho antes
stormy,52.2,4,Ligeramente tarde
hot,87.8,4,Mucho antes
foggy,73.4,4,Ligeramente tarde
clear,258.7,10,Mucho antes
stormy,193.0,11,Mucho antes
foggy,152.8,7,Ligeramente tarde
rainy,224.3,9,Mucho antes
foggy,19.4,4,Mucho antes
clear,114.2,5,Ligeramente tarde
stormy,104.8,7,Mucho antes
hot,276.4,8,Mucho antes
rainy,98.3,8,Mucho antes
foggy,90.9,3,Mucho antes
stormy,282.1,11,Mucho tarde
cold,248.2,10,Mucho antes
hot,221.9,4,Mucho antes
cold,17.7,2,Mucho antes
clear,75.1,2,Ligeramente antes
rainy,60.2,4,Ligeramente tarde
cold,255.0,9,Ligeramente tarde
rainy,280.5,11,Mucho antes
hot,203.5,8,Mucho antes
clear,256.6,6,Mucho antes
cold,144.2,7,Mucho tarde
rainy,41.5,5,Mucho antes
hot,221.9,5,Mucho antes
hot,265.1,7,Ligeramente antes
hot,259.8,8,Ligeramente antes
rainy,62.3,4,Mucho antes
clear,288.1,7,Mucho antes
cold,133.1,4,Mucho antes
foggy,148.7,3,Ligeramente antes
hot,149.1,4,Ligeramente antes
rainy,68.3,7,Mucho antes
cold,147.8,7,Mucho tarde
hot,174.2,3,Mucho antes
stormy,280.7,14,Mucho tarde
stormy,288.1,11,Mucho tarde
clear,67.8,3,Mucho antes
stormy,42.4,7,Ligeramente antes
rainy,64.0,5,Mucho antes
foggy,93.0,2,Mucho antes
stormy,162.6,9,Mucho antes
clear,136.2,5,Mucho antes
hot,3.8,1,Mucho antes
rainy,15.7,4,Ligeramente tarde
foggy,219.2,9,Mucho antes
stormy,247.1,10,Mucho antes
clear,236.3,5,Mucho antes
rainy,3.6,2,Mucho antes
rainy,139.3,10,Mucho tarde
clear,280.6,9,Ligeramente tarde
hot,297.1,9,Ligeramente tarde
clear,294.0,9,Ligeramente tarde
clear,263.5,8,Ligeramente antes
cold,192.0,5,Mucho antes
stormy,262.7,17,Ligeramente tarde
rainy,273.2,15,Ligeramente antes
hot,173.9,6,Ligeramente tarde
cold,41.2,3,Mucho antes
foggy,53.3,3,Mucho antes
clear,205.9,4,Mucho antes
stormy,191.2,9,Mucho antes
foggy,125.9,4,Mucho antes
rainy,34.3,6,Mucho antes
foggy,66.8,2,Mucho antes
foggy,297.1,9,Ligeramente tarde
foggy,3.6,2,Ligeramente antes
rainy,249.7,10,Mucho antes
clear,184.5,5,Mucho antes
foggy,13.4,2,Mucho antes
cold,127.9,6,Mucho antes
cold,244.6,7,Mucho antes
cold,185.5,8,Mucho antes
rainy,277.8,10,Mucho tarde
hot,288.6,10,Mucho tarde
clear,248.3,7,Mucho antes
clear,217.9,8,Ligeramente antes
hot,33.4,2,Mucho antes
rainy,229.9,10,Mucho antes
cold,191.5,6,Mucho antes
rainy,114.4,9,Mucho antes
stormy,236.5,13,Mucho antes
cold,133.7,5,Mucho antes
stormy,211.1,9,Ligeramente tarde
hot,213.1,4,Mucho antes
cold,228.7,5,Mucho antes
foggy,105.0,5,Ligeramente tarde
foggy,56.1,6,Mucho antes
stormy,218.6,12,Mucho antes
hot,119.8,3,Mucho antes
hot,292.1,6,Mucho antes
rainy,297.1,8,Ligeramente tarde
clear,283.5,5,Mucho antes
foggy,141.6,7,Mucho antes
foggy,283.7,8,Ligeramente tarde
stormy,12.3,6,Mucho antes
clear,194.2,5,Mucho antes
clear,293.4,7,Mucho antes
cold,4.6,1,Mucho antes
stormy,228.6,8,Mucho antes
foggy,178.5,9,Mucho tarde
stormy,21.4,4,Mucho antes
rainy,64.2,6,Mucho tarde
rainy,41.5,5,Mucho antes
cold,223.3,5,Ligeramente antes
rainy,234.9,8,Ligeramente tarde
cold,292.0,11,Mucho tarde
clear,232.3,6,Mucho antes
stormy,234.9,11,Mucho tarde
hot,132.3,6,Mucho antes
cold,47.1,3,Ligeramente tarde
rainy,127.6,10,Mucho antes
rainy,32.5,6,Mucho antes
foggy,254.3,7,Ligeramente antes
hot,134.0,4,Ligeramente antes
clear,238.4,10,Mucho antes
hot,285.9,6,Mucho antes
stormy,106.6,6,Mucho antes
stormy,63.0,6,Mucho antes
hot,74.3,1,Mucho antes
foggy,223.2,8,Mucho antes
foggy,73.1,5,Mucho antes
rainy,101.1,7,Mucho antes
clear,183.5,6,Ligeramente tarde
stormy,134.3,10,Mucho tarde
hot,64.7,3,Mucho antes
rainy,145.3,8,Mucho antes
cold,134.0,6,Ligeramente tarde
clear,196.8,7,Mucho antes
cold,121.8,2,Mucho antes
cold,242.8,7,Mucho antes
clear,71.6,2,Ligeramente antes
hot,152.1,4,Mucho antes
clear,240.6,6,Mucho antes
rainy,81.3,4,Mucho antes
hot,71.7,2,Ligeramente antes
clear,172.4,4,Ligeramente antes
rainy,162.2,9,Mucho antes
rainy,285.7,12,Mucho tarde
clear,241.7,6,Mucho antes
stormy,92.8,6,Mucho tarde
stormy,43.5,9,Mucho antes
hot,76.0,3,Mucho antes
hot,122.0,2,Mucho antes
foggy,28.0,6,Mucho antes
foggy,80.9,4,Ligeramente tarde
cold,240.9,9,Ligeramente tarde
clear,173.7,4,Mucho antes
rainy,12.6,3,Mucho antes
rainy,3.7,3,Ligeramente tarde
cold,116.0,3,Mucho antes
rainy,13.6,4,Mucho antes
stormy,92.9,11,Mucho antes
foggy,69.8,2,Mucho antes
hot,145.4,3,Ligeramente antes
foggy,167.2,6,Mucho antes
stormy,205.5,7,Ligeramente antes
clear,127.7,6,Mucho antes
cold,180.4,6,Mucho antes
clear,185.3,6,Mucho antes
clear,100.0,6,Mucho antes
foggy,88.5,6,Mucho tarde
foggy,200.5,8,Ligeramente tarde
foggy,68.5,5,Mucho antes
rainy,19.5,5,Mucho antes
rainy,17.0,3,Mucho antes
rainy,101.2,5,Mucho antes
foggy,293.1,9,Ligeramente tarde
hot,148.8,4,Mucho antes
clear,95.0,1,Mucho antes
stormy,201.0,11,Mucho tarde
foggy,43.4,4,Mucho antes
clear,260.8,6,Mucho antes
foggy,297.1,10,Ligeramente tarde
cold,187.5,5,Mucho antes
clear,36.9,2,Mucho antes
clear,277.6,7,Ligeramente antes
cold,34.2,1,Mucho antes
hot,40.7,3,Mucho antes
foggy,215.5,7,Ligeramente tarde
hot,217.6,8,Mucho antes
stormy,68.6,6,Mucho tarde
hot,205.6,9,Mucho antes
foggy,278.2,10,Mucho tarde
stormy,250.4,12,Mucho tarde
rainy,80.3,9,Ligeramente tarde
foggy,104.0,4,Mucho antes
clear,292.7,6,Ligeramente antes
rainy,139.7,8,Ligeramente antes
hot,257.7,10,Mucho tarde
stormy,10.3,6,Mucho antes
clear,10.7,3,Mucho antes
clear,50.8,2,Mucho antes
cold,82.5,2,Mucho antes
stormy,265.5,13,Mucho antes
foggy,43.9,5,Mucho antes
rainy,246.5,10,Mucho tarde
rainy,207.8,11,Mucho tarde
stormy,141.4,6,Mucho antes
clear,157.8,3,Mucho antes
foggy,174.5,7,Mucho antes
hot,92.0,3,Mucho antes
hot,239.3,6,Ligeramente antes
foggy,51.2,3,Mucho antes
stormy,50.8,9,Mucho tarde
hot,185.7,5,Mucho antes
foggy,96.8,6,Mucho antes
hot,5.2,0,Mucho antes
stormy,193.2,11,Mucho antes
rainy,241.8,13,Mucho antes
rainy,199.7,10,Mucho tarde
rainy,142.8,6,Ligeramente tarde
cold,207.6,7,Mucho antes
clear,132.5,5,Ligeramente tarde
clear,193.4,6,Mucho antes
hot,125.7,6,Mucho antes
foggy,219.5,8,Ligeramente antes
hot,286.5,6,Mucho antes
clear,224.1,6,Mucho antes
hot,179.3,8,Mucho tarde
stormy,44.6,7,Ligeramente antes
clear,28.0,2,Mucho antes
foggy,6.1,3,Mucho antes
clear,148.5,4,Mucho antes
clear,82.2,2,Mucho antes
clear,51.7,2,Mucho antes
hot,78.3,5,Ligeramente tarde
foggy,289.6,8,Mucho antes
cold,67.3,2,Mucho antes
hot,158.9,3,Mucho antes
clear,294.3,11,Mucho antes
cold,41.5,2,Mucho antes
rainy,73.3,8,Ligeramente antes
rainy,177.6,5,Mucho antes
rainy,218.2,9,Mucho tarde
foggy,256.1,9,Mucho antes
hot,198.6,6,Mucho antes
rainy,9.3,5,Mucho antes
foggy,65.6,5,Mucho antes
cold,164.9,5,Ligeramente antes
hot,38.0,1,Mucho antes
rainy,41.3,3,Mucho antes
foggy,243.9,10,Mucho tarde
hot,226.0,7,Mucho antes
clear,61.1,1,Mucho antes
hot,148.5,3,Mucho antes
rainy,293.8,9,Ligeramente tarde
foggy,177.8,7,Ligeramente tarde
rainy,217.4,10,Mucho tarde
clear,196.6,4,Ligeramente antes
stormy,126.4,8,Mucho antes
rainy,245.3,10,Ligeramente tarde
hot,24.4,3,Ligeramente tarde
rainy,182.2,10,Ligeramente tarde
stormy,124.1,9,Ligeramente tarde
cold,262.8,7,Mucho antes
clear,186.2,7,Mucho antes
clear,82.4,1,Mucho antes
foggy,229.2,9,Mucho antes
hot,119.2,6,Mucho antes
stormy,233.3,10,Mucho antes
cold,34.9,2,Mucho antes
stormy,110.4,7,Mucho antes
cold,170.9,6,Mucho antes
stormy,38.5,5,Mucho tarde
rainy,151.7,6,Ligeramente tarde
foggy,264.6,7,Ligeramente antes
stormy,20.1,5,Mucho antes
clear,131.7,7,Mucho antes
foggy,238.3,11,Mucho antes
stormy,36.5,7,Mucho antes
foggy,16.3,3,Ligeramente tarde
rainy,145.6,8,Ligeramente antes
foggy,283.8,10,Ligeramente tarde
foggy,197.6,9,Mucho antes
hot,258.1,9,Mucho antes
stormy,281.7,12,Mucho tarde
cold,154.3,3,Mucho antes
foggy,22.5,5,Mucho tarde
stormy,31.7,7,Mucho tarde
foggy,215.0,8,Mucho antes
hot,198.7,6,Mucho antes
foggy,69.5,2,Mucho antes
hot,227.6,9,Mucho antes
hot,73.1,3,Ligeramente antes
rainy,168.6,5,Ligeramente antes
foggy,112.0,6,Mucho antes
hot,211.1,7,Ligeramente antes
stormy,205.3,13,Mucho antes
stormy,247.5,13,Mucho tarde
clear,85.1,3,Mucho antes
cold,121.0,6,Ligeramente tarde
stormy,68.7,7,Mucho antes
clear,158.6,4,Ligeramente antes
clear,14.3,3,Ligeramente tarde
rainy,268.4,10,Mucho tarde
hot,102.4,4,Mucho antes
hot,99.2,3,Mucho antes
clear,124.3,6,Ligeramente tarde
rainy,99.0,8,Ligeramente antes
hot,198.2,8,Mucho tarde
rainy,281.0,10,Mucho antes
stormy,153.5,8,Mucho antes
hot,243.0,6,Ligeramente antes
hot,98.8,3,Mucho antes
cold,125.5,5,Mucho antes
rainy,270.4,14,Mucho tarde
stormy,16.8,7,Mucho tarde
stormy,152.2,11,Mucho antes
foggy,249.5,10,Mucho antes
cold,182.7,4,Mucho antes
foggy,31.4,4,Ligeramente tarde
rainy,19.0,6,Mucho antes
clear,264.6,8,Mucho antes
clear,122.4,5,Mucho antes
clear,139.5,3,Mucho antes
hot,54.7,2,Ligeramente antes
stormy,141.4,8,Ligeramente antes
hot,125.3,4,Ligeramente antes
rainy,234.6,10,Mucho antes
clear,28.9,3,Ligeramente tarde
hot,191.7,6,Mucho antes
foggy,291.4,6,Mucho antes
hot,87.6,4,Mucho antes
foggy,217.6,6,Mucho antes
clear,29.5,2,Mucho antes
clear,145.5,5,Mucho antes
clear,109.1,6,Mucho antes
foggy,216.3,7,Ligeramente tarde
rainy,286.9,12,Mucho tarde
clear,229.4,8,Mucho antes
rainy,57.8,6,Mucho antes
cold,245.6,5,Mucho antes
stormy,10.2,4,Mucho antes
cold,205.2,7,Mucho antes
stormy,15.0,7,Mucho antes
stormy,252.1,11,Mucho tarde
foggy,267.5,5,Mucho antes
foggy,195.4,7,Mucho antes
rainy,73.4,6,Mucho antes
cold,60.7,4,Mucho antes
clear,67.0,3,Mucho antes
hot,93.9,4,Ligeramente tarde
cold,151.1,3,Mucho antes
clear,17.2,1,Mucho antes
cold,233.0,7,Ligeramente tarde
rainy,150.3,10,Mucho antes
cold,167.9,5,Mucho antes
stormy,194.7,10,Mucho antes
foggy,48.8,5,Mucho antes
cold,181.3,6,Ligeramente tarde
rainy,121.2,4,Mucho antes
rainy,141.1,8,Mucho antes
stormy,180.9,9,Mucho tarde
clear,73.6,3,Mucho antes
clear,26.7,2,Mucho antes
hot,124.7,2,Mucho antes
clear,46.7,4,Ligeramente tarde
rainy,24.3,6,Mucho antes
cold,217.8,6,Mucho antes
clear,184.2,5,Mucho antes
stormy,48.5,8,Mucho antes
hot,148.0,5,Ligeramente tarde
clear,274.3,4,Mucho antes
stormy,273.3,15,Mucho tarde
foggy,133.3,5,Mucho antes
foggy,274.7,9,Ligeramente tarde
rainy,254.7,13,Mucho antes
clear,37.3,2,Mucho antes
stormy,84.6,4,Mucho antes
clear,79.9,2,Mucho antes
foggy,12.6,5,Mucho antes
foggy,164.8,7,Ligeramente tarde
stormy,183.8,9,Mucho tarde
stormy,16.5,6,Mucho antes
hot,180.2,3,Mucho antes
cold,65.3,4,Mucho antes
stormy,79.5,9,Ligeramente tarde
stormy,9.3,3,Mucho antes
stormy,4.5,8,Mucho antes
foggy,198.5,6,Ligeramente tarde
stormy,65.7,7,Mucho antes
rainy,287.8,9,Ligeramente tarde
clear,270.5,5,Mucho antes
clear,13.0,1,Mucho antes
rainy,249.1,13,Mucho tarde
stormy,203.2,6,Mucho antes
clear,123.3,5,Mucho antes
foggy,70.2,5,Mucho antes
clear,170.8,7,Ligeramente tarde
clear,272.9,6,Mucho antes
stormy,35.4,8,Ligeramente antes
foggy,275.9,8,Mucho antes
hot,204.6,8,Ligeramente tarde
hot,22.6,2,Mucho antes
rainy,148.7,6,Mucho antes
clear,18.6,3,Mucho antes
cold,207.2,5,Ligeramente antes
clear,22.3,1,Mucho antes
hot,118.1,5,Ligeramente tarde
stormy,31.8,7,Mucho antes
hot,288.2,11,Mucho antes
stormy,85.1,8,Ligeramente antes
clear,149.6,4,Ligeramente antes
clear,71.7,1,Mucho antes
hot,169.1,3,Mucho antes
stormy,33.8,4,Mucho antes
hot,209.8,4,Mucho antes
stormy,52.6,7,Mucho tarde
cold,286.1,6,Mucho antes
clear,174.7,5,Mucho antes
clear,272.5,11,Mucho tarde
hot,26.3,1,Ligeramente antes
clear,93.1,2,Ligeramente antes
clear,166.7,3,Mucho antes
hot,177.5,6,Mucho antes
hot,240.9,8,Ligeramente antes
cold,5.7,3,Mucho antes
rainy,212.7,11,Mucho tarde
hot,166.2,4,Ligeramente antes
rainy,287.7,8,Ligeramente antes
cold,241.6,5,Ligeramente antes
hot,91.2,4,Mucho antes
hot,6.6,1,Ligeramente antes
stormy,167.1,9,Mucho tarde
cold,155.9,5,Mucho antes
rainy,261.9,11,Mucho antes
hot,30.7,2,Mucho antes
cold,176.4,6,Mucho antes
rainy,297.1,10,Mucho tarde
foggy,8.5,3,Mucho antes
hot,17.3,1,Mucho antes
foggy,3.6,4,Mucho antes
hot,18.5,1,Mucho antes
rainy,68.6,6,Mucho tarde
clear,198.1,7,Ligeramente tarde
clear,151.4,5,Ligeramente antes
rainy,26.7,6,Mucho antes
hot,107.4,3,Mucho antes
hot,122.3,4,Mucho antes
foggy,190.6,8,Mucho antes
hot,79.1,1,Mucho antes
foggy,3.6,2,Mucho antes
rainy,20.3,7,Mucho antes
hot,16.0,3,Ligeramente tarde
clear,247.4,8,Mucho antes
clear,6.2,1,Ligeramente antes
rainy,85.3,3,Mucho antes
stormy,105.4,5,Mucho antes
foggy,243.6,8,Ligeramente antes
foggy,232.9,7,Mucho antes
stormy,214.6,10,Mucho antes
cold,194.2,5,Mucho antes
rainy,177.8,7,Mucho antes
foggy,286.2,8,Mucho antes
clear,3.6,0,Mucho antes
cold,149.6,5,Ligeramente tarde
cold,199.1,7,Ligeramente antes
foggy,189.1,4,Mucho antes
cold,293.8,7,Ligeramente antes
clear,225.7,8,Mucho antes
clear,179.1,7,Mucho antes
stormy,82.5,6,Mucho antes
stormy,268.8,15,Mucho tarde
clear,97.6,4,Mucho antes
stormy,214.6,10,Mucho tarde
clear,101.8,4,Ligeramente antes
foggy,179.4,7,Ligeramente antes
foggy,129.5,7,Mucho antes
rainy,140.6,7,Mucho tarde
rainy,123.4,10,Mucho tarde
stormy,237.3,14,Mucho tarde
stormy,177.4,9,Mucho tarde
cold,151.7,5,Mucho antes
stormy,148.7,12,Mucho tarde
hot,140.9,4,Ligeramente antes
cold,243.6,5,Mucho antes
foggy,150.1,8,Ligeramente antes
rainy,148.3,12,Mucho antes
stormy,41.1,5,Mucho antes
stormy,74.4,8,Ligeramente antes
stormy,243.0,11,Mucho tarde
hot,247.6,8,Ligeramente antes
stormy,105.8,7,Mucho tarde
stormy,60.0,5,Mucho antes
hot,237.2,10,Ligeramente tarde
foggy,274.6,7,Ligeramente antes
rainy,210.4,8,Mucho antes
clear,114.1,4,Ligeramente antes
rainy,148.6,4,Mucho antes
rainy,263.1,7,Ligeramente antes
foggy,46.4,4,Mucho antes
clear,15.2,0,Mucho antes
hot,272.3,10,Ligeramente tarde
stormy,172.1,11,Mucho antes
rainy,191.7,6,Mucho antes
stormy,42.3,6,Mucho antes
clear,218.2,10,Ligeramente tarde
rainy,169.5,6,Mucho antes
foggy,101.6,5,Mucho antes
cold,201.3,4,Mucho antes
stormy,275.5,13,Mucho antes
stormy,276.0,12,Mucho antes
cold,11.5,3,Mucho antes
cold,28.6,2,Mucho antes
stormy,164.3,8,Mucho antes
foggy,188.4,5,Mucho antes
foggy,280.2,11,Mucho tarde
stormy,185.2,12,Mucho antes
hot,239.6,4,Mucho antes
rainy,212.5,6,Mucho antes
cold,130.6,5,Ligeramente tarde
cold,101.5,3,Ligeramente antes
stormy,192.0,9,Mucho tarde
rainy,194.0,7,Mucho antes
rainy,107.4,7,Mucho tarde
rainy,92.6,8,Ligeramente antes
rainy,34.6,5,Mucho tarde
stormy,29.5,6,Mucho tarde
clear,27.2,2,Mucho antes
rainy,210.2,10,Mucho tarde
cold,160.1,7,Mucho antes
cold,262.6,8,Ligeramente antes
clear,34.8,1,Mucho antes
clear,297.1,8,Mucho antes
rainy,136.3,9,Mucho antes
clear,236.2,10,Ligeramente tarde
stormy,69.6,7,Mucho tarde
clear,96.3,3,Ligeramente antes
rainy,37.5,7,Mucho antes
rainy,106.5,4,Mucho antes
cold,112.4,5,Mucho antes
hot,98.1,4,Mucho antes
hot,272.1,11,Mucho tarde
cold,255.0,6,Ligeramente antes
cold,32.8,1,Mucho antes
cold,118.2,3,Mucho antes
cold,95.5,3,Ligeramente antes
cold,279.2,11,Mucho antes
rainy,181.0,9,Ligeramente tarde
rainy,267.1,8,Ligeramente antes
foggy,124.7,6,Mucho antes
stormy,186.0,11,Mucho antes
foggy,42.5,3,Mucho antes
foggy,35.9,4,Mucho antes
foggy,184.3,8,Mucho antes
hot,169.6,5,Ligeramente antes
hot,268.1,11,Mucho tarde
cold,206.4,6,Mucho antes
hot,64.6,4,Mucho antes
clear,156.7,3,Mucho antes
rainy,13.6,6,Mucho tarde
foggy,196.9,6,Mucho antes
cold,37.6,0,Mucho antes
foggy,125.2,8,Mucho antes
clear,12.5,0,Mucho antes
cold,200.3,8,Mucho antes
stormy,205.5,9,Ligeramente tarde
cold,44.7,3,Ligeramente tarde
foggy,53.4,4,Mucho antes
cold,97.4,6,Mucho antes
clear,297.1,11,Mucho tarde
hot,266.1,7,Mucho antes
cold,139.5,4,Mucho antes
cold,242.2,6,Mucho antes
foggy,3.6,3,Mucho antes
cold,35.9,3,Mucho antes
cold,218.8,9,Mucho antes
clear,268.8,10,Mucho antes
foggy,35.4,4,Mucho antes
cold,235.4,5,Mucho antes
cold,18.7,2,Mucho antes
stormy,105.2,9,Mucho antes
rainy,230.3,9,Mucho tarde
rainy,144.1,6,Mucho antes
clear,223.7,9,Mucho antes
stormy,85.8,11,Mucho antes
clear,201.0,6,Mucho antes
foggy,237.1,8,Mucho antes
rainy,60.4,5,Mucho antes
stormy,56.6,5,Ligeramente tarde
clear,14.5,0,Mucho antes
foggy,115.3,6,Mucho antes
foggy,5.2,3,Ligeramente tarde
stormy,158.7,6,Mucho antes
hot,84.0,3,Mucho antes
hot,296.7,8,Ligeramente tarde
foggy,261.7,10,Mucho antes
clear,165.3,5,Mucho antes
cold,269.8,11,Mucho tarde
hot,288.9,9,Ligeramente tarde
hot,180.4,5,Mucho antes
stormy,108.0,7,Mucho antes
stormy,264.9,13,Mucho tarde
cold,80.7,3,Mucho antes
rainy,99.1,8,Mucho antes
stormy,195.3,9,Mucho antes
cold,10.8,2,Mucho antes
cold,36.1,3,Mucho antes
hot,166.8,3,Mucho antes
hot,42.6,0,Mucho antes
clear,257.0,5,Mucho antes
foggy,262.3,11,Mucho antes
cold,154.3,4,Ligeramente antes
rainy,28.6,4,Mucho antes
foggy,84.8,5,Ligeramente tarde
stormy,175.5,9,Mucho antes
cold,17.4,1,Mucho antes
foggy,106.9,4,Ligeramente antes
hot,54.4,2,Mucho antes
foggy,173.3,8,Mucho antes
stormy,261.7,8,Ligeramente antes
hot,269.7,7,Ligeramente antes
cold,30.2,2,Mucho antes
cold,29.3,1,Mucho antes
cold,218.0,5,Mucho antes
foggy,3.6,3,Ligeramente tarde
clear,149.6,4,Ligeramente antes
clear,198.3,4,Mucho antes
cold,117.2,3,Ligeramente antes
cold,128.6,2,Mucho antes
rainy,132.6,6,Ligeramente tarde
clear,89.5,4,Mucho antes
stormy,126.8,5,Mucho antes
foggy,241.2,7,Ligeramente tarde
foggy,251.0,11,Mucho tarde
rainy,179.8,13,Mucho antes
clear,91.8,2,Mucho antes
foggy,122.3,5,Mucho antes
foggy,211.4,7,Mucho antes
stormy,142.7,9,Mucho antes
rainy,37.5,4,Ligeramente tarde
cold,199.7,8,Mucho antes
hot,28.9,2,Mucho antes
hot,296.2,8,Mucho antes
foggy,96.9,5,Mucho antes
foggy,48.3,2,Mucho antes
cold,179.2,6,Ligeramente tarde
hot,226.9,9,Mucho antes
stormy,215.8,12,Mucho tarde
stormy,81.0,9,Mucho antes
cold,162.5,4,Ligeramente antes
foggy,207.9,7,Ligeramente tarde
foggy,244.5,9,Mucho antes
foggy,145.8,5,Ligeramente tarde
cold,3.6,1,Mucho antes
foggy,127.3,4,Mucho antes
foggy,184.8,6,Mucho antes
hot,43.1,3,Mucho antes
cold,277.8,9,Mucho antes
hot,54.4,3,Mucho antes
cold,46.6,2,Mucho antes
hot,3.6,3,Ligeramente tarde
hot,75.7,3,Mucho antes
cold,251.0,9,Mucho antes
foggy,216.1,5,Mucho antes
cold,45.9,3,Mucho antes
foggy,280.1,12,Mucho antes
cold,192.3,6,Ligeramente tarde
hot,152.3,6,Mucho antes
hot,38.5,4,Mucho antes
cold,266.9,8,Ligeramente antes
cold,180.6,6,Mucho antes
cold,42.1,3,Mucho antes
foggy,145.2,8,Mucho antes
foggy,12.1,4,Mucho antes
clear,23.8,2,Mucho antes
foggy,56.7,5,Mucho antes
hot,128.4,2,Mucho antes
stormy,245.5,9,Mucho tarde
rainy,201.8,8,Mucho antes
rainy,205.6,12,Mucho antes
stormy,23.6,3,Mucho antes
rainy,60.4,5,Mucho antes
cold,133.7,4,Ligeramente antes
hot,281.6,6,Mucho antes
hot,188.5,7,Ligeramente tarde
hot,63.8,3,Mucho antes
rainy,3.6,4,Ligeramente tarde
clear,20.4,3,Mucho antes
rainy,53.8,7,Ligeramente antes
clear,189.1,5,Mucho antes
stormy,44.0,3,Ligeramente tarde
rainy,13.5,3,Mucho antes
hot,172.8,4,Mucho antes
hot,54.1,3,Mucho antes
hot,67.9,3,Mucho antes
rainy,289.8,11,Mucho tarde
hot,244.4,7,Ligeramente tarde
rainy,250.7,12,Mucho tarde
clear,10.5,0,Mucho antes
hot,291.2,10,Ligeramente tarde
hot,144.9,4,Mucho antes
hot,27.1,3,Mucho antes
stormy,95.1,7,Mucho antes
foggy,31.4,2,Mucho antes
foggy,98.9,5,Mucho antes
hot,39.2,2,Ligeramente antes
cold,75.8,2,Mucho antes
foggy,21.2,5,Mucho tarde
foggy,77.6,5,Mucho antes
rainy,102.9,8,Ligeramente antes
clear,274.3,8,Ligeramente tarde
hot,57.5,2,Mucho antes
clear,248.6,7,Mucho antes
clear,245.5,11,Mucho tarde
foggy,168.8,8,Mucho tarde
stormy,131.8,10,Ligeramente tarde
stormy,120.9,12,Mucho antes
cold,273.2,6,Mucho antes
cold,286.2,10,Mucho tarde
foggy,210.6,9,Ligeramente tarde
foggy,259.3,7,Mucho antes
rainy,235.4,9,Mucho antes
stormy,214.6,11,Mucho tarde
stormy,73.1,9,Mucho antes
cold,124.9,6,Mucho antes
foggy,75.4,4,Mucho antes
hot,226.2,10,Ligeramente tarde
clear,91.0,3,Mucho antes
cold,211.4,5,Mucho antes
clear,99.9,2,Mucho antes
stormy,19.7,5,Mucho antes
clear,267.7,6,Ligeramente antes
cold,125.1,3,Mucho antes
cold,69.8,2,Mucho antes
stormy,161.0,8,Mucho tarde
foggy,40.8,3,Mucho antes
clear,4.3,1,Ligeramente antes
cold,8.3,1,Mucho antes
foggy,297.1,9,Mucho antes
clear,238.9,5,Mucho antes
foggy,253.6,9,Ligeramente tarde
clear,148.1,5,Mucho antes
hot,159.8,7,Mucho antes
foggy,56.1,5,Mucho antes
rainy,149.9,7,Mucho antes
rainy,174.4,6,Mucho antes
foggy,247.0,7,Mucho antes
clear,256.2,7,Ligeramente antes
rainy,246.0,6,Mucho antes
rainy,286.0,11,Mucho tarde
foggy,271.6,7,Mucho antes
clear,84.0,3,Mucho antes
rainy,59.8,5,Mucho antes
foggy,113.3,5,Ligeramente tarde
cold,26.0,3,Mucho antes
cold,249.3,4,Mucho antes
cold,140.2,5,Ligeramente tarde
rainy,36.9,6,Mucho tarde
hot,137.2,6,Ligeramente tarde
clear,165.9,5,Mucho antes
clear,109.1,3,Mucho antes
clear,95.2,2,Ligeramente antes
cold,133.3,5,Mucho antes
rainy,75.8,4,Mucho antes
clear,113.6,3,Mucho antes
clear,212.0,5,Mucho antes
clear,271.1,7,Ligeramente antes
clear,16.8,1,Mucho antes
clear,291.1,10,Mucho tarde
stormy,127.3,7,Ligeramente antes
rainy,253.4,13,Mucho antes
cold,198.1,6,Ligeramente tarde
clear,247.3,11,Mucho antes
rainy,47.3,8,Mucho antes
rainy,38.5,6,Mucho tarde
foggy,15.1,1,Mucho antes
rainy,66.1,4,Mucho antes
cold,193.9,8,Mucho antes
cold,151.4,6,Mucho antes
clear,200.0,4,Mucho antes
cold,291.8,6,Mucho antes
cold,49.2,3,Mucho antes
cold,67.3,1,Mucho antes
cold,68.2,2,Mucho antes
hot,217.5,7,Ligeramente tarde
rainy,10.4,6,Mucho antes
stormy,101.7,6,Mucho antes
rainy,165.2,6,Mucho antes
stormy,5.1,3,Mucho antes
clear,279.7,6,Mucho antes
cold,288.5,7,Ligeramente antes
clear,246.6,5,Ligeramente antes
rainy,141.9,6,Mucho antes
clear,175.8,6,Mucho antes
hot,8.6,2,Ligeramente antes
stormy,241.7,8,Mucho antes
clear,4.8,2,Ligeramente antes
stormy,189.0,10,Ligeramente tarde
clear,27.8,3,Mucho antes
hot,237.7,7,Mucho antes
stormy,159.4,12,Mucho tarde
clear,48.0,1,Mucho antes
cold,21.0,3,Mucho antes
clear,74.4,3,Mucho antes
cold,290.8,8,Ligeramente antes
hot,37.2,3,Ligeramente tarde
clear,137.2,3,Mucho antes
foggy,82.4,6,Mucho antes
rainy,199.0,7,Mucho antes
cold,230.3,5,Mucho antes
cold,281.5,11,Mucho antes
foggy,140.2,7,Mucho antes
stormy,139.2,7,Mucho antes
rainy,84.5,5,Mucho antes
clear,224.5,10,Ligeramente tarde
rainy,297.1,10,Mucho tarde
foggy,107.6,5,Mucho antes
clear,211.1,6,Mucho antes
hot,231.6,8,Mucho antes
hot,244.4,6,Mucho antes
hot,181.8,5,Mucho antes
hot,122.3,4,Mucho antes
cold,177.7,8,Ligeramente antes
clear,31.0,1,Mucho antes
clear,291.0,12,Mucho antes
foggy,47.7,3,Mucho antes
rainy,66.2,7,Mucho antes
hot,180.0,7,Mucho antes
rainy,162.3,8,Ligeramente antes
foggy,20.7,4,Ligeramente tarde
rainy,168.5,6,Ligeramente tarde
hot,199.8,7,Mucho antes
foggy,144.4,8,Ligeramente antes
stormy,173.6,12,Mucho antes
foggy,35.6,5,Mucho antes
hot,269.3,7,Mucho antes
foggy,297.1,7,Mucho antes
cold,184.7,4,Mucho antes
foggy,165.5,9,Ligeramente tarde
foggy,210.5,11,Mucho antes
rainy,265.6,11,Mucho antes
hot,56.1,3,Mucho antes
cold,149.5,5,Mucho antes
stormy,122.0,9,Mucho tarde
stormy,48.9,4,Mucho antes
cold,124.2,4,Mucho antes
foggy,263.5,7,Mucho antes
cold,35.0,3,Mucho antes
rainy,55.2,7,Mucho tarde
clear,192.8,5,Ligeramente antes
rainy,64.5,7,Ligeramente antes
clear,52.8,4,Mucho antes
hot,277.2,11,Mucho tarde
clear,132.6,5,Ligeramente tarde
foggy,65.1,6,Mucho tarde
hot,152.4,7,Mucho antes
rainy,21.1,4,Mucho antes
cold,70.6,5,Ligeramente tarde
rainy,171.4,10,Mucho tarde
hot,55.3,3,Mucho antes
cold,277.1,8,Mucho antes
rainy,74.1,5,Mucho antes
foggy,86.6,4,Mucho antes
hot,212.5,10,Mucho antes
rainy,260.0,9,Ligeramente tarde
stormy,25.7,5,Mucho antes
hot,167.5,5,Mucho antes
cold,220.3,8,Mucho antes
cold,259.6,9,Mucho antes
rainy,27.2,3,Mucho antes
hot,297.1,11,Mucho antes
hot,30.6,2,Mucho antes
foggy,241.2,9,Ligeramente tarde
cold,45.2,3,Mucho antes
hot,185.5,6,Ligeramente tarde
foggy,102.7,6,Mucho antes
rainy,102.7,8,Mucho antes
clear,111.7,5,Mucho antes
foggy,216.1,7,Mucho antes
clear,117.0,4,Mucho antes
clear,280.1,7,Ligeramente antes
hot,60.6,2,Mucho antes
rainy,3.6,4,Mucho antes
stormy,53.5,5,Mucho antes
stormy,287.8,11,Mucho tarde
stormy,192.7,8,Ligeramente antes
clear,184.8,8,Mucho antes
stormy,293.3,9,Mucho antes
hot,136.5,6,Ligeramente tarde
hot,94.5,2,Mucho antes
foggy,4.0,2,Ligeramente antes
foggy,84.4,7,Ligeramente antes
stormy,143.7,8,Mucho antes
stormy,3.6,4,Ligeramente tarde
foggy,258.5,8,Mucho antes
stormy,164.5,7,Ligeramente tarde
hot,263.9,10,Mucho tarde
hot,213.0,9,Ligeramente tarde
stormy,188.3,11,Mucho tarde
cold,213.5,7,Mucho antes
hot,222.2,4,Mucho antes
cold,120.8,4,Ligeramente antes
rainy,215.5,12,Mucho antes
stormy,260.3,17,Ligeramente tarde
stormy,225.7,12,Mucho antes
foggy,202.7,8,Ligeramente tarde
stormy,250.7,10,Mucho tarde
foggy,63.8,3,Mucho antes
clear,97.9,4,Ligeramente tarde
foggy,173.4,7,Ligeramente tarde
clear,61.8,3,Mucho antes
cold,208.7,10,Mucho tarde
stormy,226.5,13,Mucho antes
stormy,8.7,6,Mucho antes
stormy,198.4,10,Ligeramente tarde
foggy,10.1,3,Mucho antes
hot,15.1,2,Mucho antes
foggy,45.6,5,Mucho antes
hot,69.5,2,Mucho antes
foggy,259.2,9,Mucho antes
foggy,167.7,7,Mucho antes
rainy,17.4,5,Mucho antes
foggy,288.5,14,Mucho antes
rainy,140.6,8,Mucho tarde
foggy,165.6,6,Mucho antes
foggy,212.5,8,Ligeramente tarde
cold,251.8,6,Mucho antes
foggy,177.3,9,Ligeramente tarde
hot,188.0,5,Ligeramente antes
foggy,26.7,3,Mucho antes
foggy,17.1,3,Mucho antes
foggy,78.7,7,Mucho antes
hot,165.0,6,Mucho antes
rainy,269.1,9,Mucho antes
stormy,52.9,9,Mucho tarde
stormy,282.0,8,Mucho antes
stormy,80.0,9,Mucho tarde
clear,246.1,8,Ligeramente tarde
cold,86.3,2,Mucho antes
rainy,122.1,9,Mucho tarde
stormy,211.1,12,Mucho tarde
rainy,264.8,12,Mucho antes
cold,74.5,2,Ligeramente antes
cold,231.9,6,Ligeramente antes
stormy,297.1,17,Mucho tarde
cold,120.4,2,Mucho antes
hot,30.2,1,Mucho antes
cold,171.8,4,Ligeramente antes
stormy,72.2,9,Mucho antes
stormy,28.6,3,Mucho antes
stormy,181.6,10,Ligeramente tarde
hot,106.2,4,Mucho antes
foggy,91.4,6,Mucho antes
foggy,273.1,11,Mucho antes
stormy,34.0,6,Mucho antes
cold,134.5,2,Mucho antes
clear,214.3,8,Mucho antes
cold,186.5,10,Mucho antes
hot,192.6,5,Mucho antes
clear,241.7,11,Mucho tarde
stormy,102.5,11,Mucho antes
cold,136.2,6,Mucho antes
hot,99.3,3,Ligeramente antes
stormy,77.6,7,Mucho antes
clear,110.5,4,Mucho antes
foggy,101.9,5,Mucho antes
rainy,127.5,6,Mucho antes
hot,257.1,8,Ligeramente antes
stormy,105.3,5,Mucho antes
rainy,133.9,7,Mucho antes
foggy,129.9,7,Mucho antes
hot,85.7,5,Mucho antes
clear,144.9,6,Mucho antes
foggy,260.2,9,Ligeramente tarde
clear,83.3,3,Mucho antes
rainy,146.5,6,Ligeramente tarde
foggy,145.5,7,Mucho antes
stormy,208.0,11,Mucho tarde
foggy,150.7,4,Ligeramente antes
cold,68.7,3,Ligeramente antes
foggy,111.2,7,Mucho antes
stormy,53.0,8,Mucho tarde
cold,27.2,1,Mucho antes
stormy,49.9,7,Mucho antes
rainy,30.5,4,Mucho antes
clear,28.5,2,Mucho antes
hot,43.3,2,Mucho antes
rainy,112.9,8,Mucho tarde
rainy,43.7,4,Ligeramente tarde
cold,146.7,6,Ligeramente tarde
clear,77.6,3,Mucho antes
rainy,251.4,10,Mucho antes
stormy,35.6,7,Mucho antes
cold,215.0,6,Mucho antes
cold,22.8,2,Mucho antes
stormy,290.7,14,Mucho tarde
rainy,213.8,9,Mucho tarde
rainy,258.9,16,Ligeramente antes
stormy,28.5,3,Mucho antes
stormy,183.2,9,Mucho antes
stormy,3.6,7,Mucho antes
cold,111.9,5,Mucho antes
hot,294.7,7,Ligeramente antes
clear,110.5,4,Mucho antes
stormy,173.0,6,Mucho antes
hot,155.5,5,Mucho antes
cold,94.4,3,Mucho antes
foggy,18.4,5,Mucho antes
rainy,261.3,8,Mucho antes
foggy,200.1,7,Ligeramente antes
hot,293.1,7,Mucho antes
rainy,185.8,9,Mucho tarde
cold,32.7,2,Ligeramente antes
hot,133.5,5,Ligeramente tarde
foggy,80.1,5,Mucho antes
foggy,281.0,9,Ligeramente tarde
hot,64.5,2,Mucho antes
stormy,134.0,10,Mucho antes
stormy,283.5,9,Mucho antes
rainy,26.9,6,Mucho antes
rainy,223.7,11,Mucho tarde
rainy,192.8,10,Mucho tarde
foggy,130.2,4,Mucho antes
stormy,31.2,5,Mucho tarde
cold,251.4,6,Mucho antes
cold,9.2,0,Mucho antes
foggy,235.7,9,Mucho tarde
foggy,181.7,8,Mucho antes
rainy,58.6,8,Mucho antes
cold,168.6,6,Ligeramente tarde
cold,208.5,5,Mucho antes
foggy,117.1,7,Mucho tarde
rainy,240.4,10,Mucho tarde
cold,286.9,7,Mucho antes
clear,223.1,7,Ligeramente antes
foggy,3.6,2,Mucho antes
rainy,103.3,7,Mucho tarde
stormy,273.9,13,Mucho antes
cold,102.1,5,Mucho antes
clear,57.8,3,Mucho antes
rainy,44.1,5,Mucho antes
clear,240.6,5,Mucho antes
cold,73.8,2,Mucho antes
clear,137.8,2,Mucho antes
cold,151.4,4,Mucho antes
foggy,288.8,9,Ligeramente tarde
clear,194.6,6,Mucho antes
foggy,287.9,6,Mucho antes
hot,63.4,2,Mucho antes
rainy,258.4,13,Mucho antes
stormy,62.6,5,Mucho antes
foggy,83.6,4,Mucho antes
stormy,293.5,9,Mucho antes
rainy,149.0,6,Mucho antes
foggy,108.9,5,Mucho antes
cold,196.2,8,Mucho antes
clear,234.0,5,Mucho antes
rainy,136.6,8,Ligeramente antes
clear,251.0,6,Ligeramente antes
foggy,192.5,5,Mucho antes
clear,257.9,10,Ligeramente tarde
clear,284.7,7,Ligeramente antes
rainy,192.7,12,Mucho tarde
hot,213.9,7,Ligeramente antes
stormy,25.1,5,Mucho antes
stormy,238.5,11,Mucho antes
rainy,292.7,7,Mucho antes
cold,142.3,4,Ligeramente antes
foggy,122.4,4,Mucho antes
stormy,210.1,10,Mucho antes
stormy,64.4,5,Mucho antes
cold,36.1,3,Mucho antes
stormy,278.5,10,Ligeramente tarde
foggy,21.2,2,Mucho antes
cold,208.9,3,Mucho antes
stormy,91.1,5,Mucho antes
foggy,4.2,4,Mucho antes
clear,72.4,4,Mucho antes
hot,248.9,7,Mucho antes
hot,7.1,1,Mucho antes
foggy,64.6,5,Mucho antes
stormy,221.5,13,Mucho antes
hot,294.9,6,Ligeramente antes
hot,199.6,7,Ligeramente antes
cold,160.7,5,Ligeramente antes
stormy,117.5,8,Ligeramente antes
foggy,219.9,8,Ligeramente tarde
foggy,64.8,5,Mucho antes
foggy,25.6,4,Mucho antes
rainy,210.7,15,Ligeramente antes
rainy,272.3,15,Mucho tarde
rainy,261.8,10,Mucho antes
stormy,113.7,10,Ligeramente tarde
foggy,281.6,9,Ligeramente tarde
stormy,25.2,5,Mucho antes
clear,20.5,0,Mucho antes
hot,163.8,7,Ligeramente antes
cold,207.9,5,Mucho antes
hot,83.0,4,Mucho antes
hot,176.5,6,Ligeramente tarde
foggy,17.9,4,Mucho antes
clear,269.8,7,Ligeramente antes
rainy,168.3,9,Ligeramente tarde
rainy,283.4,11,Mucho antes
rainy,174.9,6,Mucho antes
rainy,254.5,12,Mucho antes
stormy,285.1,16,Mucho antes
foggy,141.5,6,Mucho antes
cold,99.6,3,Ligeramente antes
clear,97.5,4,Ligeramente tarde
hot,111.6,3,Mucho antes
rainy,80.1,9,Mucho antes
rainy,282.4,15,Mucho tarde
foggy,158.8,6,Mucho antes
cold,182.1,5,Mucho antes
cold,21.6,2,Ligeramente antes
cold,264.9,9,Ligeramente tarde
clear,25.0,3,Ligeramente tarde
foggy,155.1,9,Mucho tarde
hot,259.9,7,Mucho antes
hot,32.3,2,Ligeramente antes
foggy,249.6,9,Mucho antes
clear,214.9,7,Mucho antes
foggy,162.6,6,Mucho antes
cold,101.0,3,Mucho antes
rainy,217.6,10,Mucho antes
clear,282.3,7,Ligeramente antes
hot,49.9,1,Mucho antes
cold,3.6,3,Mucho antes
hot,3.6,1,Mucho antes
foggy,296.5,15,Mucho antes
foggy,167.6,6,Mucho antes
hot,152.5,7,Ligeramente antes
clear,57.8,3,Ligeramente antes
rainy,92.4,6,Mucho antes
clear,182.8,6,Mucho antes
stormy,45.5,4,Mucho antes
cold,150.6,7,Mucho antes
stormy,5.9,5,Mucho antes
clear,223.3,6,Mucho antes
foggy,60.9,4,Mucho antes
stormy,293.7,9,Ligeramente tarde
foggy,288.6,9,Mucho antes
foggy,28.7,3,Mucho antes
cold,143.8,7,Ligeramente antes
rainy,86.4,5,Mucho antes
foggy,165.9,7,Ligeramente antes
foggy,172.0,7,Ligeramente antes
clear,227.6,4,Mucho antes
cold,192.5,8,Mucho antes
foggy,52.1,4,Ligeramente tarde
foggy,158.6,6,Mucho antes
cold,281.5,9,Mucho antes
rainy,10.8,3,Mucho antes
rainy,14.0,6,Mucho tarde
cold,74.8,2,Ligeramente antes
rainy,229.4,10,Mucho antes
foggy,297.1,14,Mucho tarde
rainy,55.2,3,Ligeramente antes
rainy,88.0,4,Mucho antes
foggy,258.8,10,Mucho antes
rainy,195.9,11,Mucho tarde
foggy,94.1,5,Ligeramente tarde
hot,209.9,6,Mucho antes
foggy,54.6,3,Mucho antes
rainy,213.6,10,Mucho antes
rainy,33.8,6,Mucho tarde
foggy,172.3,7,Mucho antes
foggy,147.2,6,Mucho antes
foggy,131.6,7,Mucho tarde
foggy,164.4,6,Mucho antes
stormy,296.6,13,Mucho antes
foggy,160.9,8,Ligeramente antes
rainy,46.7,6,Mucho antes
stormy,58.1,7,Mucho antes
stormy,72.9,9,Mucho tarde
hot,219.6,7,Mucho antes
hot,56.3,5,Ligeramente tarde
hot,62.9,1,Mucho antes
hot,293.4,12,Mucho antes
rainy,227.3,8,Ligeramente tarde
clear,114.7,4,Mucho antes
stormy,175.8,10,Mucho antes
rainy,140.4,8,Mucho tarde
rainy,185.5,12,Mucho antes
stormy,286.2,13,Mucho antes
stormy,235.9,12,Mucho antes
rainy,157.4,5,Mucho antes
cold,44.8,2,Mucho antes
clear,19.9,3,Mucho antes
cold,146.6,2,Mucho antes
hot,20.7,3,Mucho antes
stormy,294.0,13,Mucho tarde
foggy,152.1,10,Mucho antes
rainy,49.4,2,Mucho antes
stormy,70.9,9,Ligeramente tarde
clear,69.0,1,Mucho antes
hot,154.3,5,Mucho antes
foggy,132.6,8,Ligeramente antes
stormy,188.6,11,Mucho antes
foggy,121.1,7,Mucho antes
clear,202.9,6,Mucho antes
hot,113.5,3,Mucho antes
hot,92.8,3,Mucho antes
clear,13.1,1,Mucho antes
foggy,238.8,7,Ligeramente antes
clear,151.2,4,Mucho antes
foggy,60.3,6,Mucho tarde
hot,138.0,5,Ligeramente tarde
stormy,99.5,8,Mucho antes
stormy,65.5,8,Mucho tarde
stormy,199.8,11,Mucho tarde
foggy,139.8,5,Ligeramente tarde
foggy,129.8,3,Mucho antes
hot,140.9,7,Mucho antes
hot,196.0,10,Mucho tarde
foggy,239.7,8,Mucho antes
hot,139.3,6,Mucho antes
hot,163.2,4,Mucho antes
foggy,194.0,7,Ligeramente antes
cold,53.3,1,Mucho antes
clear,231.6,10,Mucho tarde
hot,10.9,1,Mucho antes
stormy,72.0,5,Mucho antes
cold,295.5,6,Mucho antes
rainy,187.7,9,Mucho antes
clear,127.2,3,Ligeramente antes
clear,221.1,7,Ligeramente tarde
clear,117.7,2,Mucho antes
stormy,109.1,7,Mucho antes
hot,225.4,5,Mucho antes
hot,140.8,3,Mucho antes
hot,141.8,3,Mucho antes
rainy,34.3,5,Mucho antes
foggy,247.7,7,Ligeramente antes
clear,104.5,4,Ligeramente antes
stormy,169.9,9,Mucho antes
hot,123.5,3,Mucho antes
rainy,182.9,10,Mucho antes
stormy,158.6,9,Mucho tarde
foggy,287.6,8,Mucho antes
cold,287.4,10,Ligeramente tarde
clear,52.0,3,Mucho antes
hot,268.1,8,Ligeramente antes
clear,132.1,3,Ligeramente antes
foggy,141.0,6,Mucho antes
stormy,221.8,11,Mucho tarde
foggy,152.5,6,Mucho antes
stormy,216.2,11,Mucho tarde
stormy,126.3,5,Mucho antes
hot,217.4,7,Mucho antes
clear,147.9,3,Ligeramente antes
foggy,34.5,5,Mucho antes
stormy,180.0,8,Mucho antes
hot,202.9,7,Mucho antes
stormy,74.9,6,Mucho antes
foggy,200.2,11,Mucho tarde
hot,297.1,10,Mucho antes
rainy,145.4,7,Mucho antes
hot,94.4,4,Mucho antes
stormy,51.9,7,Mucho tarde
hot,60.0,1,Mucho antes
stormy,68.8,7,Mucho antes
hot,109.0,4,Ligeramente antes
hot,8.6,0,Mucho antes
stormy,143.7,11,Mucho antes
foggy,265.9,14,Mucho tarde
foggy,140.4,7,Ligeramente antes
cold,153.3,6,Mucho antes
stormy,171.9,11,Mucho antes
foggy,292.5,8,Mucho antes
rainy,88.0,6,Mucho antes
clear,287.8,8,Ligeramente tarde
rainy,229.1,11,Mucho antes
stormy,133.5,7,Mucho antes
clear,252.8,5,Mucho antes
hot,286.7,9,Ligeramente tarde
foggy,282.0,10,Mucho antes
foggy,136.0,10,Mucho antes
stormy,272.9,11,Mucho tarde
rainy,211.5,11,Mucho antes
stormy,24.3,8,Mucho antes
stormy,12.0,5,Mucho antes
rainy,120.4,8,Ligeramente antes
hot,193.8,6,Ligeramente tarde
rainy,268.4,11,Mucho antes
stormy,12.2,4,Mucho antes
clear,81.8,2,Mucho antes
foggy,224.5,7,Ligeramente antes
foggy,109.6,6,Mucho antes
foggy,181.3,7,Ligeramente antes
cold,120.1,5,Mucho antes
hot,63.0,2,Mucho antes
hot,19.1,2,Mucho antes
rainy,161.7,12,Mucho antes
foggy,56.5,4,Mucho antes
foggy,21.7,2,Ligeramente antes
hot,93.5,2,Mucho antes
stormy,277.9,12,Mucho tarde
clear,168.5,9,Mucho tarde
foggy,72.8,5,Mucho antes
stormy,186.1,7,Ligeramente tarde
foggy,231.4,8,Ligeramente antes
clear,255.2,7,Ligeramente antes
clear,297.1,9,Mucho antes
cold,185.6,5,Mucho antes
stormy,130.3,9,Mucho antes
clear,204.1,5,Mucho antes
cold,33.9,3,Mucho antes
cold,221.5,6,Mucho antes
cold,84.3,3,Mucho antes
stormy,200.2,10,Ligeramente tarde
hot,140.3,3,Mucho antes
cold,76.7,1,Mucho antes
foggy,231.1,10,Mucho antes
cold,263.3,7,Ligeramente antes
hot,171.6,5,Mucho antes
stormy,251.7,10,Ligeramente tarde
cold,252.1,11,Mucho antes
foggy,73.6,6,Mucho antes
rainy,183.4,8,Mucho tarde
cold,297.1,6,Mucho antes
foggy,35.3,4,Mucho antes
hot,194.3,5,Ligeramente antes
cold,110.7,5,Mucho antes
clear,117.0,5,Mucho antes
hot,19.1,2,Ligeramente antes
hot,85.0,2,Mucho antes
cold,256.6,8,Ligeramente antes
rainy,18.8,5,Mucho tarde
cold,92.7,1,Mucho antes
clear,296.0,12,Mucho tarde
rainy,44.5,4,Mucho antes
stormy,228.9,9,Ligeramente tarde
stormy,297.1,13,Mucho tarde
cold,267.0,8,Mucho antes
clear,256.7,10,Ligeramente tarde
cold,297.1,13,Mucho antes
stormy,82.4,7,Mucho antes
hot,288.2,7,Ligeramente antes
clear,162.7,3,Mucho antes
rainy,32.8,5,Mucho antes
foggy,259.8,13,Mucho tarde
stormy,40.1,4,Mucho antes
stormy,53.9,5,Mucho antes
clear,3.6,2,Mucho antes
hot,114.0,3,Mucho antes
rainy,125.5,8,Ligeramente antes
rainy,78.5,3,Mucho antes
clear,246.2,9,Mucho antes
cold,264.5,11,Mucho antes
hot,89.1,5,Ligeramente tarde
clear,156.4,6,Mucho antes
clear,282.6,6,Mucho antes
stormy,55.0,5,Mucho antes
stormy,66.4,9,Mucho tarde
cold,113.5,6,Mucho antes
cold,73.3,2,Mucho antes
cold,12.0,2,Ligeramente antes
cold,269.7,8,Ligeramente antes
stormy,16.7,7,Mucho antes
cold,110.2,4,Ligeramente antes
clear,29.5,3,Mucho antes
stormy,105.0,9,Mucho tarde
clear,33.4,1,Mucho antes
hot,34.3,2,Mucho antes
hot,192.7,6,Mucho antes
cold,133.4,5,Mucho antes
clear,82.6,3,Ligeramente antes
hot,286.5,9,Mucho antes
clear,291.2,10,Mucho tarde
clear,184.2,4,Mucho antes
foggy,62.0,3,Mucho antes
cold,279.3,7,Mucho antes
rainy,110.5,6,Mucho antes
rainy,145.8,6,Ligeramente tarde
hot,221.6,6,Mucho antes
cold,222.8,6,Mucho antes
stormy,138.3,9,Mucho tarde
foggy,162.0,5,Ligeramente antes
cold,291.9,6,Mucho antes
stormy,149.1,10,Mucho antes
foggy,212.2,7,Ligeramente antes
rainy,64.5,6,Mucho antes
cold,186.2,9,Mucho antes
foggy,54.3,3,Mucho antes
cold,110.5,4,Mucho antes
rainy,135.1,5,Mucho antes
stormy,201.7,8,Mucho antes
foggy,25.4,1,Mucho antes
rainy,31.0,3,Mucho antes
cold,16.6,2,Ligeramente antes
clear,115.0,4,Mucho antes
clear,61.2,3,Mucho antes
cold,231.1,7,Mucho antes
rainy,247.7,11,Mucho tarde
stormy,74.2,8,Mucho tarde
clear,184.9,5,Ligeramente antes
rainy,147.4,8,Mucho tarde
cold,61.0,2,Ligeramente antes
foggy,191.2,6,Mucho antes
cold,221.4,5,Mucho antes
cold,251.4,7,Mucho antes
cold,91.3,3,Mucho antes
cold,47.1,2,Mucho antes
foggy,279.6,8,Ligeramente antes
rainy,279.4,11,Mucho tarde
hot,86.5,2,Ligeramente antes
stormy,17.8,7,Mucho antes
clear,212.9,8,Mucho antes
hot,110.1,3,Mucho antes
cold,227.8,6,Mucho antes
hot,22.4,1,Ligeramente antes
foggy,138.3,5,Mucho antes
stormy,100.4,7,Ligeramente antes
clear,193.2,6,Mucho antes
hot,213.1,5,Mucho antes
cold,284.7,9,Ligeramente tarde
hot,105.0,3,Mucho antes
foggy,39.6,2,Mucho antes
stormy,288.4,12,Mucho antes
clear,171.5,3,Mucho antes
foggy,280.1,13,Mucho antes
stormy,249.3,11,Mucho antes
hot,147.8,6,Mucho antes
cold,27.5,3,Mucho antes
hot,90.5,3,Mucho antes
clear,210.1,7,Mucho antes
rainy,220.5,11,Mucho tarde
cold,76.2,3,Ligeramente antes
stormy,192.6,8,Mucho tarde
hot,31.7,2,Mucho antes
stormy,64.8,7,Mucho antes
clear,37.6,3,Mucho antes
cold,61.8,4,Mucho antes
cold,50.5,3,Mucho antes
foggy,216.1,7,Ligeramente tarde
rainy,274.7,11,Mucho antes
rainy,290.0,13,Mucho tarde
hot,118.0,2,Mucho antes
rainy,258.0,10,Ligeramente tarde
stormy,28.3,6,Mucho antes
cold,171.1,8,Mucho antes
stormy,182.0,7,Mucho antes
stormy,123.6,10,Ligeramente tarde
foggy,7.7,4,Mucho antes
rainy,99.7,8,Mucho antes
rainy,3.6,6,Mucho antes
foggy,242.7,7,Mucho antes
foggy,297.1,8,Mucho antes
clear,63.2,3,Ligeramente antes
cold,231.7,7,Mucho antes
clear,267.6,12,Mucho antes
rainy,87.2,5,Ligeramente tarde
foggy,194.9,6,Ligeramente tarde
cold,75.5,1,Mucho antes
hot,20.8,1,Mucho antes
clear,173.6,9,Mucho antes
hot,87.9,3,Mucho antes
foggy,258.9,11,Mucho antes
clear,287.5,7,Ligeramente antes
foggy,54.0,4,Ligeramente tarde
hot,45.9,3,Ligeramente tarde
foggy,60.9,3,Mucho antes
hot,140.1,4,Mucho antes
cold,96.1,4,Mucho antes
rainy,192.6,8,Mucho antes
stormy,140.0,8,Mucho antes
clear,7.6,1,Mucho antes
foggy,225.0,9,Ligeramente tarde
hot,106.6,2,Mucho antes
foggy,199.5,8,Ligeramente antes
stormy,252.2,11,Mucho antes
foggy,33.5,4,Mucho antes
foggy,179.1,8,Ligeramente antes
hot,279.7,7,Mucho antes
stormy,41.3,6,Mucho antes
rainy,182.2,10,Mucho tarde
hot,65.7,4,Mucho antes
hot,128.7,4,Mucho antes
clear,219.5,8,Mucho antes
stormy,252.6,11,Mucho tarde
stormy,277.7,9,Mucho antes
stormy,241.3,10,Mucho antes
rainy,260.8,9,Ligeramente tarde
clear,28.1,2,Ligeramente antes
rainy,210.6,6,Mucho antes
stormy,209.3,9,Mucho antes
hot,26.8,0,Mucho antes
rainy,101.5,6,Mucho antes
stormy,106.6,8,Mucho antes
hot,194.5,5,Mucho antes
cold,163.4,3,Mucho antes
hot,281.2,7,Ligeramente antes
foggy,43.6,6,Mucho tarde
foggy,178.3,7,Mucho antes
stormy,40.6,8,Ligeramente antes
rainy,257.9,6,Mucho antes
clear,115.0,4,Mucho antes
stormy,84.6,8,Mucho antes
cold,85.9,3,Mucho antes
foggy,36.5,5,Mucho antes
stormy,63.4,7,Ligeramente antes
stormy,115.9,5,Ligeramente tarde
cold,11.3,1,Mucho antes
stormy,152.3,9,Mucho antes
stormy,56.3,4,Mucho antes
cold,165.6,6,Mucho antes
clear,41.8,2,Ligeramente antes
clear,77.9,3,Mucho antes
stormy,237.7,11,Mucho antes
cold,297.1,11,Mucho tarde
cold,105.1,5,Mucho antes
foggy,142.3,8,Mucho antes
rainy,132.9,6,Ligeramente tarde
hot,108.1,5,Mucho antes
rainy,78.2,6,Mucho antes
rainy,193.2,10,Ligeramente tarde
stormy,71.4,8,Mucho antes
hot,135.3,3,Ligeramente antes
stormy,119.3,10,Mucho tarde
foggy,224.3,9,Ligeramente tarde
rainy,245.4,11,Mucho antes
cold,7.6,2,Mucho antes
clear,170.3,5,Mucho antes
stormy,35.2,8,Mucho tarde
clear,27.9,1,Ligeramente antes
foggy,102.4,5,Mucho antes
stormy,22.2,5,Mucho tarde
hot,278.9,10,Mucho antes
cold,208.2,6,Mucho antes
cold,194.0,7,Mucho antes
stormy,51.4,8,Mucho antes
stormy,255.4,16,Ligeramente antes
foggy,79.0,6,Mucho antes
rainy,79.8,4,Mucho antes
rainy,267.1,10,Ligeramente tarde
clear,187.9,5,Ligeramente antes
cold,200.7,6,Mucho antes
hot,291.8,6,Mucho antes
cold,120.4,3,Ligeramente antes
rainy,83.0,6,Mucho antes
hot,80.5,2,Ligeramente antes
clear,60.5,2,Mucho antes
stormy,251.2,11,Mucho tarde
foggy,87.2,3,Mucho antes
cold,35.8,1,Ligeramente antes
foggy,232.7,12,Mucho tarde
stormy,289.0,12,Mucho tarde
cold,230.2,4,Mucho antes
foggy,100.4,3,Mucho antes
cold,52.6,1,Mucho antes
rainy,236.3,10,Ligeramente tarde
cold,199.3,7,Mucho antes
clear,59.9,3,Mucho antes
stormy,284.3,10,Ligeramente tarde
foggy,178.0,9,Mucho antes
clear,177.9,7,Mucho antes
foggy,119.5,6,Mucho antes
clear,62.4,2,Mucho antes
rainy,175.6,6,Mucho antes
hot,126.7,4,Mucho antes
stormy,49.9,7,Mucho antes
hot,6.8,2,Mucho antes
hot,265.5,5,Mucho antes
hot,279.6,8,Mucho antes
stormy,31.1,5,Mucho antes
stormy,88.7,6,Mucho antes
hot,217.9,5,Ligeramente antes
cold,194.2,8,Mucho tarde
hot,119.9,4,Mucho antes
foggy,97.6,5,Mucho antes
clear,296.3,13,Mucho tarde
rainy,34.1,6,Mucho antes
cold,246.7,7,Mucho antes
hot,116.1,5,Mucho antes
clear,4.8,1,Mucho antes
foggy,239.8,12,Mucho antes
hot,292.6,11,Mucho tarde
cold,249.1,10,Mucho antes
stormy,187.0,10,Ligeramente tarde
cold,223.8,4,Mucho antes
stormy,84.6,7,Mucho tarde
hot,84.1,5,Mucho antes
cold,257.8,8,Mucho antes
stormy,177.6,7,Mucho antes
hot,134.7,6,Ligeramente tarde
rainy,189.7,12,Mucho antes
clear,115.1,5,Mucho antes
foggy,270.3,10,Ligeramente tarde
stormy,88.3,6,Mucho antes
rainy,48.9,8,Ligeramente antes
foggy,55.0,4,Mucho antes
foggy,277.4,9,Ligeramente tarde
foggy,93.1,6,Mucho tarde
hot,293.2,10,Mucho tarde
clear,13.1,2,Mucho antes
rainy,15.7,6,Mucho tarde
cold,246.3,7,Mucho antes
cold,121.9,4,Mucho antes
rainy,211.5,8,Ligeramente tarde
foggy,178.2,7,Ligeramente tarde
cold,206.5,5,Ligeramente antes
foggy,158.1,7,Mucho antes
hot,211.3,6,Mucho antes
clear,171.4,5,Mucho antes
hot,121.6,2,Mucho antes
stormy,209.7,10,Mucho antes
stormy,37.3,6,Mucho antes
rainy,81.1,7,Ligeramente antes
hot,57.1,1,Mucho antes
rainy,252.2,11,Mucho antes
rainy,187.1,13,Mucho antes
foggy,3.6,2,Ligeramente antes
stormy,247.7,8,Mucho antes
clear,83.3,4,Mucho antes
stormy,4.3,5,Mucho antes
rainy,25.0,4,Mucho antes
foggy,166.7,6,Mucho antes
rainy,55.5,4,Mucho antes
stormy,189.1,8,Mucho tarde
clear,256.8,6,Mucho antes
hot,123.3,4,Mucho antes
rainy,261.5,11,Mucho antes
rainy,64.9,6,Mucho antes
clear,192.7,9,Mucho tarde
cold,267.8,6,Mucho antes
hot,165.4,4,Ligeramente antes
foggy,234.2,7,Ligeramente tarde
rainy,181.9,11,Mucho antes
hot,48.9,1,Ligeramente antes
foggy,275.8,12,Mucho tarde
cold,62.2,1,Mucho antes
hot,235.7,10,Mucho antes
cold,28.9,1,Mucho antes
cold,147.3,4,Mucho antes
stormy,175.1,9,Mucho tarde
clear,202.9,6,Mucho antes
cold,210.9,4,Mucho antes
rainy,17.5,5,Mucho antes
stormy,97.5,7,Mucho antes
hot,200.8,6,Mucho antes
rainy,113.0,8,Mucho antes
hot,134.5,5,Mucho antes
stormy,30.3,6,Mucho tarde
cold,180.5,6,Mucho antes
clear,99.0,3,Mucho antes
rainy,34.9,4,Mucho antes
hot,151.9,3,Mucho antes
cold,121.2,4,Mucho antes
rainy,189.4,9,Mucho antes
hot,69.4,2,Mucho antes
foggy,46.4,3,Mucho antes
cold,103.4,2,Mucho antes
foggy,275.8,7,Mucho antes
cold,65.0,1,Mucho antes
rainy,89.4,4,Mucho antes
cold,235.5,7,Mucho antes
hot,228.2,12,Mucho antes
rainy,119.1,11,Mucho tarde
rainy,243.7,7,Mucho antes
clear,224.5,5,Ligeramente antes
cold,86.1,4,Mucho antes
clear,186.6,4,Ligeramente antes
clear,79.1,3,Mucho antes
stormy,156.8,11,Mucho antes
foggy,133.6,8,Mucho antes
hot,143.5,5,Mucho antes
foggy,286.3,12,Mucho tarde
rainy,237.9,8,Ligeramente antes
stormy,185.9,10,Mucho antes
cold,16.4,0,Mucho antes
clear,39.2,2,Mucho antes
rainy,192.3,8,Mucho tarde
cold,275.6,12,Mucho tarde
cold,15.5,1,Ligeramente antes
rainy,296.9,13,Mucho antes
hot,141.8,4,Mucho antes
foggy,115.0,4,Mucho antes
hot,204.9,6,Mucho antes
stormy,296.9,18,Mucho antes
foggy,62.0,4,Mucho antes
clear,288.9,10,Ligeramente tarde
foggy,38.1,3,Mucho antes
stormy,243.3,12,Mucho tarde
hot,211.4,9,Ligeramente tarde
rainy,146.8,4,Ligeramente antes
rainy,164.5,5,Mucho antes
hot,293.1,11,Mucho tarde
rainy,229.9,10,Mucho antes
rainy,296.9,13,Mucho antes
foggy,35.0,1,Mucho antes
stormy,119.7,5,Mucho antes
rainy,75.4,5,Mucho antes
foggy,98.5,4,Mucho antes
cold,290.1,9,Mucho antes
cold,166.6,4,Mucho antes
foggy,250.3,6,Mucho antes
foggy,3.8,3,Ligeramente tarde
foggy,157.1,8,Mucho antes
stormy,287.0,11,Mucho tarde
foggy,103.1,7,Ligeramente antes
stormy,148.7,9,Ligeramente tarde
stormy,90.6,6,Mucho antes
clear,213.7,8,Ligeramente antes
stormy,3.7,3,Ligeramente tarde
stormy,171.6,9,Mucho tarde
cold,34.4,1,Mucho antes
foggy,136.4,5,Mucho antes
foggy,151.8,5,Ligeramente antes
rainy,122.9,9,Mucho antes
clear,16.1,0,Mucho antes
stormy,167.8,8,Ligeramente antes
foggy,75.9,5,Mucho antes
stormy,132.9,9,Mucho antes
rainy,28.1,1,Mucho antes
clear,49.8,2,Ligeramente antes
cold,185.1,5,Mucho antes
stormy,297.1,13,Mucho antes
stormy,294.3,11,Mucho antes
foggy,35.3,3,Mucho antes
clear,174.4,4,Ligeramente antes
cold,271.2,7,Mucho antes
stormy,120.3,11,Mucho tarde
stormy,241.4,9,Mucho tarde
cold,43.6,2,Mucho antes
rainy,295.8,14,Mucho antes
rainy,193.3,8,Mucho antes
hot,185.6,5,Mucho antes
cold,174.7,7,Mucho antes
foggy,270.9,9,Mucho antes
clear,93.3,2,Ligeramente antes
cold,64.9,4,Mucho antes
clear,160.7,4,Ligeramente antes
foggy,295.4,7,Ligeramente antes
foggy,294.9,7,Mucho antes
rainy,28.4,4,Mucho antes
cold,15.3,0,Mucho antes
foggy,242.7,13,Mucho tarde
stormy,193.2,11,Mucho tarde
clear,187.9,9,Mucho antes
hot,210.1,8,Ligeramente tarde
foggy,10.4,2,Ligeramente antes
clear,123.7,4,Ligeramente antes
stormy,144.4,9,Mucho antes
stormy,198.0,11,Mucho antes
stormy,174.5,10,Ligeramente tarde
hot,226.9,8,Mucho antes
foggy,163.3,7,Mucho antes
rainy,190.1,11,Mucho antes
clear,3.6,0,Mucho antes
cold,191.4,4,Mucho antes
rainy,153.9,9,Ligeramente tarde
cold,124.6,3,Mucho antes
stormy,209.3,10,Mucho antes
cold,3.6,2,Mucho antes
stormy,231.0,12,Mucho tarde
cold,266.1,11,Mucho antes
cold,34.8,2,Mucho antes
clear,107.0,5,Mucho antes
clear,260.7,6,Ligeramente antes
clear,19.6,0,Mucho antes
stormy,68.9,5,Mucho antes
clear,241.9,7,Mucho antes
rainy,107.8,3,Mucho antes
rainy,102.4,7,Ligeramente antes
cold,120.1,5,Ligeramente tarde
rainy,290.1,7,Mucho antes
hot,18.3,1,Ligeramente antes
foggy,110.8,5,Ligeramente tarde
rainy,109.2,8,Mucho antes
clear,293.8,7,Mucho antes
stormy,87.1,9,Ligeramente tarde
stormy,283.3,8,Mucho antes
cold,121.6,7,Mucho antes
cold,137.5,5,Mucho antes
clear,203.4,4,Mucho antes
stormy,144.6,9,Mucho antes
rainy,65.8,6,Mucho tarde
stormy,252.0,11,Mucho tarde
foggy,85.4,4,Mucho antes
foggy,257.3,12,Mucho tarde
rainy,290.5,14,Mucho antes
foggy,160.6,4,Ligeramente antes
clear,53.2,2,Ligeramente antes
foggy,49.6,4,Mucho antes
rainy,255.7,14,Mucho antes
rainy,85.8,6,Mucho antes
rainy,148.7,9,Mucho tarde
hot,235.4,7,Ligeramente tarde
hot,17.6,1,Ligeramente antes
cold,130.6,7,Mucho antes
cold,201.5,5,Mucho antes
rainy,172.9,9,Mucho antes
rainy,122.6,7,Ligeramente antes
cold,106.5,5,Mucho antes
hot,24.8,1,Mucho antes
stormy,182.0,9,Ligeramente tarde
foggy,18.4,3,Ligeramente tarde
rainy,156.9,12,Mucho tarde
clear,41.0,0,Mucho antes
cold,12.9,2,Mucho antes
stormy,146.7,7,Mucho antes
clear,92.5,2,Mucho antes
foggy,147.0,7,Mucho antes
hot,50.0,3,Ligeramente antes
rainy,290.0,12,Mucho antes
cold,5.2,3,Mucho antes
foggy,41.6,2,Mucho antes
hot,213.6,7,Mucho antes
stormy,279.1,10,Mucho tarde
hot,14.7,1,Mucho antes
foggy,7.7,3,Mucho antes
hot,168.0,5,Mucho antes
foggy,132.8,4,Mucho antes
rainy,62.1,3,Mucho antes
clear,40.6,1,Mucho antes
foggy,256.1,11,Mucho antes
stormy,38.1,8,Ligeramente antes
stormy,208.9,10,Ligeramente tarde
cold,248.3,9,Ligeramente tarde
cold,7.7,2,Mucho antes
foggy,223.6,6,Mucho antes
clear,205.3,6,Mucho antes
stormy,163.4,8,Mucho antes
cold,24.7,2,Mucho antes
stormy,272.5,9,Mucho antes
stormy,272.6,12,Mucho tarde
foggy,103.1,3,Ligeramente antes
cold,101.5,3,Mucho antes
hot,164.6,6,Ligeramente tarde
cold,262.8,7,Ligeramente antes
clear,279.7,6,Mucho antes
rainy,75.6,6,Mucho tarde
clear,167.3,7,Mucho antes
stormy,110.0,10,Mucho tarde
clear,66.2,2,Mucho antes
cold,3.6,0,Mucho antes
cold,88.7,2,Mucho antes
hot,99.1,2,Ligeramente antes
clear,196.7,6,Mucho antes
stormy,193.5,12,Mucho antes
hot,293.6,13,Mucho tarde
foggy,199.3,11,Mucho tarde
clear,46.8,3,Mucho antes
hot,177.3,6,Mucho antes
foggy,50.5,4,Mucho antes
cold,47.0,3,Ligeramente tarde
stormy,278.2,13,Mucho tarde
foggy,54.4,4,Ligeramente tarde
hot,143.7,5,Ligeramente tarde
hot,272.3,9,Mucho antes
clear,182.5,8,Mucho antes
rainy,138.4,9,Ligeramente tarde
stormy,101.2,10,Mucho antes
cold,38.6,2,Ligeramente antes
cold,257.8,7,Ligeramente antes
clear,241.1,6,Mucho antes
cold,275.6,10,Ligeramente tarde
foggy,232.6,9,Ligeramente tarde
cold,147.5,4,Ligeramente antes
rainy,58.9,7,Mucho antes
cold,264.4,8,Mucho antes
stormy,62.1,6,Mucho tarde
foggy,141.0,7,Ligeramente antes
foggy,197.9,9,Mucho antes
rainy,254.7,13,Mucho tarde
cold,253.3,5,Mucho antes
foggy,110.0,6,Mucho antes
stormy,37.4,7,Mucho antes
rainy,147.4,7,Mucho antes
rainy,262.0,12,Mucho antes
cold,87.5,2,Mucho antes
clear,161.9,4,Ligeramente antes
foggy,48.2,5,Mucho antes
stormy,223.2,9,Mucho tarde
rainy,182.5,7,Ligeramente antes
stormy,222.2,7,Ligeramente tarde
cold,87.7,4,Mucho antes
foggy,203.3,9,Mucho tarde
rainy,52.1,7,Mucho tarde
rainy,126.3,6,Mucho antes
foggy,252.5,7,Ligeramente antes
cold,153.9,6,Ligeramente tarde
foggy,269.9,8,Ligeramente antes
hot,245.3,6,Mucho antes
cold,158.7,5,Mucho antes
clear,102.7,4,Mucho antes
foggy,224.5,8,Ligeramente tarde
cold,225.4,7,Ligeramente tarde
foggy,156.2,9,Mucho antes
rainy,42.1,4,Mucho antes
clear,96.7,5,Ligeramente tarde
clear,144.2,5,Mucho antes
stormy,283.2,14,Mucho tarde
hot,232.4,9,Ligeramente tarde
stormy,233.4,10,Mucho tarde
stormy,62.1,7,Mucho antes
rainy,47.3,6,Mucho antes
stormy,291.6,11,Mucho antes
stormy,87.0,10,Mucho antes
rainy,196.9,10,Mucho antes
foggy,226.2,8,Ligeramente tarde
stormy,157.3,11,Mucho antes
clear,23.3,3,Mucho antes
stormy,101.4,8,Mucho tarde
clear,279.5,13,Mucho tarde
foggy,167.8,7,Ligeramente antes
clear,285.3,5,Mucho antes
rainy,49.4,6,Mucho antes
foggy,21.3,3,Mucho antes
clear,198.2,6,Mucho antes
hot,84.2,4,Mucho antes
cold,172.0,3,Mucho antes
rainy,110.5,5,Mucho antes
stormy,75.5,9,Mucho antes
stormy,27.4,5,Mucho antes
foggy,166.1,9,Mucho antes
cold,17.1,2,Mucho antes
cold,215.7,7,Mucho antes
stormy,79.6,6,Mucho tarde
hot,43.3,1,Mucho antes
cold,249.2,7,Ligeramente tarde
cold,270.6,7,Ligeramente antes
rainy,38.9,6,Mucho antes
cold,285.5,5,Mucho antes
stormy,141.3,10,Mucho antes
cold,36.7,2,Mucho antes
stormy,111.4,7,Mucho antes
cold,165.3,5,Mucho antes
rainy,79.5,5,Ligeramente tarde
hot,234.5,9,Mucho tarde
foggy,36.1,5,Mucho tarde
clear,265.5,8,Mucho antes
stormy,125.8,11,Mucho tarde
stormy,293.1,14,Mucho antes
clear,134.9,6,Mucho antes
clear,5.9,2,Mucho antes
stormy,117.6,7,Mucho antes
cold,118.8,2,Mucho antes
stormy,108.2,7,Mucho tarde
foggy,226.1,7,Ligeramente tarde
foggy,176.0,6,Mucho antes
hot,271.7,7,Mucho antes
foggy,188.0,8,Ligeramente antes
stormy,175.8,12,Mucho antes
cold,82.3,5,Mucho antes
hot,198.8,7,Ligeramente tarde
cold,210.6,8,Mucho antes
hot,14.3,1,Mucho antes
foggy,16.5,1,Mucho antes
clear,63.8,2,Mucho antes
foggy,175.6,6,Mucho antes
foggy,191.1,8,Mucho tarde
foggy,107.5,7,Ligeramente antes
cold,74.1,4,Mucho antes
stormy,50.3,6,Mucho antes
clear,91.2,2,Mucho antes
rainy,136.6,12,Mucho antes
rainy,180.3,10,Ligeramente tarde
foggy,261.4,11,Mucho tarde
cold,190.7,9,Mucho tarde
clear,164.3,6,Ligeramente tarde
hot,104.4,3,Mucho antes
clear,129.9,5,Ligeramente tarde
clear,193.8,4,Ligeramente antes
rainy,191.5,7,Ligeramente tarde
foggy,64.2,5,Mucho antes
clear,243.2,7,Mucho antes
clear,249.1,6,Mucho antes
rainy,294.5,10,Ligeramente tarde
hot,268.3,5,Mucho antes
foggy,31.4,3,Mucho antes
clear,131.1,2,Mucho antes
clear,18.2,0,Mucho antes
clear,230.9,11,Mucho antes
cold,261.9,9,Mucho antes
foggy,147.3,7,Ligeramente antes
clear,56.6,1,Mucho antes
clear,138.4,3,Ligeramente antes
cold,40.2,3,Ligeramente tarde
hot,28.0,1,Ligeramente antes
hot,37.6,3,Mucho antes
stormy,31.4,5,Mucho antes
hot,267.9,7,Mucho antes
foggy,10.2,4,Mucho antes
rainy,85.5,6,Mucho antes
foggy,62.5,5,Mucho antes
cold,134.1,2,Mucho antes
foggy,77.3,4,Mucho antes
rainy,75.8,7,Ligeramente antes
stormy,267.9,9,Mucho antes
clear,198.7,8,Ligeramente antes
stormy,89.6,10,Ligeramente tarde
clear,97.1,2,Ligeramente antes
clear,111.4,3,Mucho antes
foggy,119.4,6,Ligeramente tarde
hot,57.2,1,Mucho antes
clear,105.6,2,Mucho antes
clear,262.4,7,Ligeramente antes
hot,216.1,6,Ligeramente antes
cold,12.5,0,Mucho antes
stormy,243.1,9,Mucho antes
foggy,122.5,4,Ligeramente antes
cold,217.6,7,Ligeramente antes
rainy,118.5,7,Mucho antes
stormy,232.9,11,Mucho tarde
clear,199.5,4,Mucho antes
clear,202.0,10,Mucho tarde
foggy,264.6,11,Mucho antes
stormy,247.8,9,Mucho tarde
clear,148.2,7,Mucho antes
clear,198.8,6,Ligeramente tarde
clear,114.3,5,Mucho antes
cold,198.3,4,Mucho antes
rainy,80.7,4,Mucho antes
stormy,172.1,9,Mucho antes
cold,244.5,7,Mucho antes
foggy,152.0,5,Mucho antes
clear,205.0,6,Mucho antes
stormy,87.0,6,Mucho antes
rainy,246.0,8,Ligeramente tarde
hot,142.3,4,Ligeramente antes
cold,119.6,4,Mucho antes
cold,10.0,0,Mucho antes
foggy,30.7,3,Mucho antes
stormy,38.2,9,Ligeramente tarde
foggy,146.2,9,Mucho antes
hot,24.1,0,Mucho antes
rainy,186.5,12,Mucho tarde
foggy,47.8,2,Mucho antes
clear,187.2,6,Mucho antes
rainy,154.3,8,Mucho antes
rainy,86.0,6,Mucho antes
foggy,139.8,5,Mucho antes
clear,138.8,5,Ligeramente tarde
stormy,40.5,4,Mucho antes
cold,139.5,4,Mucho antes
cold,192.7,7,Mucho antes
hot,208.5,6,Mucho antes
stormy,267.9,12,Mucho tarde
rainy,217.1,9,Ligeramente tarde
cold,160.6,6,Ligeramente tarde
stormy,90.4,6,Mucho tarde
hot,140.5,7,Mucho antes
clear,292.6,7,Mucho antes
stormy,283.5,16,Ligeramente antes
rainy,221.5,9,Mucho antes
clear,10.9,1,Mucho antes
cold,20.3,0,Mucho antes
stormy,292.5,10,Mucho antes
clear,243.3,7,Ligeramente tarde
clear,147.0,5,Ligeramente tarde
hot,120.7,5,Ligeramente tarde
stormy,55.7,9,Mucho tarde
clear,156.2,5,Mucho antes
stormy,195.6,11,Mucho tarde
cold,39.4,3,Mucho antes
stormy,142.5,8,Mucho antes
cold,107.4,5,Ligeramente tarde
cold,266.5,8,Mucho antes
cold,213.7,4,Mucho antes
foggy,271.0,8,Ligeramente antes
cold,107.8,3,Mucho antes
foggy,49.6,5,Mucho antes
foggy,249.3,12,Mucho antes
stormy,127.7,6,Mucho antes
cold,172.3,3,Mucho antes
foggy,216.8,7,Ligeramente tarde
foggy,187.0,10,Mucho antes
rainy,241.0,14,Mucho tarde
foggy,53.7,5,Mucho antes
clear,27.1,3,Ligeramente tarde
cold,101.8,5,Ligeramente tarde
cold,158.5,5,Mucho antes
cold,226.9,5,Mucho antes
clear,237.4,5,Mucho antes
clear,170.8,8,Mucho tarde
cold,232.1,5,Mucho antes
hot,172.2,5,Mucho antes
rainy,73.9,8,Mucho antes
foggy,224.6,9,Ligeramente tarde
hot,179.4,5,Mucho antes
foggy,170.7,9,Mucho tarde
hot,242.9,10,Mucho antes
hot,12.4,2,Mucho antes
foggy,70.3,5,Mucho antes
clear,206.1,6,Mucho antes
foggy,66.4,3,Ligeramente antes
cold,58.6,2,Mucho antes
stormy,285.4,12,Mucho antes
clear,279.6,5,Mucho antes
clear,141.3,3,Mucho antes
cold,31.8,1,Mucho antes
clear,235.8,6,Ligeramente antes
clear,235.3,6,Mucho antes
hot,108.3,3,Mucho antes
clear,227.3,6,Mucho antes
stormy,27.6,5,Mucho antes
clear,137.1,3,Mucho antes
cold,15.6,3,Mucho antes
rainy,264.6,8,Ligeramente antes
rainy,105.4,8,Mucho antes
rainy,51.6,7,Mucho tarde
foggy,44.5,2,Ligeramente antes
rainy,33.1,5,Mucho antes
stormy,33.5,9,Mucho antes
foggy,142.7,8,Mucho antes
hot,52.5,3,Mucho antes
stormy,229.0,11,Mucho tarde
foggy,153.3,7,Ligeramente antes
hot,261.7,7,Ligeramente antes
clear,247.5,6,Mucho antes
cold,221.6,7,Ligeramente tarde
clear,52.2,3,Mucho antes
stormy,139.0,11,Mucho tarde
clear,275.2,5,Mucho antes
stormy,229.5,12,Mucho antes
foggy,163.8,4,Mucho antes
clear,164.9,6,Mucho antes
rainy,104.2,6,Mucho antes
foggy,254.2,5,Mucho antes
clear,270.2,6,Mucho antes
foggy,205.4,7,Mucho antes
stormy,297.1,15,Mucho antes
rainy,235.0,10,Mucho tarde
foggy,247.0,9,Mucho antes
foggy,151.5,5,Mucho antes
stormy,141.5,12,Mucho antes
stormy,110.5,10,Mucho antes
cold,147.2,6,Mucho antes
hot,179.9,6,Ligeramente tarde
foggy,162.8,6,Ligeramente tarde
cold,61.8,2,Mucho antes
rainy,132.5,6,Mucho antes
hot,149.7,5,Ligeramente tarde
rainy,162.7,8,Mucho tarde
foggy,17.6,2,Mucho antes
clear,219.1,9,Mucho tarde
cold,290.5,8,Ligeramente tarde
rainy,57.3,5,Mucho antes
clear,260.3,10,Mucho antes
cold,62.2,3,Mucho antes
cold,16.8,0,Mucho antes
clear,223.7,5,Ligeramente antes
cold,258.4,5,Mucho antes
rainy,253.4,9,Mucho antes
hot,27.3,1,Mucho antes
clear,3.6,1,Mucho antes
clear,266.2,4,Mucho antes
clear,78.1,3,Mucho antes
hot,65.5,1,Mucho antes
foggy,253.8,8,Ligeramente tarde
rainy,88.6,8,Mucho antes
hot,148.3,5,Mucho antes
foggy,277.7,5,Mucho antes
clear,208.4,7,Mucho antes
hot,131.2,5,Mucho antes
hot,151.2,5,Mucho antes
hot,99.3,2,Mucho antes
clear,257.3,7,Mucho antes
rainy,166.5,6,Mucho antes
hot,246.0,8,Mucho antes
hot,297.1,9,Ligeramente tarde
cold,141.9,6,Mucho antes
hot,7.5,1,Ligeramente antes
rainy,267.1,8,Ligeramente tarde
stormy,73.1,8,Mucho tarde
foggy,77.7,5,Ligeramente tarde
foggy,102.0,5,Ligeramente tarde
stormy,290.5,15,Mucho tarde
cold,193.9,4,Ligeramente antes
rainy,222.0,10,Mucho antes
stormy,41.9,8,Ligeramente antes
clear,113.5,3,Mucho antes
stormy,73.3,9,Mucho antes
clear,6.4,2,Ligeramente antes
cold,197.1,4,Mucho antes
foggy,4.2,5,Mucho antes
rainy,261.0,8,Ligeramente antes
rainy,197.6,8,Mucho antes
rainy,160.2,6,Mucho antes
stormy,134.4,7,Mucho antes
foggy,131.5,5,Ligeramente tarde
clear,94.7,3,Mucho antes
rainy,201.5,6,Mucho antes
hot,182.7,4,Mucho antes
rainy,95.0,4,Mucho antes
clear,285.4,7,Ligeramente antes
stormy,115.0,8,Mucho tarde
clear,217.6,7,Mucho antes
stormy,134.5,8,Mucho antes
rainy,34.4,5,Mucho antes
stormy,272.7,9,Ligeramente tarde
hot,239.2,5,Mucho antes
foggy,54.0,4,Mucho antes
clear,130.7,2,Mucho antes
hot,255.9,6,Mucho antes
hot,220.8,6,Ligeramente antes
rainy,197.1,10,Mucho antes
stormy,245.0,10,Mucho antes
clear,95.9,5,Mucho antes
rainy,254.2,13,Mucho tarde
cold,272.2,6,Mucho antes
clear,18.4,1,Mucho antes
foggy,274.3,11,Mucho tarde
cold,289.5,7,Ligeramente antes
foggy,116.5,4,Mucho antes
rainy,267.1,13,Mucho antes
hot,17.3,2,Mucho antes
stormy,210.0,12,Mucho antes
foggy,141.0,4,Ligeramente antes
hot,146.6,5,Ligeramente tarde
hot,274.3,6,Mucho antes
stormy,187.5,9,Mucho antes
rainy,268.6,10,Ligeramente tarde
stormy,55.1,6,Mucho tarde
hot,215.1,6,Mucho antes
rainy,71.1,7,Mucho antes
clear,49.2,3,Mucho antes
stormy,260.7,10,Ligeramente tarde
foggy,177.8,11,Mucho tarde
hot,43.7,3,Mucho antes
stormy,162.9,7,Ligeramente antes
hot,194.7,5,Mucho antes
foggy,269.3,6,Ligeramente antes
rainy,58.0,6,Mucho antes
stormy,57.0,6,Mucho antes
hot,216.3,5,Ligeramente antes
rainy,121.1,8,Mucho antes
hot,214.4,5,Mucho antes
cold,60.6,2,Mucho antes
foggy,191.7,10,Mucho antes
rainy,61.6,7,Mucho tarde
foggy,126.2,6,Mucho antes
foggy,272.0,9,Ligeramente tarde
stormy,67.6,6,Mucho antes
hot,66.4,1,Mucho antes
hot,210.8,7,Mucho antes
hot,72.8,1,Mucho antes
stormy,167.6,9,Mucho antes
hot,173.9,5,Mucho antes
cold,259.3,5,Mucho antes
rainy,16.9,1,Ligeramente antes
hot,279.3,8,Mucho antes
rainy,202.7,10,Ligeramente tarde
cold,257.6,7,Mucho antes
stormy,134.9,7,Mucho antes
cold,43.5,1,Mucho antes
cold,259.0,7,Mucho antes
clear,124.3,5,Ligeramente tarde
stormy,164.4,9,Mucho antes
foggy,119.4,6,Ligeramente tarde
rainy,23.8,4,Mucho antes
foggy,66.9,5,Mucho antes
stormy,286.3,13,Mucho antes
hot,179.2,4,Mucho antes
clear,153.4,7,Mucho antes
stormy,12.6,5,Mucho tarde
stormy,263.1,7,Mucho antes
cold,295.2,8,Ligeramente tarde
rainy,20.1,6,Mucho antes
stormy,221.1,9,Mucho antes
hot,287.9,6,Mucho antes
stormy,279.1,14,Mucho tarde
rainy,196.5,13,Mucho antes
cold,163.3,5,Ligeramente antes
clear,21.7,1,Mucho antes
hot,163.4,5,Ligeramente antes
cold,261.3,5,Mucho antes
clear,46.5,2,Mucho antes
stormy,46.8,4,Mucho antes
foggy,243.8,9,Mucho tarde
hot,290.8,9,Ligeramente tarde
cold,25.9,3,Mucho antes
rainy,46.5,4,Mucho antes
hot,120.5,4,Mucho antes
cold,281.2,10,Mucho tarde
clear,27.6,1,Ligeramente antes
hot,12.3,1,Mucho antes
clear,277.4,9,Ligeramente tarde
rainy,129.5,9,Ligeramente tarde
hot,173.0,3,Mucho antes
cold,106.4,3,Ligeramente antes
hot,190.2,6,Mucho antes
rainy,159.9,10,Ligeramente tarde
hot,6.3,1,Mucho antes
rainy,54.2,5,Mucho antes
rainy,17.2,4,Mucho antes
hot,32.6,2,Mucho antes
hot,49.2,1,Ligeramente antes
hot,272.6,8,Mucho antes
cold,63.4,2,Mucho antes
rainy,297.1,11,Mucho tarde
stormy,271.0,11,Mucho tarde
stormy,128.3,7,Ligeramente antes
stormy,23.3,6,Mucho tarde
cold,289.3,9,Ligeramente tarde
rainy,224.7,12,Mucho tarde
rainy,97.4,8,Mucho antes
rainy,82.1,6,Mucho antes
clear,265.9,12,Mucho antes
clear,234.8,8,Mucho antes
rainy,63.5,5,Ligeramente tarde
rainy,63.8,6,Mucho antes
cold,240.2,6,Mucho antes
clear,260.3,8,Mucho antes
rainy,158.3,7,Ligeramente tarde
stormy,46.9,5,Mucho antes
stormy,74.3,6,Mucho antes
clear,196.0,7,Mucho antes
stormy,52.6,8,Mucho tarde
cold,10.8,1,Mucho antes
rainy,90.7,7,Ligeramente antes
cold,193.3,6,Mucho antes
cold,147.6,5,Ligeramente tarde
rainy,287.1,14,Mucho tarde
foggy,41.2,4,Mucho antes
cold,278.4,9,Ligeramente tarde
stormy,142.4,11,Mucho antes
foggy,283.0,9,Ligeramente tarde
foggy,54.8,5,Mucho antes
cold,78.9,2,Mucho antes
clear,109.1,4,Mucho antes
hot,38.2,3,Ligeramente tarde
clear,58.3,2,Mucho antes
clear,123.6,4,Mucho antes
clear,168.0,7,Ligeramente tarde
hot,172.5,6,Ligeramente tarde
cold,3.6,0,Mucho antes
stormy,240.2,11,Mucho tarde
foggy,91.5,6,Mucho antes
hot,221.3,5,Mucho antes
rainy,82.1,4,Ligeramente tarde
hot,86.0,2,Ligeramente antes
stormy,179.1,8,Mucho tarde
hot,6.1,2,Mucho antes
rainy,36.5,8,Mucho antes
stormy,290.5,8,Ligeramente antes
rainy,138.3,10,Mucho antes
cold,248.0,9,Mucho tarde
clear,246.1,7,Ligeramente antes
hot,3.6,0,Mucho antes
stormy,139.1,11,Mucho antes
hot,187.1,5,Mucho antes
clear,238.4,6,Ligeramente antes
clear,289.8,14,Mucho antes
rainy,43.6,4,Ligeramente tarde
cold,211.4,10,Mucho tarde
foggy,132.6,6,Mucho antes
cold,118.8,6,Mucho antes
rainy,3.6,4,Mucho antes
stormy,297.1,13,Mucho antes
foggy,185.8,8,Ligeramente antes
cold,189.2,6,Mucho antes
foggy,280.9,7,Mucho antes
stormy,71.0,5,Mucho antes
rainy,211.5,8,Mucho antes
stormy,138.5,7,Ligeramente antes
stormy,146.9,10,Mucho tarde
cold,235.6,5,Ligeramente antes
stormy,81.4,8,Ligeramente antes
foggy,281.0,7,Ligeramente antes
stormy,146.9,10,Ligeramente tarde
hot,155.4,6,Mucho antes
rainy,118.1,5,Mucho antes
hot,23.8,2,Mucho antes
foggy,166.6,5,Mucho antes
cold,197.3,5,Mucho antes
foggy,16.2,4,Mucho antes
stormy,89.7,8,Ligeramente antes
rainy,249.1,13,Mucho antes
rainy,149.1,8,Ligeramente antes
clear,181.2,4,Mucho antes
hot,110.7,4,Mucho antes
foggy,18.1,5,Mucho antes
clear,168.6,5,Mucho antes
rainy,77.2,8,Mucho antes
stormy,213.3,10,Ligeramente tarde
hot,119.4,4,Mucho antes
hot,153.1,5,Mucho antes
cold,168.9,6,Mucho antes
cold,217.0,4,Mucho antes
foggy,243.8,10,Mucho antes
foggy,31.2,2,Mucho antes
rainy,28.9,3,Mucho antes
hot,49.1,1,Mucho antes
hot,197.7,8,Ligeramente antes
stormy,76.1,8,Mucho antes
hot,232.3,8,Mucho antes
stormy,115.8,10,Ligeramente tarde
hot,126.5,7,Mucho antes
hot,168.0,4,Mucho antes
stormy,185.3,11,Mucho tarde
clear,6.5,2,Mucho antes
stormy,124.8,6,Mucho antes
hot,245.2,8,Ligeramente tarde
cold,183.5,6,Mucho antes
clear,83.2,5,Mucho antes
rainy,279.0,8,Ligeramente tarde
cold,290.6,10,Mucho antes
cold,140.1,6,Mucho antes
clear,104.8,5,Mucho antes
rainy,262.0,9,Mucho antes
cold,85.3,5,Ligeramente tarde
clear,218.6,6,Mucho antes
rainy,206.2,9,Mucho antes
cold,190.6,8,Mucho antes
foggy,49.1,3,Mucho antes
hot,53.6,3,Mucho antes
stormy,116.9,6,Ligeramente tarde
rainy,163.1,10,Ligeramente tarde
foggy,110.0,4,Ligeramente antes
stormy,219.9,9,Mucho tarde
hot,84.0,4,Mucho antes
foggy,182.2,10,Ligeramente tarde
hot,74.4,2,Mucho antes
clear,132.9,3,Mucho antes
foggy,128.1,7,Ligeramente antes
hot,153.4,5,Mucho antes
hot,226.1,6,Mucho antes
hot,103.0,4,Ligeramente antes
foggy,193.8,8,Mucho antes
stormy,269.2,12,Mucho antes
stormy,94.5,7,Mucho antes
clear,154.7,3,Mucho antes
hot,91.3,4,Ligeramente tarde
rainy,249.2,8,Ligeramente tarde
stormy,87.8,7,Mucho antes
cold,295.6,11,Mucho antes
clear,20.9,0,Mucho antes
foggy,268.4,10,Ligeramente tarde
hot,240.8,8,Mucho antes
clear,47.1,4,Mucho antes
foggy,200.4,7,Mucho antes
hot,12.1,0,Mucho antes
clear,17.4,1,Mucho antes
cold,170.7,3,Mucho antes
rainy,176.4,7,Mucho antes
hot,93.7,3,Ligeramente antes
rainy,261.5,8,Mucho antes
foggy,181.9,7,Mucho antes
cold,193.4,4,Mucho antes
cold,182.6,4,Mucho antes
stormy,121.9,7,Mucho antes
rainy,21.6,3,Ligeramente tarde
clear,169.7,7,Mucho antes
hot,247.6,7,Mucho antes
hot,271.9,11,Mucho antes
foggy,41.7,2,Mucho antes
hot,220.3,7,Mucho antes
rainy,63.8,5,Ligeramente tarde
stormy,63.0,8,Mucho tarde
clear,20.4,3,Mucho antes
hot,291.8,8,Ligeramente antes
cold,224.7,5,Mucho antes
hot,102.3,2,Mucho antes
clear,256.7,7,Ligeramente antes
stormy,44.4,6,Mucho tarde
foggy,102.9,5,Mucho antes
hot,15.8,2,Mucho antes
hot,131.6,3,Mucho antes
clear,77.0,3,Mucho antes
cold,296.9,6,Ligeramente antes
stormy,57.7,5,Mucho antes
clear,52.2,3,Ligeramente antes
foggy,15.2,1,Ligeramente antes
hot,151.8,8,Mucho tarde
rainy,24.7,5,Mucho antes
stormy,229.2,10,Mucho antes
foggy,126.0,3,Ligeramente antes
foggy,297.1,12,Mucho antes
foggy,22.0,1,Ligeramente antes
stormy,133.6,10,Ligeramente tarde
rainy,291.2,12,Mucho tarde
stormy,129.7,10,Mucho antes
cold,104.8,4,Mucho antes
hot,41.7,3,Ligeramente tarde
clear,182.0,7,Mucho antes
foggy,94.7,6,Mucho antes
cold,172.0,5,Mucho antes
hot,276.4,7,Mucho antes
hot,173.0,4,Mucho antes
stormy,19.7,4,Mucho antes
clear,148.6,6,Ligeramente tarde
hot,212.4,6,Mucho antes
foggy,180.0,10,Ligeramente tarde
clear,41.5,1,Mucho antes
stormy,128.4,11,Mucho antes
stormy,159.8,8,Ligeramente antes
clear,116.4,6,Mucho antes
hot,277.2,5,Mucho antes
hot,295.5,9,Ligeramente tarde
foggy,228.5,8,Ligeramente antes
foggy,276.5,7,Ligeramente antes
cold,281.4,8,Mucho antes
clear,105.2,5,Mucho antes
stormy,103.0,10,Mucho tarde
hot,13.3,1,Mucho antes
rainy,65.6,4,Mucho antes
rainy,47.2,6,Mucho antes
stormy,51.2,9,Mucho antes
foggy,48.4,5,Mucho tarde
clear,101.7,4,Mucho antes
foggy,195.2,6,Mucho antes
hot,259.2,5,Mucho antes
foggy,55.4,3,Ligeramente antes
hot,195.2,5,Mucho antes
hot,155.1,3,Mucho antes
stormy,194.5,10,Mucho tarde
stormy,3.6,4,Mucho antes
clear,252.8,5,Mucho antes
cold,117.9,4,Mucho antes
clear,235.4,4,Mucho antes
hot,103.2,3,Ligeramente antes
hot,288.7,7,Mucho antes
cold,202.2,6,Ligeramente antes
foggy,278.6,9,Mucho antes
foggy,124.8,6,Mucho antes
rainy,89.8,6,Mucho antes
stormy,136.6,7,Mucho antes
rainy,44.0,5,Mucho tarde
cold,67.2,1,Mucho antes
stormy,114.0,8,Ligeramente antes
hot,102.4,3,Mucho antes
foggy,13.6,3,Ligeramente tarde
hot,65.1,4,Ligeramente tarde
clear,185.5,4,Mucho antes
foggy,269.2,5,Mucho antes
stormy,60.6,5,Mucho antes
foggy,64.3,4,Mucho antes
hot,223.8,5,Mucho antes
clear,191.8,6,Mucho antes
hot,266.0,11,Mucho antes
rainy,44.5,5,Mucho antes
clear,270.8,7,Ligeramente antes
foggy,84.2,3,Mucho antes
hot,83.5,3,Mucho antes
rainy,126.8,9,Mucho antes
cold,288.7,4,Mucho antes
rainy,31.8,7,Mucho antes
hot,186.7,6,Mucho antes
clear,255.1,9,Mucho antes
hot,283.7,5,Mucho antes
hot,231.2,4,Mucho antes
clear,20.1,1,Ligeramente antes
hot,246.7,7,Ligeramente tarde
stormy,233.4,9,Ligeramente tarde
foggy,283.9,10,Mucho antes
cold,54.9,1,Mucho antes
hot,151.2,4,Mucho antes
foggy,119.3,7,Mucho antes
cold,208.3,6,Mucho antes
cold,49.1,2,Mucho antes
clear,13.7,1,Ligeramente antes
stormy,95.5,7,Mucho antes
hot,216.9,4,Mucho antes
clear,192.0,9,Mucho tarde
clear,90.1,3,Ligeramente antes
hot,178.7,6,Mucho antes
clear,159.8,9,Ligeramente tarde
rainy,94.4,8,Mucho antes
foggy,6.9,3,Mucho antes
cold,151.9,5,Mucho antes
hot,3.8,2,Mucho antes
rainy,212.6,9,Mucho tarde
foggy,65.0,5,Mucho antes
foggy,95.7,5,Mucho antes
rainy,34.7,5,Mucho antes
foggy,168.1,8,Mucho tarde
stormy,35.4,7,Mucho antes
clear,132.3,5,Mucho antes
cold,200.1,4,Mucho antes
hot,290.9,7,Ligeramente antes
hot,154.2,5,Ligeramente antes
stormy,69.1,8,Mucho antes
rainy,206.0,6,Mucho antes
hot,92.7,5,Mucho antes
cold,84.2,6,Mucho antes
clear,190.7,6,Mucho antes
foggy,18.5,6,Mucho antes
cold,117.3,4,Ligeramente antes
cold,110.9,3,Ligeramente antes
cold,46.7,3,Ligeramente tarde
clear,182.2,9,Ligeramente tarde
clear,232.0,8,Mucho antes
cold,92.9,4,Mucho antes
cold,112.7,4,Mucho antes
foggy,114.5,5,Mucho antes
rainy,175.2,11,Mucho antes
foggy,230.3,6,Mucho antes
clear,44.3,1,Mucho antes
cold,5.6,0,Mucho antes
cold,223.0,6,Mucho antes
hot,103.6,5,Ligeramente tarde
rainy,157.6,7,Mucho antes
stormy,199.3,9,Ligeramente tarde
foggy,297.1,16,Mucho tarde
hot,229.7,5,Mucho antes
clear,98.5,3,Mucho antes
stormy,56.1,6,Mucho antes
hot,162.0,5,Mucho antes
clear,150.5,3,Mucho antes
cold,38.0,2,Mucho antes
foggy,137.9,5,Mucho antes
clear,289.2,7,Ligeramente antes
stormy,162.5,11,Mucho antes
hot,297.1,11,Mucho tarde
clear,59.9,3,Mucho antes
foggy,172.6,7,Mucho antes
rainy,30.6,5,Mucho antes
cold,223.4,6,Mucho antes
rainy,88.4,7,Mucho antes
clear,287.6,7,Mucho antes
stormy,8.5,5,Mucho tarde
cold,169.8,5,Ligeramente antes
rainy,211.4,8,Mucho antes
cold,129.8,5,Mucho antes
rainy,289.6,8,Mucho antes
cold,90.6,4,Mucho antes
foggy,8.0,4,Ligeramente tarde
foggy,205.6,7,Ligeramente tarde
hot,154.9,5,Mucho antes
foggy,182.9,6,Mucho antes
rainy,166.2,6,Mucho antes
foggy,216.3,8,Mucho antes
rainy,142.6,5,Mucho antes
foggy,21.4,1,Mucho antes
stormy,18.3,8,Mucho antes
hot,10.0,1,Mucho antes
foggy,289.3,6,Mucho antes
rainy,287.0,12,Mucho antes
cold,117.1,5,Mucho antes
hot,201.8,5,Mucho antes
hot,16.8,2,Mucho antes
foggy,212.4,12,Mucho antes
foggy,137.4,6,Mucho antes
hot,150.1,6,Mucho antes
clear,31.3,3,Mucho antes
cold,117.8,3,Mucho antes
rainy,55.6,7,Mucho antes
rainy,3.6,3,Mucho antes
hot,124.5,4,Ligeramente antes
rainy,32.2,3,Mucho antes
foggy,56.4,6,Mucho antes
cold,93.0,3,Mucho antes
rainy,136.5,8,Mucho tarde
clear,73.0,4,Ligeramente tarde
stormy,285.8,15,Mucho antes
clear,275.9,11,Mucho tarde
stormy,75.3,6,Mucho antes
rainy,135.2,7,Mucho antes
rainy,182.6,11,Mucho antes
foggy,56.7,3,Ligeramente antes
clear,188.9,6,Mucho antes
cold,126.7,7,Ligeramente antes
stormy,10.3,6,Mucho tarde
foggy,77.8,6,Mucho antes
stormy,55.8,4,Mucho antes
rainy,247.0,6,Mucho antes
foggy,149.8,7,Ligeramente antes
clear,54.8,3,Ligeramente antes
cold,171.1,9,Mucho tarde
hot,131.4,5,Ligeramente tarde
rainy,128.8,8,Mucho antes
stormy,61.2,6,Mucho antes
stormy,192.1,12,Mucho tarde
clear,246.3,6,Mucho antes
stormy,146.0,10,Mucho tarde
stormy,45.5,6,Mucho antes
hot,79.2,2,Mucho antes
rainy,94.9,5,Mucho antes
cold,265.1,6,Ligeramente antes
hot,187.5,7,Ligeramente antes
rainy,278.1,12,Mucho tarde
stormy,97.3,9,Mucho antes
cold,262.0,7,Mucho antes
clear,237.7,12,Mucho antes
clear,284.7,8,Mucho antes
hot,73.3,2,Ligeramente antes
clear,284.2,6,Mucho antes
foggy,198.2,5,Ligeramente antes
cold,220.6,5,Mucho antes
hot,56.6,2,Mucho antes
rainy,65.6,7,Mucho antes
stormy,297.1,13,Mucho tarde
hot,235.4,6,Mucho antes
foggy,266.8,8,Mucho antes
hot,79.4,5,Mucho antes
cold,149.0,4,Ligeramente antes
hot,159.3,3,Mucho antes
hot,80.7,2,Mucho antes
rainy,44.2,7,Mucho antes
cold,56.6,3,Mucho antes
foggy,96.3,4,Mucho antes
stormy,127.2,6,Mucho antes
hot,6.6,1,Mucho antes
rainy,143.6,8,Mucho antes
clear,159.1,8,Mucho antes
clear,143.1,5,Mucho antes
stormy,178.2,8,Mucho tarde
stormy,27.8,6,Mucho antes
clear,264.6,5,Mucho antes
stormy,70.9,11,Mucho antes
clear,131.8,3,Mucho antes
stormy,257.1,12,Mucho tarde
foggy,215.0,12,Mucho antes
cold,216.9,9,Ligeramente tarde
rainy,240.4,7,Ligeramente antes
hot,290.1,8,Mucho antes
hot,13.3,1,Ligeramente antes
cold,297.1,9,Mucho antes
foggy,280.5,14,Mucho tarde
stormy,43.4,8,Mucho antes
hot,89.1,3,Ligeramente antes
stormy,198.0,10,Mucho antes
stormy,264.3,10,Mucho antes
foggy,163.1,6,Mucho antes
cold,154.4,6,Mucho antes
cold,36.8,1,Mucho antes
rainy,217.4,10,Mucho tarde
clear,150.3,6,Mucho antes
hot,32.2,1,Mucho antes
rainy,273.8,11,Mucho tarde
rainy,72.0,6,Mucho antes
cold,160.3,5,Mucho antes
cold,250.4,7,Ligeramente antes
clear,202.8,5,Mucho antes
cold,71.1,3,Mucho antes
cold,297.1,7,Ligeramente antes
hot,28.8,2,Ligeramente antes
rainy,241.8,10,Mucho antes
rainy,139.8,10,Mucho tarde
stormy,22.6,7,Ligeramente antes
clear,73.5,2,Mucho antes
hot,25.9,2,Ligeramente antes
cold,62.9,4,Mucho antes
cold,265.5,11,Mucho tarde
stormy,88.4,7,Ligeramente antes
cold,183.6,4,Mucho antes
foggy,60.7,5,Mucho antes
foggy,74.2,4,Ligeramente tarde
foggy,106.5,4,Mucho antes
rainy,284.4,8,Mucho antes
clear,64.2,2,Mucho antes
foggy,197.5,10,Mucho tarde
stormy,112.3,8,Mucho antes
hot,43.6,2,Mucho antes
stormy,166.8,9,Ligeramente tarde
cold,112.5,5,Ligeramente tarde
cold,262.0,7,Mucho antes
clear,277.8,8,Ligeramente tarde
hot,171.5,5,Mucho antes
stormy,88.8,9,Mucho antes
cold,160.0,7,Ligeramente tarde
cold,265.6,5,Mucho antes
clear,202.8,6,Mucho antes
rainy,26.9,5,Mucho tarde
hot,20.3,0,Mucho antes
rainy,47.2,5,Mucho antes
hot,170.3,4,Mucho antes
stormy,51.2,8,Mucho antes
stormy,77.0,7,Mucho tarde
cold,158.9,4,Mucho antes
stormy,170.3,8,Mucho antes
stormy,247.6,8,Ligeramente tarde
clear,131.6,3,Mucho antes
cold,233.6,7,Mucho antes
rainy,24.8,7,Mucho tarde
rainy,163.1,10,Mucho antes
stormy,129.4,8,Ligeramente antes
clear,277.5,8,Ligeramente tarde
foggy,216.4,9,Ligeramente tarde
stormy,207.8,9,Ligeramente tarde
cold,271.5,8,Ligeramente tarde
rainy,75.1,6,Mucho tarde
hot,227.6,6,Mucho antes
hot,260.0,5,Mucho antes
stormy,297.1,16,Ligeramente antes
cold,129.3,4,Mucho antes
stormy,200.1,6,Mucho antes
rainy,57.3,5,Mucho antes
stormy,168.1,9,Mucho antes
stormy,134.2,7,Mucho antes
stormy,42.2,3,Mucho antes
clear,275.4,7,Mucho antes
hot,270.7,8,Mucho antes
cold,287.6,5,Mucho antes
foggy,54.9,5,Mucho antes
stormy,6.7,3,Mucho antes
clear,223.1,6,Mucho antes
rainy,82.0,8,Ligeramente antes
cold,189.0,9,Mucho antes
cold,160.6,7,Mucho antes
clear,173.9,5,Mucho antes
stormy,149.3,11,Mucho antes
clear,4.1,2,Mucho antes
hot,80.9,2,Ligeramente antes
cold,276.7,10,Mucho antes
stormy,127.4,9,Ligeramente tarde
foggy,95.7,5,Mucho antes
rainy,8.1,6,Mucho antes
hot,112.0,4,Ligeramente antes
cold,67.4,2,Ligeramente antes
foggy,156.7,8,Mucho antes
hot,208.1,9,Mucho tarde
foggy,19.3,4,Mucho antes
rainy,213.9,9,Mucho antes
hot,7.8,1,Ligeramente antes
stormy,205.4,8,Ligeramente antes
stormy,47.2,6,Mucho antes
hot,105.1,3,Mucho antes
cold,37.7,1,Mucho antes
rainy,166.8,5,Mucho antes
hot,237.7,9,Mucho tarde
foggy,168.5,4,Mucho antes
stormy,271.1,14,Mucho tarde
rainy,10.6,4,Ligeramente tarde
hot,107.8,5,Ligeramente tarde
clear,114.5,4,Ligeramente antes
stormy,96.4,8,Mucho antes
foggy,126.9,6,Mucho antes
rainy,171.9,9,Mucho tarde
foggy,59.0,4,Mucho antes
clear,61.0,3,Mucho antes
rainy,43.4,5,Mucho antes
foggy,89.9,4,Ligeramente tarde
clear,193.9,4,Mucho antes
stormy,154.9,10,Mucho tarde
stormy,86.9,7,Mucho antes
cold,288.0,10,Mucho antes
cold,190.4,5,Ligeramente antes
hot,81.6,2,Mucho antes
stormy,14.8,3,Ligeramente tarde
stormy,71.4,6,Mucho tarde
clear,146.9,2,Mucho antes
rainy,62.6,6,Mucho antes
hot,97.7,3,Mucho antes
hot,296.5,8,Ligeramente tarde
clear,280.8,7,Ligeramente antes
stormy,153.4,11,Mucho tarde
rainy,251.5,11,Mucho tarde
hot,84.8,3,Mucho antes
stormy,224.0,9,Ligeramente tarde
foggy,268.8,10,Mucho antes
cold,250.1,6,Mucho antes
foggy,190.2,11,Mucho antes
rainy,248.5,14,Mucho tarde
stormy,3.6,5,Mucho tarde
cold,116.3,3,Mucho antes
foggy,230.8,9,Mucho antes
rainy,122.6,8,Ligeramente antes
stormy,56.9,6,Mucho antes
rainy,232.5,12,Mucho tarde
rainy,183.5,6,Mucho antes
stormy,157.7,10,Mucho tarde
clear,102.3,3,Mucho antes
cold,30.1,3,Mucho antes
rainy,259.2,10,Ligeramente tarde
hot,61.0,1,Mucho antes
foggy,190.7,6,Ligeramente tarde
rainy,88.8,5,Mucho antes
clear,69.8,1,Mucho antes
rainy,134.6,6,Mucho antes
foggy,220.0,11,Mucho antes
clear,69.9,2,Mucho antes
hot,28.7,3,Ligeramente tarde
hot,146.0,7,Mucho tarde
stormy,164.9,7,Ligeramente tarde
rainy,197.3,10,Mucho antes
stormy,135.8,5,Mucho antes
hot,116.8,3,Mucho antes
hot,46.6,1,Ligeramente antes
foggy,90.8,7,Mucho tarde
clear,75.3,2,Mucho antes
foggy,40.6,3,Mucho antes
rainy,286.5,15,Mucho antes
hot,55.8,1,Mucho antes
foggy,172.1,6,Mucho antes
hot,121.5,5,Mucho antes
rainy,164.8,7,Mucho antes
rainy,175.9,10,Mucho antes
foggy,156.5,5,Mucho antes
hot,99.6,5,Mucho antes
cold,102.9,4,Mucho antes
cold,52.0,3,Ligeramente antes
clear,124.5,6,Mucho antes
stormy,109.2,7,Mucho tarde
rainy,297.1,8,Ligeramente antes
rainy,28.9,4,Ligeramente tarde
cold,173.7,3,Mucho antes
clear,296.9,9,Ligeramente tarde
stormy,278.4,12,Mucho tarde
hot,208.4,8,Ligeramente antes
cold,119.7,5,Mucho antes
foggy,218.4,6,Ligeramente antes
rainy,281.0,11,Mucho antes
foggy,163.1,8,Mucho antes
hot,103.6,2,Mucho antes
stormy,5.0,4,Ligeramente tarde
cold,152.4,5,Ligeramente antes
hot,28.8,2,Mucho antes
cold,96.3,3,Mucho antes
stormy,187.2,8,Mucho antes
clear,84.1,2,Mucho antes
clear,67.9,3,Mucho antes
stormy,177.0,11,Mucho tarde
cold,22.9,2,Mucho antes
foggy,278.6,11,Mucho antes
clear,295.0,8,Mucho antes
stormy,296.8,11,Mucho tarde
stormy,3.6,5,Mucho antes
clear,3.6,0,Mucho antes
stormy,31.8,3,Mucho antes
foggy,275.3,9,Mucho antes
clear,260.9,10,Mucho antes
clear,6.3,0,Mucho antes
stormy,22.4,8,Ligeramente antes
rainy,91.7,9,Ligeramente tarde
rainy,84.5,5,Mucho antes
hot,3.6,1,Mucho antes
rainy,25.3,3,Mucho antes
foggy,203.8,8,Mucho antes
stormy,177.7,6,Ligeramente tarde
cold,106.8,2,Mucho antes
cold,74.2,4,Mucho antes
clear,142.9,5,Ligeramente tarde
rainy,191.9,9,Ligeramente tarde
hot,92.1,3,Mucho antes
hot,40.8,2,Mucho antes
clear,275.3,7,Ligeramente antes
rainy,35.6,5,Mucho antes
clear,251.7,5,Mucho antes
rainy,169.3,9,Mucho tarde
hot,141.4,3,Ligeramente antes
cold,77.4,1,Mucho antes
clear,210.3,7,Mucho antes
cold,147.8,6,Mucho antes
foggy,31.8,1,Mucho antes
hot,246.5,8,Ligeramente tarde
cold,205.8,5,Ligeramente antes
foggy,231.2,7,Mucho antes
clear,69.2,2,Ligeramente antes
rainy,97.1,7,Ligeramente antes
cold,99.2,3,Mucho antes
hot,49.1,3,Mucho antes
rainy,264.8,11,Mucho tarde
cold,110.4,2,Mucho antes
rainy,93.0,4,Mucho antes
clear,143.1,5,Mucho antes
stormy,286.9,18,Mucho tarde
stormy,110.3,8,Mucho antes
clear,279.1,8,Ligeramente tarde
stormy,279.8,13,Mucho tarde
hot,96.8,2,Ligeramente antes
foggy,178.5,9,Mucho antes
cold,193.1,5,Ligeramente antes
foggy,86.5,6,Mucho antes
foggy,297.1,8,Mucho antes
hot,179.4,6,Mucho antes
stormy,214.7,7,Ligeramente antes
cold,207.5,5,Mucho antes
foggy,67.8,3,Mucho antes
clear,178.5,9,Mucho tarde
hot,259.3,5,Mucho antes
cold,228.9,6,Mucho antes
stormy,137.9,5,Mucho antes
stormy,163.3,9,Mucho tarde
stormy,192.8,14,Mucho tarde
foggy,112.1,5,Mucho antes
clear,100.5,4,Mucho antes
cold,135.5,5,Mucho antes
stormy,297.1,16,Ligeramente antes
hot,210.2,6,Mucho antes
stormy,40.9,4,Mucho antes
foggy,38.3,1,Mucho antes
rainy,41.8,5,Mucho antes
rainy,264.6,13,Mucho tarde
foggy,44.4,3,Mucho antes
clear,135.9,3,Mucho antes
rainy,193.4,7,Mucho antes
cold,243.4,6,Mucho antes
rainy,97.5,6,Mucho antes
rainy,70.2,7,Mucho tarde
clear,31.9,0,Mucho antes
cold,25.0,2,Ligeramente antes
rainy,46.3,6,Mucho tarde
hot,205.9,6,Mucho antes
clear,21.8,1,Mucho antes
rainy,195.1,10,Mucho antes
clear,257.8,6,Mucho antes
stormy,155.9,9,Mucho antes
hot,282.4,8,Mucho antes
cold,140.0,4,Mucho antes
clear,141.6,2,Mucho antes
cold,48.4,1,Mucho antes
foggy,190.6,8,Mucho antes
clear,228.4,5,Mucho antes
stormy,61.2,9,Mucho antes
foggy,184.4,7,Mucho antes
hot,125.2,4,Mucho antes
foggy,294.6,14,Mucho tarde
clear,23.3,3,Mucho antes
cold,118.2,3,Mucho antes
cold,124.5,5,Mucho antes
stormy,140.8,5,Ligeramente tarde
clear,91.4,3,Mucho antes
foggy,85.6,5,Mucho antes
stormy,106.4,8,Mucho tarde
hot,49.2,2,Mucho antes
hot,39.9,2,Mucho antes
cold,267.8,11,Mucho tarde
foggy,152.0,8,Mucho antes
hot,234.7,6,Ligeramente antes
cold,103.4,3,Mucho antes
rainy,278.9,9,Mucho antes
hot,243.8,7,Mucho antes
cold,288.5,10,Mucho antes
foggy,231.3,9,Ligeramente tarde
clear,215.2,11,Mucho tarde
clear,178.3,7,Mucho antes
rainy,239.0,11,Mucho antes
hot,95.2,4,Mucho antes
stormy,21.3,4,Mucho antes
cold,108.4,3,Mucho antes
stormy,232.2,10,Mucho antes
stormy,32.7,6,Mucho tarde
clear,267.6,6,Mucho antes
rainy,161.5,7,Mucho antes
foggy,240.1,8,Ligeramente antes
stormy,153.1,9,Mucho antes
hot,252.6,9,Ligeramente tarde
clear,297.1,10,Ligeramente tarde
stormy,242.7,16,Mucho antes
foggy,263.3,12,Mucho antes
cold,247.0,9,Mucho antes
cold,135.6,6,Ligeramente tarde
clear,106.8,2,Mucho antes
rainy,170.0,10,Mucho antes
hot,62.4,1,Mucho antes
hot,132.8,2,Mucho antes
clear,40.6,3,Mucho antes
clear,90.7,3,Mucho antes
rainy,211.7,9,Mucho tarde
hot,23.4,3,Ligeramente tarde
rainy,276.3,9,Ligeramente tarde
foggy,15.8,5,Mucho antes
cold,76.8,2,Mucho antes
foggy,287.5,9,Mucho antes
stormy,261.5,12,Mucho tarde
stormy,29.9,7,Mucho antes
stormy,261.8,16,Mucho tarde
hot,254.3,6,Ligeramente antes
cold,144.8,3,Ligeramente antes
cold,260.9,7,Mucho antes
stormy,146.0,11,Mucho antes
foggy,44.8,4,Mucho antes
cold,68.3,3,Ligeramente antes
stormy,100.4,10,Ligeramente tarde
hot,102.8,4,Mucho antes
rainy,222.2,8,Mucho antes
cold,65.2,4,Mucho antes
foggy,224.5,6,Ligeramente antes
rainy,166.2,12,Mucho antes
stormy,179.0,10,Mucho antes
rainy,213.6,6,Mucho antes
rainy,236.9,12,Mucho antes
foggy,116.0,5,Mucho antes
rainy,205.2,7,Mucho antes
clear,14.4,2,Mucho antes
clear,231.4,10,Mucho tarde
cold,229.0,4,Mucho antes
stormy,291.5,8,Mucho antes
rainy,54.8,4,Ligeramente tarde
cold,40.4,2,Mucho antes
clear,276.6,8,Ligeramente antes
cold,100.7,4,Mucho antes
hot,182.3,5,Mucho antes
cold,286.3,9,Mucho antes
foggy,203.0,5,Mucho antes
hot,80.2,3,Mucho antes
rainy,38.5,5,Mucho antes
foggy,103.6,6,Mucho antes
cold,200.4,10,Mucho antes
hot,285.0,8,Ligeramente antes
stormy,20.1,6,Mucho antes
rainy,130.6,4,Ligeramente antes
foggy,241.3,15,Mucho tarde
stormy,262.3,15,Mucho antes
stormy,257.1,8,Ligeramente tarde
cold,233.5,8,Ligeramente antes
clear,56.2,2,Ligeramente antes
stormy,105.9,8,Mucho antes
foggy,176.8,11,Mucho tarde
stormy,41.2,7,Ligeramente antes
rainy,118.1,6,Mucho antes
stormy,64.2,8,Ligeramente antes
clear,89.7,3,Ligeramente antes
hot,238.5,8,Ligeramente antes
foggy,205.8,10,Mucho antes
clear,3.6,1,Mucho antes
stormy,280.6,8,Ligeramente tarde
foggy,158.2,7,Ligeramente tarde
cold,196.7,4,Mucho antes
cold,186.4,7,Ligeramente tarde
stormy,22.3,4,Ligeramente tarde
cold,266.7,8,Mucho antes
clear,205.5,6,Mucho antes
stormy,78.0,8,Mucho tarde
hot,26.6,1,Ligeramente antes
rainy,297.1,13,Mucho antes
foggy,280.8,13,Mucho tarde
cold,217.1,5,Mucho antes
cold,160.9,7,Ligeramente antes
cold,178.0,8,Mucho tarde
hot,148.3,6,Mucho antes
rainy,258.5,14,Mucho tarde
clear,222.3,7,Ligeramente antes
hot,21.8,2,Mucho antes
clear,98.9,4,Ligeramente tarde
cold,217.7,7,Mucho antes
rainy,295.8,13,Mucho tarde
foggy,227.8,11,Mucho antes
cold,149.4,4,Mucho antes
clear,230.9,9,Mucho antes
stormy,217.7,10,Ligeramente tarde
cold,213.9,6,Mucho antes
clear,284.1,12,Mucho tarde
hot,185.5,8,Ligeramente antes
hot,155.7,3,Mucho antes
hot,223.2,8,Ligeramente antes
rainy,266.0,11,Mucho tarde
stormy,187.9,10,Ligeramente tarde
stormy,6.8,6,Mucho tarde
foggy,22.7,5,Mucho tarde
foggy,249.7,9,Ligeramente tarde
cold,152.0,5,Mucho antes
clear,296.6,7,Ligeramente antes
stormy,66.0,7,Mucho antes
stormy,212.5,12,Mucho tarde
stormy,126.0,10,Mucho antes
cold,6.9,2,Ligeramente antes
stormy,110.6,9,Ligeramente tarde
hot,59.0,1,Mucho antes
hot,163.4,4,Mucho antes
hot,260.6,4,Mucho antes
stormy,297.1,13,Mucho tarde
clear,165.6,7,Ligeramente antes
clear,278.9,6,Mucho antes
stormy,261.7,7,Mucho antes
rainy,59.8,4,Mucho antes
rainy,9.1,7,Ligeramente antes
stormy,258.0,15,Ligeramente antes
foggy,172.5,5,Mucho antes
clear,233.3,7,Mucho antes
foggy,193.9,10,Mucho antes
cold,68.8,4,Mucho antes
clear,136.1,7,Mucho antes
hot,106.1,4,Mucho antes
hot,208.7,4,Mucho antes
hot,17.8,1,Ligeramente antes
clear,134.7,3,Ligeramente antes
foggy,74.1,7,Mucho tarde
cold,212.5,7,Mucho antes
rainy,139.9,8,Mucho tarde
foggy,210.5,8,Mucho antes
cold,238.3,5,Mucho antes
stormy,230.8,13,Mucho tarde
foggy,277.2,9,Ligeramente tarde
clear,30.5,0,Mucho antes
stormy,25.7,6,Mucho antes
foggy,70.6,5,Mucho antes
rainy,136.9,9,Mucho tarde
rainy,150.3,10,Mucho antes
cold,268.9,8,Ligeramente tarde
stormy,296.3,8,Mucho antes
hot,102.2,4,Mucho antes
clear,285.1,5,Mucho antes
cold,77.1,2,Mucho antes
rainy,56.1,4,Ligeramente tarde
cold,207.7,5,Mucho antes
cold,114.2,3,Mucho antes
rainy,239.8,14,Mucho antes
rainy,271.9,9,Ligeramente tarde
hot,171.6,5,Ligeramente antes
stormy,261.7,8,Mucho antes
foggy,95.4,5,Mucho antes
foggy,20.7,4,Mucho antes
stormy,164.9,7,Ligeramente tarde
stormy,289.4,18,Mucho antes
foggy,185.9,8,Mucho tarde
stormy,218.6,9,Mucho antes
clear,273.5,10,Mucho tarde
foggy,233.7,8,Mucho antes
hot,181.1,4,Mucho antes
hot,243.9,11,Mucho tarde
foggy,100.9,3,Mucho antes
hot,175.1,6,Mucho antes
clear,265.7,7,Ligeramente antes
stormy,126.4,8,Mucho antes
stormy,247.0,13,Mucho tarde
stormy,219.3,9,Mucho tarde
clear,100.1,3,Mucho antes
cold,194.8,6,Ligeramente tarde
cold,132.9,4,Mucho antes
cold,105.7,3,Mucho antes
clear,209.4,6,Mucho antes
clear,47.5,1,Ligeramente antes
foggy,197.9,9,Ligeramente tarde
cold,47.0,1,Mucho antes
foggy,147.2,5,Ligeramente tarde
rainy,228.3,9,Mucho antes
cold,199.7,6,Mucho antes
clear,114.7,5,Mucho antes
hot,135.6,5,Ligeramente tarde
stormy,74.4,8,Mucho tarde
rainy,124.9,8,Ligeramente antes
hot,271.5,7,Mucho antes
foggy,253.0,12,Mucho antes
hot,30.2,1,Ligeramente antes
stormy,55.7,7,Ligeramente antes
clear,12.0,0,Mucho antes
cold,125.3,5,Mucho antes
hot,248.7,6,Mucho antes
foggy,174.0,6,Mucho antes
stormy,71.5,9,Ligeramente tarde
cold,118.8,3,Ligeramente antes
foggy,29.0,3,Mucho antes
hot,115.8,3,Mucho antes
hot,113.0,2,Mucho antes
hot,81.0,3,Mucho antes
foggy,63.9,6,Mucho antes
rainy,65.5,3,Mucho antes
rainy,44.0,8,Mucho tarde
clear,42.1,2,Ligeramente antes
foggy,293.7,8,Mucho antes
foggy,196.2,8,Ligeramente antes
foggy,192.7,5,Mucho antes
stormy,118.7,7,Mucho antes
rainy,51.0,5,Ligeramente tarde
foggy,146.9,5,Mucho antes
hot,113.2,3,Ligeramente antes
foggy,73.6,7,Mucho antes
clear,228.2,6,Mucho antes
rainy,70.8,5,Mucho antes
foggy,216.1,10,Ligeramente tarde
cold,38.8,3,Ligeramente tarde
clear,150.0,5,Mucho antes
rainy,203.8,14,Mucho tarde
rainy,206.8,10,Ligeramente tarde
clear,294.0,6,Mucho antes
cold,136.3,4,Mucho antes
clear,114.0,4,Ligeramente antes
stormy,223.6,13,Mucho antes
foggy,20.2,3,Ligeramente tarde
cold,148.0,6,Mucho antes
stormy,261.4,13,Mucho antes
cold,80.2,3,Mucho antes
hot,151.2,5,Mucho antes
hot,49.5,3,Mucho antes
stormy,283.5,10,Ligeramente tarde
clear,254.8,8,Ligeramente tarde
stormy,230.1,9,Mucho antes
foggy,44.9,4,Mucho antes
clear,151.6,5,Mucho antes
foggy,65.0,6,Mucho antes
foggy,275.5,9,Mucho antes
cold,279.0,6,Mucho antes
hot,219.3,7,Mucho antes
hot,197.8,3,Mucho antes
rainy,73.9,5,Ligeramente tarde
foggy,22.9,3,Mucho antes
rainy,251.6,11,Mucho tarde
stormy,72.2,4,Mucho antes
rainy,80.9,5,Ligeramente tarde
rainy,77.8,5,Mucho antes
foggy,105.1,5,Mucho antes
cold,98.0,2,Mucho antes
clear,77.6,4,Mucho antes
cold,39.3,2,Mucho antes
cold,233.1,5,Mucho antes
rainy,283.0,8,Mucho antes
rainy,46.3,4,Ligeramente tarde
rainy,173.3,12,Mucho tarde
cold,132.5,5,Mucho antes
clear,135.2,6,Mucho antes
clear,226.9,6,Ligeramente antes
clear,226.5,7,Mucho antes
rainy,19.8,5,Mucho antes
hot,267.7,6,Mucho antes
stormy,5.1,4,Mucho antes
foggy,132.1,4,Mucho antes
clear,29.0,0,Mucho antes
hot,200.2,8,Mucho antes
cold,125.4,5,Mucho antes
foggy,42.8,6,Mucho antes
stormy,102.1,5,Mucho antes
rainy,78.6,4,Ligeramente tarde
hot,196.5,5,Mucho antes
stormy,201.2,11,Mucho antes
rainy,165.3,7,Ligeramente tarde
rainy,233.9,6,Mucho antes
rainy,7.7,5,Mucho antes
cold,197.1,5,Ligeramente antes
cold,196.3,6,Mucho antes
foggy,139.2,6,Mucho antes
rainy,251.6,9,Mucho antes
rainy,23.1,5,Mucho antes
foggy,228.5,11,Mucho antes
clear,94.9,3,Ligeramente antes
hot,10.4,1,Mucho antes
clear,8.0,2,Ligeramente antes
rainy,74.2,7,Mucho antes
foggy,176.4,6,Mucho antes
stormy,185.3,10,Mucho antes
foggy,35.1,4,Mucho antes
cold,87.7,4,Ligeramente tarde
foggy,31.8,3,Mucho antes
stormy,251.1,12,Mucho antes
foggy,256.1,8,Mucho antes
rainy,62.0,8,Ligeramente antes
stormy,269.7,9,Ligeramente tarde
cold,25.6,2,Mucho antes
rainy,161.9,5,Mucho antes
cold,215.5,5,Ligeramente antes
hot,120.7,7,Mucho tarde
stormy,29.5,6,Mucho antes
hot,229.6,5,Ligeramente antes
hot,236.4,7,Ligeramente tarde
foggy,98.9,7,Mucho antes
hot,7.6,1,Mucho antes
foggy,276.2,6,Mucho antes
foggy,25.3,4,Mucho antes
cold,79.2,4,Mucho antes
rainy,131.2,9,Ligeramente tarde
clear,134.3,5,Mucho antes
clear,157.1,7,Mucho antes
foggy,64.0,2,Ligeramente antes
clear,117.1,3,Mucho antes
cold,279.7,11,Mucho tarde
clear,265.9,9,Mucho antes
hot,28.2,3,Ligeramente tarde
rainy,234.6,10,Mucho antes
hot,165.7,5,Mucho antes
clear,11.0,2,Mucho antes
cold,236.7,6,Ligeramente antes
clear,47.4,3,Mucho antes
foggy,73.8,6,Mucho tarde
stormy,23.6,3,Ligeramente tarde
stormy,230.0,10,Mucho tarde
foggy,212.2,7,Mucho antes
clear,250.9,6,Mucho antes
cold,152.5,5,Mucho antes
cold,129.9,5,Mucho antes
hot,165.8,6,Mucho antes
rainy,3.6,6,Mucho antes
cold,233.5,9,Mucho antes
rainy,248.7,9,Mucho antes
clear,18.7,0,Mucho antes
hot,273.1,6,Mucho antes
rainy,124.0,6,Ligeramente tarde
hot,71.7,5,Mucho antes
hot,12.6,2,Mucho antes
clear,294.3,10,Mucho antes
stormy,199.6,7,Mucho antes
foggy,185.3,4,Mucho antes
foggy,44.9,2,Mucho antes
foggy,241.0,8,Ligeramente antes
cold,177.3,7,Mucho antes
clear,107.4,3,Mucho antes
stormy,188.1,11,Mucho tarde
hot,42.6,1,Mucho antes
cold,128.0,4,Mucho antes
stormy,48.0,7,Mucho antes
stormy,35.3,6,Mucho antes
rainy,297.1,11,Mucho antes
stormy,86.4,7,Mucho tarde
cold,4.4,2,Mucho antes
rainy,66.4,6,Mucho antes
foggy,110.5,6,Mucho antes
clear,4.9,0,Mucho antes
rainy,188.8,7,Ligeramente antes
clear,157.1,6,Mucho antes
cold,102.9,3,Ligeramente antes
rainy,266.6,12,Mucho antes
cold,73.7,5,Mucho antes
cold,28.3,1,Ligeramente antes
rainy,32.0,3,Ligeramente tarde
foggy,237.8,8,Ligeramente antes
foggy,102.9,6,Mucho antes
cold,270.8,7,Ligeramente antes
cold,25.2,1,Mucho antes
cold,162.5,4,Mucho antes
foggy,88.0,6,Mucho antes
foggy,282.4,10,Mucho tarde
clear,143.6,2,Mucho antes
foggy,82.4,4,Mucho antes
rainy,10.6,4,Ligeramente tarde
cold,147.2,6,Mucho antes
foggy,47.3,3,Mucho antes
stormy,23.4,5,Mucho antes
rainy,46.0,6,Mucho antes
hot,157.3,4,Mucho antes
hot,74.7,2,Mucho antes
hot,127.4,3,Mucho antes
cold,157.5,5,Mucho antes
foggy,15.7,5,Mucho antes
cold,167.4,6,Mucho antes
stormy,135.4,9,Mucho tarde
clear,167.2,5,Ligeramente antes
clear,210.1,5,Mucho antes
hot,213.4,6,Ligeramente antes
stormy,209.1,12,Mucho tarde
cold,23.6,2,Mucho antes
clear,271.5,9,Ligeramente tarde
hot,243.3,6,Ligeramente antes
stormy,263.8,13,Mucho antes
clear,52.3,3,Mucho antes
hot,176.4,6,Ligeramente tarde
clear,279.9,9,Ligeramente tarde
clear,279.9,9,Ligeramente tarde
cold,112.1,4,Ligeramente antes
foggy,256.0,10,Mucho tarde
hot,139.3,6,Mucho antes
stormy,25.6,5,Mucho tarde
foggy,292.0,9,Ligeramente tarde
rainy,93.3,5,Mucho antes
clear,87.2,1,Mucho antes
clear,270.1,6,Mucho antes
clear,223.4,7,Ligeramente tarde
clear,109.7,2,Mucho antes
cold,239.7,7,Ligeramente tarde
rainy,7.0,5,Mucho tarde
cold,174.8,6,Ligeramente tarde
rainy,81.9,8,Mucho antes
stormy,166.7,7,Mucho antes
foggy,99.6,4,Mucho antes
hot,216.4,7,Mucho antes
cold,191.0,4,Mucho antes
clear,216.0,9,Ligeramente tarde
foggy,213.1,8,Ligeramente antes
cold,224.6,10,Ligeramente tarde
clear,295.2,8,Ligeramente tarde
hot,133.5,6,Ligeramente tarde
rainy,227.1,11,Mucho antes
hot,67.2,2,Mucho antes
rainy,288.6,7,Ligeramente antes
stormy,255.4,12,Mucho tarde
stormy,29.9,6,Mucho antes
rainy,240.4,11,Mucho antes
stormy,175.7,10,Mucho antes
clear,121.1,6,Mucho antes
clear,34.1,2,Mucho antes
hot,187.5,7,Ligeramente antes
stormy,157.4,8,Mucho antes
stormy,250.8,11,Mucho tarde
rainy,119.6,6,Ligeramente tarde
clear,156.7,5,Mucho antes
hot,129.9,3,Mucho antes
rainy,24.8,7,Mucho antes
foggy,139.1,6,Mucho antes
cold,287.3,10,Mucho tarde
cold,5.9,1,Mucho antes
foggy,220.7,9,Mucho antes
foggy,127.6,9,Mucho antes
cold,54.2,1,Mucho antes
foggy,204.9,6,Mucho antes
stormy,111.3,10,Mucho antes
clear,297.1,10,Ligeramente tarde
cold,155.7,5,Mucho antes
rainy,124.6,10,Mucho antes
rainy,288.9,12,Mucho tarde
hot,86.3,5,Mucho antes
cold,291.1,6,Mucho antes
stormy,232.6,12,Mucho antes
cold,164.5,4,Ligeramente antes
stormy,112.0,9,Ligeramente tarde
foggy,21.5,4,Mucho antes
clear,282.8,9,Ligeramente tarde
foggy,191.6,5,Ligeramente antes
clear,158.0,3,Mucho antes
rainy,196.4,12,Mucho tarde
foggy,266.4,11,Mucho tarde
cold,90.1,3,Mucho antes
cold,156.0,4,Mucho antes
stormy,245.6,14,Mucho tarde
foggy,265.5,9,Ligeramente tarde
foggy,213.7,8,Ligeramente tarde
cold,176.8,4,Mucho antes
foggy,117.3,7,Mucho antes
cold,73.9,2,Mucho antes
foggy,193.5,10,Mucho tarde
clear,214.5,4,Mucho antes
foggy,145.4,8,Ligeramente antes
cold,283.9,7,Ligeramente antes
foggy,48.0,5,Mucho antes
hot,155.9,5,Mucho antes
cold,202.3,6,Mucho antes
clear,282.8,8,Mucho antes
cold,79.5,4,Mucho antes
hot,74.1,3,Mucho antes
stormy,145.7,7,Mucho antes
foggy,211.2,8,Ligeramente tarde
hot,94.9,4,Mucho antes
clear,153.1,3,Mucho antes
cold,39.2,3,Ligeramente tarde
rainy,279.3,12,Mucho antes
clear,59.8,3,Mucho antes
hot,76.7,3,Mucho antes
clear,127.8,6,Ligeramente tarde
rainy,42.4,3,Ligeramente tarde
rainy,286.7,16,Mucho tarde
cold,196.8,3,Mucho antes
rainy,198.4,10,Mucho tarde
hot,61.1,2,Mucho antes
stormy,102.7,6,Mucho antes
stormy,58.7,7,Mucho tarde
hot,24.7,2,Mucho antes
stormy,129.3,9,Mucho tarde
rainy,138.2,7,Mucho antes
cold,202.9,6,Mucho antes
clear,133.3,5,Mucho antes
rainy,296.8,7,Ligeramente antes
rainy,146.7,4,Mucho antes
hot,135.3,3,Ligeramente antes
foggy,80.7,7,Mucho antes
foggy,184.7,6,Mucho antes
clear,243.8,6,Ligeramente antes
cold,290.0,9,Ligeramente tarde
foggy,43.8,5,Mucho antes
clear,9.1,2,Mucho antes
rainy,293.4,7,Mucho antes
hot,125.6,4,Mucho antes
clear,202.4,6,Mucho antes
hot,285.0,9,Ligeramente tarde
foggy,8.3,3,Mucho antes
stormy,52.4,8,Mucho antes
hot,238.1,8,Mucho antes
rainy,204.9,10,Mucho antes
stormy,134.6,7,Mucho antes
clear,287.8,11,Mucho antes
stormy,198.2,11,Mucho tarde
hot,9.7,1,Mucho antes
clear,31.4,1,Mucho antes
clear,265.5,9,Ligeramente tarde
clear,287.6,6,Mucho antes
cold,74.3,4,Mucho antes
cold,68.1,1,Mucho antes
stormy,14.0,7,Mucho antes
stormy,35.6,8,Mucho tarde
foggy,73.4,6,Mucho tarde
stormy,273.2,14,Mucho tarde
rainy,41.3,2,Mucho antes
foggy,23.9,3,Mucho antes
clear,293.8,10,Mucho antes
stormy,33.6,7,Ligeramente antes
cold,52.1,2,Ligeramente antes
hot,158.7,6,Mucho antes
stormy,82.1,7,Mucho tarde
rainy,125.3,7,Mucho antes
hot,125.6,5,Mucho antes
cold,172.8,8,Mucho antes
cold,6.8,1,Mucho antes
cold,243.5,7,Ligeramente tarde
rainy,107.4,8,Ligeramente antes
rainy,297.1,12,Mucho tarde
clear,256.8,6,Mucho antes
cold,6.3,1,Ligeramente antes
foggy,252.0,6,Mucho antes
stormy,61.2,8,Mucho antes
foggy,3.6,4,Mucho antes
hot,14.5,3,Ligeramente tarde
clear,258.0,9,Ligeramente tarde
rainy,106.2,9,Mucho antes
foggy,99.6,6,Mucho tarde
clear,241.2,10,Ligeramente tarde
stormy,297.1,10,Mucho antes
hot,269.8,8,Ligeramente antes
clear,288.9,13,Mucho antes
hot,27.4,2,Mucho antes
hot,123.1,4,Ligeramente antes
clear,73.9,4,Mucho antes
foggy,185.8,5,Mucho antes
hot,290.6,11,Mucho tarde
stormy,289.9,11,Mucho tarde
clear,199.7,5,Ligeramente antes
stormy,232.8,15,Mucho tarde
rainy,262.1,10,Ligeramente tarde
foggy,132.9,7,Mucho antes
clear,166.3,4,Mucho antes
hot,262.7,12,Mucho tarde
rainy,118.2,6,Mucho antes
stormy,113.2,10,Mucho antes
foggy,250.2,8,Mucho antes
clear,262.0,10,Ligeramente tarde
clear,228.4,4,Mucho antes
clear,140.8,6,Mucho antes
clear,124.2,2,Mucho antes
clear,36.3,3,Mucho antes
clear,97.4,3,Mucho antes
cold,70.4,3,Ligeramente antes
cold,56.6,4,Mucho antes
foggy,225.4,10,Ligeramente tarde
clear,198.4,6,Mucho antes
stormy,21.5,6,Mucho antes
hot,49.8,4,Mucho antes
stormy,108.4,9,Mucho antes
foggy,132.3,7,Mucho antes
foggy,255.2,7,Ligeramente antes
clear,12.7,2,Mucho antes
foggy,67.9,3,Mucho antes
clear,265.8,9,Mucho antes
foggy,111.6,5,Mucho antes
clear,67.8,4,Mucho antes
rainy,175.3,7,Mucho antes
rainy,288.4,12,Mucho antes
rainy,280.3,9,Ligeramente tarde
clear,158.2,8,Mucho tarde
stormy,32.0,6,Mucho tarde
rainy,44.8,4,Mucho antes
hot,94.8,4,Ligeramente tarde
stormy,258.5,13,Mucho tarde
rainy,240.0,11,Mucho tarde
rainy,292.9,11,Mucho antes
clear,152.4,5,Mucho antes
cold,174.5,7,Ligeramente tarde
hot,95.5,4,Mucho antes
stormy,153.9,10,Mucho antes
clear,217.4,7,Ligeramente antes
stormy,12.9,6,Mucho antes
stormy,266.3,10,Mucho tarde
cold,184.3,6,Mucho antes
foggy,94.6,3,Mucho antes
clear,97.5,4,Mucho antes
hot,297.1,8,Ligeramente antes
foggy,90.2,4,Mucho antes
hot,168.1,4,Mucho antes
cold,108.5,4,Mucho antes
cold,166.6,7,Ligeramente antes
stormy,127.6,9,Mucho antes
rainy,146.9,10,Ligeramente tarde
stormy,24.8,6,Mucho antes
clear,20.0,2,Mucho antes
stormy,256.2,15,Mucho antes
stormy,255.0,8,Ligeramente tarde
cold,293.6,7,Ligeramente antes
foggy,184.5,9,Mucho antes
hot,91.3,2,Ligeramente antes
foggy,262.8,9,Ligeramente tarde
stormy,284.4,14,Mucho antes
cold,88.6,2,Ligeramente antes
foggy,125.4,6,Mucho antes
foggy,152.2,5,Mucho antes
foggy,130.4,7,Mucho antes
stormy,175.6,11,Mucho antes
clear,271.1,8,Ligeramente tarde
clear,274.7,6,Mucho antes
stormy,31.9,8,Mucho tarde
hot,215.2,5,Mucho antes
clear,39.4,3,Ligeramente tarde
foggy,98.5,4,Mucho antes
hot,119.9,4,Ligeramente antes
rainy,272.8,13,Mucho tarde
cold,109.6,4,Mucho antes
foggy,180.8,6,Ligeramente tarde
hot,190.5,8,Ligeramente antes
rainy,108.8,7,Mucho antes
cold,209.7,7,Ligeramente tarde
stormy,158.6,11,Mucho antes
foggy,97.8,8,Mucho antes
rainy,137.4,8,Mucho tarde
hot,61.9,2,Ligeramente antes
foggy,11.1,4,Ligeramente tarde
cold,110.1,4,Ligeramente antes
clear,275.2,7,Mucho antes
cold,114.6,4,Mucho antes
rainy,265.9,8,Ligeramente tarde
clear,25.3,1,Ligeramente antes
foggy,141.9,5,Mucho antes
rainy,89.0,7,Mucho antes
hot,125.7,3,Mucho antes
cold,209.9,5,Mucho antes
stormy,93.6,8,Mucho tarde
stormy,42.3,9,Mucho tarde
clear,13.2,1,Mucho antes
rainy,91.0,4,Mucho antes
stormy,215.4,13,Mucho antes
hot,141.4,5,Mucho antes
foggy,296.0,8,Ligeramente tarde
hot,69.2,1,Mucho antes
foggy,273.7,6,Ligeramente antes
cold,247.2,8,Mucho antes
clear,232.8,7,Ligeramente tarde
cold,209.1,6,Mucho antes
stormy,7.2,5,Mucho antes
cold,231.2,6,Ligeramente antes
rainy,63.2,8,Mucho antes
clear,90.8,2,Mucho antes
rainy,66.9,6,Mucho antes
stormy,129.5,11,Mucho antes
hot,65.1,3,Mucho antes
hot,256.1,7,Ligeramente antes
clear,204.3,4,Mucho antes
foggy,193.6,9,Mucho antes
hot,222.5,5,Mucho antes
hot,95.8,2,Ligeramente antes
foggy,166.3,5,Mucho antes
foggy,193.3,7,Ligeramente tarde
rainy,169.4,8,Ligeramente antes
rainy,174.1,10,Mucho antes
stormy,19.4,5,Mucho antes
foggy,137.2,6,Mucho antes
rainy,174.0,6,Mucho antes
clear,33.4,3,Ligeramente tarde
cold,55.5,3,Ligeramente antes
hot,171.0,5,Mucho antes
clear,53.2,1,Mucho antes
stormy,154.1,7,Mucho antes
hot,67.0,4,Mucho antes
stormy,53.9,5,Mucho antes
hot,238.1,9,Mucho antes
stormy,243.3,13,Mucho tarde
rainy,99.7,9,Mucho antes
foggy,97.7,3,Ligeramente antes
hot,124.4,7,Mucho tarde
cold,60.5,1,Mucho antes
foggy,165.4,8,Ligeramente antes
foggy,291.6,10,Mucho antes
cold,228.8,8,Ligeramente antes
rainy,84.5,9,Mucho antes
foggy,106.1,5,Mucho antes
hot,59.0,2,Ligeramente antes
rainy,210.2,7,Ligeramente antes
stormy,102.1,9,Mucho antes
cold,262.8,8,Ligeramente tarde
cold,216.9,4,Mucho antes
stormy,108.4,5,Mucho antes
clear,116.0,6,Mucho antes
hot,40.9,3,Ligeramente tarde
cold,141.6,8,Ligeramente antes
foggy,280.0,12,Mucho antes
hot,191.8,7,Mucho antes
foggy,145.3,6,Ligeramente tarde
cold,122.9,5,Mucho antes
cold,184.2,4,Mucho antes
stormy,272.1,13,Mucho tarde
stormy,119.3,9,Mucho antes
hot,184.6,4,Mucho antes
hot,294.4,6,Mucho antes
rainy,179.1,9,Mucho antes
cold,208.0,7,Ligeramente tarde
stormy,263.9,17,Mucho tarde
hot,137.4,3,Mucho antes
clear,19.0,1,Ligeramente antes
hot,131.9,5,Mucho antes
rainy,40.5,7,Mucho antes
clear,266.7,10,Mucho antes
hot,238.3,5,Mucho antes
rainy,229.4,10,Mucho tarde
rainy,125.3,6,Mucho antes
hot,226.1,6,Ligeramente antes
foggy,173.8,6,Mucho antes
cold,32.7,1,Ligeramente antes
stormy,47.3,7,Mucho tarde
foggy,248.1,6,Ligeramente antes
hot,263.2,5,Mucho antes
hot,193.4,5,Ligeramente antes
stormy,75.1,8,Ligeramente antes
clear,271.4,8,Mucho antes
rainy,262.8,7,Mucho antes
clear,212.6,7,Ligeramente tarde
stormy,229.2,12,Mucho tarde
clear,33.6,1,Ligeramente antes
cold,227.0,8,Ligeramente tarde
clear,262.9,7,Ligeramente antes
stormy,203.9,10,Mucho tarde
clear,280.0,7,Ligeramente antes
cold,28.1,2,Mucho antes
clear,48.1,3,Mucho antes
hot,296.7,6,Mucho antes
hot,263.8,7,Ligeramente antes
stormy,78.5,8,Mucho tarde
foggy,279.0,9,Mucho antes
cold,16.4,2,Mucho antes
stormy,136.4,9,Mucho tarde
clear,58.9,3,Ligeramente antes
foggy,277.3,7,Ligeramente antes
stormy,297.1,15,Mucho antes
foggy,34.2,4,Mucho antes
foggy,265.0,8,Mucho antes
clear,20.6,2,Mucho antes
rainy,281.6,8,Mucho antes
stormy,276.4,10,Mucho tarde
cold,240.2,10,Mucho antes
clear,9.0,0,Mucho antes
rainy,81.1,6,Mucho antes
cold,161.1,5,Ligeramente antes
foggy,134.9,6,Mucho antes
rainy,132.9,12,Mucho tarde
stormy,207.4,8,Ligeramente tarde
rainy,44.7,3,Mucho antes
cold,190.1,5,Mucho antes
rainy,45.6,5,Mucho antes
stormy,80.1,5,Ligeramente tarde
clear,177.8,3,Mucho antes
cold,207.3,6,Mucho antes
rainy,69.9,6,Mucho antes
hot,93.8,4,Mucho antes
cold,228.9,5,Mucho antes
stormy,173.8,9,Mucho tarde
clear,93.9,5,Mucho antes
foggy,164.9,8,Mucho antes
foggy,40.0,3,Mucho antes
clear,126.8,3,Mucho antes
foggy,236.5,7,Mucho antes
stormy,264.1,8,Mucho antes
hot,3.6,0,Mucho antes
rainy,210.8,7,Mucho antes
stormy,4.3,5,Mucho tarde
hot,223.6,9,Mucho antes
clear,255.0,9,Ligeramente tarde
foggy,277.0,7,Mucho antes
clear,29.0,3,Ligeramente tarde
hot,4.6,0,Mucho antes
stormy,111.2,7,Mucho antes
stormy,77.0,7,Mucho tarde
hot,124.0,3,Mucho antes
cold,50.7,4,Mucho antes
stormy,231.4,12,Mucho tarde
rainy,196.8,9,Mucho antes
stormy,119.0,6,Mucho antes
hot,211.1,4,Mucho antes
cold,103.9,2,Mucho antes
stormy,171.6,7,Mucho antes
foggy,136.2,6,Mucho antes
foggy,100.3,3,Mucho antes
rainy,18.4,4,Mucho antes
rainy,95.4,5,Ligeramente tarde
hot,140.5,6,Mucho antes
cold,91.5,6,Mucho antes
foggy,291.5,9,Mucho antes
stormy,56.8,6,Mucho antes
cold,116.7,4,Mucho antes
foggy,205.9,9,Mucho antes
hot,81.6,3,Mucho antes
hot,152.3,3,Mucho antes
hot,216.0,7,Ligeramente antes
stormy,288.4,14,Mucho tarde
cold,162.9,6,Mucho antes
foggy,219.1,9,Mucho antes
hot,242.6,7,Ligeramente antes
rainy,105.1,8,Ligeramente antes
clear,138.0,3,Mucho antes
hot,259.9,12,Mucho antes
foggy,192.1,6,Mucho antes
hot,6.3,0,Mucho antes
foggy,269.4,10,Mucho antes
foggy,121.9,7,Mucho tarde
foggy,215.7,7,Mucho antes
stormy,103.4,9,Mucho tarde
rainy,158.5,11,Mucho antes
rainy,146.3,5,Mucho antes
rainy,21.3,5,Mucho antes
stormy,118.7,6,Mucho antes
stormy,75.3,4,Ligeramente tarde
cold,180.0,4,Ligeramente antes
hot,287.8,10,Mucho tarde
rainy,234.1,12,Mucho tarde
rainy,274.0,7,Mucho antes
rainy,148.3,6,Mucho antes
rainy,16.1,2,Ligeramente antes
hot,74.2,2,Mucho antes
stormy,144.8,10,Mucho antes
rainy,108.4,7,Mucho tarde
hot,138.6,6,Mucho antes
rainy,261.6,8,Ligeramente tarde
clear,4.9,0,Mucho antes
foggy,64.2,5,Ligeramente tarde
clear,290.4,7,Mucho antes
hot,181.6,6,Mucho antes
foggy,111.0,5,Mucho antes
stormy,61.4,8,Mucho antes
cold,129.3,3,Mucho antes
hot,242.9,4,Mucho antes
rainy,294.2,17,Mucho tarde
foggy,79.8,5,Mucho antes
cold,241.9,5,Mucho antes
foggy,12.6,1,Mucho antes
cold,225.7,8,Ligeramente antes
stormy,252.9,8,Mucho antes
stormy,92.3,10,Mucho antes
stormy,212.1,12,Mucho tarde
cold,288.8,5,Mucho antes
stormy,199.5,11,Mucho antes
foggy,178.2,7,Ligeramente antes
foggy,25.7,1,Mucho antes
stormy,66.0,9,Mucho antes
rainy,82.4,8,Mucho antes
hot,50.6,3,Ligeramente antes
foggy,28.6,5,Mucho antes
clear,264.3,5,Mucho antes
foggy,59.6,4,Mucho antes
hot,259.1,7,Ligeramente antes
hot,281.2,7,Mucho antes
cold,125.3,3,Mucho antes
cold,85.5,3,Mucho antes
stormy,240.1,12,Mucho antes
stormy,293.6,14,Mucho antes
rainy,44.8,7,Mucho tarde
cold,102.0,3,Mucho antes
clear,231.1,7,Ligeramente antes
cold,3.6,2,Ligeramente antes
rainy,114.3,7,Mucho antes
cold,37.8,2,Ligeramente antes
rainy,244.6,8,Ligeramente tarde
hot,78.3,3,Mucho antes
cold,186.0,4,Mucho antes
hot,172.8,7,Mucho antes
clear,278.8,8,Ligeramente tarde
cold,24.4,1,Mucho antes
cold,144.8,4,Mucho antes
stormy,268.6,10,Ligeramente tarde
hot,159.3,5,Mucho antes
foggy,288.3,9,Ligeramente tarde
hot,73.1,2,Mucho antes
cold,144.5,3,Ligeramente antes
stormy,241.1,10,Mucho antes
rainy,134.6,8,Mucho antes
clear,75.9,3,Mucho antes
hot,34.0,1,Mucho antes
hot,254.5,6,Mucho antes
hot,43.5,3,Ligeramente tarde
foggy,41.0,4,Ligeramente tarde
hot,116.7,3,Mucho antes
clear,278.9,11,Mucho antes
hot,173.9,7,Ligeramente tarde
hot,109.7,5,Mucho antes
rainy,275.5,12,Mucho tarde
foggy,85.5,4,Mucho antes
hot,8.6,1,Ligeramente antes
stormy,108.1,9,Mucho antes
stormy,189.4,8,Mucho tarde
clear,268.0,8,Mucho antes
hot,187.3,5,Ligeramente antes
clear,175.8,5,Ligeramente antes
foggy,216.5,10,Mucho antes
foggy,63.4,6,Mucho tarde
hot,266.5,5,Mucho antes
clear,177.3,3,Mucho antes
clear,159.8,7,Mucho antes
stormy,192.5,8,Mucho antes
foggy,29.9,3,Mucho antes
clear,189.7,7,Ligeramente tarde
hot,36.6,2,Ligeramente antes
stormy,150.7,8,Mucho tarde
stormy,247.0,9,Mucho tarde
foggy,44.8,4,Mucho antes
rainy,121.3,10,Mucho antes
rainy,189.7,9,Mucho tarde
cold,194.6,5,Ligeramente antes
hot,49.8,3,Ligeramente antes
cold,100.5,3,Ligeramente antes
foggy,6.1,3,Ligeramente tarde
cold,239.0,6,Mucho antes
rainy,244.2,8,Ligeramente tarde
stormy,160.5,12,Mucho antes
foggy,293.4,16,Ligeramente antes
rainy,34.0,3,Ligeramente tarde
foggy,191.9,7,Ligeramente antes
hot,61.0,1,Mucho antes
stormy,105.3,6,Mucho antes
cold,14.3,3,Mucho antes
stormy,42.3,7,Ligeramente antes
stormy,110.2,11,Mucho antes
rainy,171.7,6,Mucho antes
hot,146.4,4,Mucho antes
rainy,293.0,14,Mucho tarde
clear,240.1,5,Mucho antes
hot,16.8,2,Mucho antes
hot,9.1,1,Mucho antes
rainy,272.1,12,Mucho tarde
cold,158.8,4,Mucho antes
stormy,295.9,15,Mucho tarde
stormy,12.5,4,Mucho antes
cold,275.8,7,Ligeramente antes
hot,201.2,7,Ligeramente antes
hot,143.9,4,Ligeramente antes
stormy,81.3,8,Mucho antes
rainy,153.6,6,Ligeramente tarde
clear,209.8,5,Mucho antes
clear,68.0,3,Mucho antes
rainy,249.0,11,Mucho antes
rainy,255.5,10,Mucho antes
rainy,192.3,7,Mucho antes
clear,154.8,5,Mucho antes
rainy,271.8,10,Mucho antes
stormy,108.9,7,Mucho antes
stormy,186.7,7,Ligeramente antes
foggy,134.3,6,Mucho antes
cold,94.6,3,Ligeramente antes
stormy,278.0,13,Mucho antes
stormy,77.1,8,Mucho tarde
hot,191.4,7,Ligeramente tarde
cold,84.0,2,Ligeramente antes
rainy,181.5,9,Mucho tarde
cold,228.1,8,Mucho antes
foggy,136.1,6,Ligeramente tarde
cold,130.8,5,Mucho antes
foggy,148.2,7,Mucho antes
hot,161.2,5,Ligeramente antes
hot,153.8,3,Mucho antes
foggy,48.7,4,Ligeramente tarde
foggy,179.8,4,Mucho antes
foggy,228.3,9,Mucho tarde
rainy,219.9,11,Mucho antes
cold,198.9,4,Mucho antes
cold,118.9,3,Mucho antes
clear,160.4,7,Ligeramente tarde
clear,236.8,9,Mucho antes
hot,42.5,3,Ligeramente tarde
stormy,144.6,12,Mucho antes
hot,140.5,2,Mucho antes
rainy,190.1,7,Ligeramente antes
stormy,216.8,13,Mucho tarde
foggy,66.1,4,Mucho antes
clear,56.4,2,Mucho antes
cold,46.4,2,Mucho antes
cold,191.8,8,Mucho antes
stormy,179.6,9,Mucho antes
clear,54.5,2,Ligeramente antes
hot,180.2,8,Mucho antes
rainy,235.4,9,Mucho antes
stormy,45.6,7,Mucho antes
rainy,63.0,5,Ligeramente tarde
hot,67.1,1,Mucho antes
foggy,199.4,8,Mucho antes
foggy,268.8,7,Mucho antes
cold,16.8,3,Ligeramente tarde
clear,257.9,9,Mucho antes
cold,124.5,5,Mucho antes
cold,250.1,7,Ligeramente antes
cold,249.9,5,Mucho antes
stormy,193.8,11,Mucho antes
clear,73.6,2,Ligeramente antes
cold,9.7,3,Mucho antes
hot,51.8,2,Mucho antes
hot,97.1,3,Ligeramente antes
rainy,231.6,13,Mucho antes
hot,214.3,7,Mucho antes
clear,157.5,7,Ligeramente antes
stormy,10.6,4,Ligeramente tarde
hot,36.1,2,Mucho antes
cold,278.5,6,Ligeramente antes
cold,216.0,9,Mucho antes
hot,274.4,10,Ligeramente tarde
hot,162.4,6,Mucho antes
foggy,17.6,3,Mucho antes
stormy,234.6,11,Mucho tarde
rainy,296.9,13,Mucho antes
hot,153.7,5,Mucho antes
foggy,27.2,4,Ligeramente tarde
cold,192.1,5,Mucho antes
rainy,227.4,10,Mucho antes
clear,249.5,6,Mucho antes
rainy,225.7,10,Mucho tarde
foggy,293.7,13,Mucho tarde
clear,115.7,4,Mucho antes
stormy,222.4,10,Ligeramente tarde
clear,216.9,8,Ligeramente antes
hot,115.5,2,Mucho antes
foggy,267.8,7,Mucho antes
hot,72.3,2,Mucho antes
hot,203.9,6,Mucho antes
cold,122.5,5,Mucho antes
clear,84.6,5,Mucho antes
stormy,34.9,6,Mucho antes
stormy,3.6,3,Mucho antes
rainy,67.9,5,Mucho antes
cold,215.8,4,Mucho antes
cold,141.6,5,Mucho antes
foggy,229.6,8,Ligeramente antes
cold,291.1,8,Mucho antes
rainy,46.5,6,Mucho antes
cold,104.7,4,Mucho antes
stormy,62.7,6,Mucho antes
clear,176.1,4,Mucho antes
hot,230.1,6,Mucho antes
hot,65.0,2,Mucho antes
rainy,239.9,9,Mucho antes
stormy,12.7,6,Mucho antes
foggy,194.9,8,Mucho tarde
cold,254.4,6,Ligeramente antes
cold,275.4,7,Mucho antes
stormy,107.3,7,Mucho tarde
stormy,33.1,6,Mucho antes
clear,150.8,3,Mucho antes
cold,140.2,5,Mucho antes
stormy,188.0,8,Mucho antes
stormy,174.5,7,Ligeramente antes
foggy,60.4,5,Mucho antes
clear,14.6,1,Mucho antes
rainy,291.1,11,Mucho tarde
hot,124.2,6,Mucho antes
rainy,172.9,6,Mucho antes
cold,12.0,2,Mucho antes
cold,53.0,2,Mucho antes
clear,148.2,4,Mucho antes
hot,136.4,4,Ligeramente antes
rainy,75.0,9,Mucho antes
stormy,241.0,15,Mucho tarde
foggy,272.1,10,Mucho tarde
foggy,87.9,4,Mucho antes
cold,207.5,8,Mucho antes
rainy,48.9,5,Mucho antes
cold,32.1,1,Mucho antes
cold,54.5,1,Mucho antes
stormy,45.3,7,Mucho antes
hot,147.1,3,Mucho antes
hot,63.6,2,Mucho antes
hot,77.6,4,Mucho antes
clear,67.7,2,Mucho antes
foggy,193.1,8,Mucho antes
stormy,276.7,13,Mucho antes
foggy,84.0,5,Mucho antes
hot,74.1,2,Mucho antes
cold,38.0,3,Mucho antes
rainy,295.5,11,Mucho tarde
hot,247.4,7,Mucho antes
clear,110.3,5,Ligeramente tarde
cold,7.5,0,Mucho antes
stormy,159.3,10,Ligeramente tarde
cold,59.1,3,Mucho antes
cold,5.2,0,Mucho antes
clear,118.3,7,Mucho antes
cold,198.7,8,Mucho tarde
cold,235.8,9,Mucho antes
foggy,78.3,6,Mucho antes
foggy,145.7,6,Ligeramente tarde
foggy,218.6,5,Mucho antes
stormy,296.9,14,Mucho antes
stormy,276.5,10,Ligeramente tarde
clear,94.8,4,Ligeramente tarde
clear,124.4,3,Mucho antes
clear,278.4,5,Mucho antes
stormy,169.4,11,Mucho tarde
stormy,4.3,8,Mucho antes
stormy,215.2,6,Mucho antes
rainy,139.5,5,Ligeramente tarde
clear,228.3,8,Ligeramente antes
rainy,274.3,10,Ligeramente tarde
hot,111.8,4,Ligeramente antes
foggy,140.0,5,Mucho antes
stormy,132.4,9,Mucho antes
clear,116.4,2,Mucho antes
cold,145.4,6,Mucho antes
rainy,186.9,7,Mucho antes
stormy,3.6,3,Ligeramente tarde
cold,260.2,10,Mucho tarde
rainy,261.3,13,Mucho tarde
foggy,56.2,4,Mucho antes
foggy,36.6,4,Mucho antes
rainy,212.7,10,Mucho tarde
cold,285.7,8,Mucho antes
hot,45.4,1,Mucho antes
foggy,246.5,8,Mucho antes
stormy,285.1,9,Mucho antes
stormy,246.1,11,Mucho antes
cold,165.5,7,Mucho antes
hot,276.6,9,Ligeramente tarde
rainy,4.8,6,Mucho antes
hot,258.9,6,Mucho antes
foggy,208.2,7,Ligeramente antes
cold,117.5,5,Mucho antes
clear,258.3,7,Ligeramente antes
hot,221.5,4,Mucho antes
stormy,239.1,10,Ligeramente tarde
rainy,86.2,4,Mucho antes
stormy,173.0,14,Mucho antes
clear,108.3,2,Mucho antes
clear,197.0,7,Ligeramente tarde
foggy,222.2,9,Mucho antes
cold,194.4,6,Mucho antes
clear,263.8,8,Ligeramente tarde
rainy,39.3,3,Ligeramente tarde
cold,166.1,9,Mucho antes
foggy,161.4,4,Mucho antes
cold,224.9,7,Ligeramente tarde
rainy,145.6,8,Mucho tarde
stormy,76.9,10,Ligeramente tarde
foggy,76.9,7,Mucho tarde
clear,101.1,3,Mucho antes
cold,125.1,3,Mucho antes
rainy,205.8,8,Mucho antes
clear,126.6,6,Mucho antes
foggy,66.8,3,Mucho antes
stormy,41.7,4,Mucho antes
foggy,211.6,9,Mucho antes
rainy,34.3,6,Mucho antes
hot,89.7,4,Mucho antes
hot,64.6,2,Mucho antes
cold,26.2,2,Mucho antes
clear,265.5,8,Ligeramente antes
clear,22.5,1,Mucho antes
cold,71.8,2,Mucho antes
cold,52.0,2,Mucho antes
stormy,256.0,10,Ligeramente tarde
cold,268.7,10,Mucho antes
stormy,166.7,8,Ligeramente antes
cold,210.6,6,Ligeramente antes
foggy,253.2,6,Mucho antes
foggy,93.3,4,Ligeramente tarde
stormy,155.8,11,Mucho tarde
foggy,3.6,3,Mucho antes
foggy,75.5,5,Mucho antes
foggy,157.5,11,Mucho tarde
stormy,101.0,9,Mucho antes
stormy,43.6,8,Mucho antes
clear,28.8,1,Mucho antes
rainy,255.4,6,Mucho antes
rainy,225.7,11,Mucho antes
foggy,236.0,8,Ligeramente antes
stormy,204.7,8,Mucho antes
cold,53.2,3,Mucho antes
hot,221.2,6,Mucho antes
clear,167.3,6,Ligeramente tarde
hot,5.5,2,Mucho antes
rainy,16.1,3,Mucho antes
hot,66.6,4,Ligeramente tarde
clear,236.6,8,Ligeramente antes
foggy,180.5,6,Mucho antes
stormy,179.7,11,Mucho tarde
rainy,296.2,8,Ligeramente antes
stormy,149.2,8,Ligeramente antes
foggy,138.5,7,Mucho tarde
clear,139.3,7,Mucho antes
foggy,94.2,6,Mucho antes
foggy,66.4,4,Mucho antes
stormy,22.3,3,Mucho antes
rainy,94.5,8,Mucho antes
hot,36.1,1,Ligeramente antes
stormy,45.6,6,Mucho tarde
hot,174.7,4,Mucho antes
hot,67.7,3,Ligeramente antes
hot,51.0,2,Mucho antes
clear,158.5,2,Mucho antes
foggy,3.7,4,Mucho antes
hot,172.9,4,Ligeramente antes
foggy,116.1,6,Mucho antes
foggy,86.7,6,Mucho antes
foggy,19.9,4,Mucho antes
stormy,72.6,6,Mucho antes
clear,227.5,8,Mucho antes
foggy,127.2,5,Mucho antes
stormy,193.2,11,Mucho antes
hot,254.0,9,Ligeramente tarde
stormy,253.1,13,Mucho antes
hot,243.2,7,Ligeramente tarde
clear,43.0,3,Ligeramente tarde
stormy,210.1,10,Mucho antes
stormy,55.6,6,Mucho antes
rainy,193.6,10,Mucho antes
foggy,130.1,3,Mucho antes
foggy,280.8,8,Mucho antes
clear,114.7,3,Ligeramente antes
hot,244.4,9,Mucho antes
stormy,68.0,4,Mucho antes
rainy,8.5,2,Mucho antes
cold,227.7,7,Ligeramente antes
cold,212.5,7,Mucho antes
clear,58.1,3,Mucho antes
rainy,64.5,8,Ligeramente antes
cold,269.2,12,Mucho antes
stormy,130.9,8,Mucho antes
foggy,171.0,7,Mucho antes
stormy,34.9,5,Mucho antes
hot,33.2,3,Ligeramente tarde
rainy,226.8,9,Mucho tarde
rainy,94.5,6,Mucho antes
foggy,220.3,6,Ligeramente antes
rainy,31.0,8,Mucho antes
rainy,5.1,5,Mucho antes
clear,125.4,2,Mucho antes
rainy,118.1,5,Ligeramente tarde
stormy,289.7,15,Mucho tarde
foggy,10.1,4,Mucho antes
stormy,185.8,11,Mucho antes
rainy,246.4,11,Mucho tarde
hot,105.2,5,Mucho antes
stormy,206.1,11,Mucho antes
clear,237.0,6,Mucho antes
hot,87.9,2,Mucho antes
stormy,240.0,12,Mucho antes
hot,290.8,7,Mucho antes
stormy,94.6,8,Mucho tarde
rainy,59.2,6,Mucho antes
hot,274.8,7,Mucho antes
foggy,7.2,3,Mucho antes
rainy,40.9,5,Mucho antes
cold,117.0,3,Ligeramente antes
stormy,205.4,9,Ligeramente tarde
cold,279.1,10,Ligeramente tarde
foggy,161.5,8,Mucho tarde
cold,234.9,10,Mucho antes
cold,81.7,4,Ligeramente tarde
stormy,206.7,9,Mucho tarde
rainy,76.6,6,Mucho tarde
stormy,258.2,11,Mucho tarde
stormy,108.2,8,Mucho tarde
stormy,218.4,9,Mucho tarde
rainy,116.6,7,Mucho tarde
hot,173.9,6,Ligeramente tarde
hot,189.7,5,Mucho antes
clear,70.3,2,Ligeramente antes
stormy,90.3,9,Ligeramente tarde
clear,78.6,3,Ligeramente antes
cold,131.5,6,Mucho antes
rainy,15.5,4,Ligeramente tarde
stormy,297.1,9,Mucho antes
stormy,87.8,10,Mucho tarde
hot,131.5,5,Mucho antes
rainy,82.9,5,Mucho antes
hot,117.8,4,Mucho antes
clear,271.7,5,Mucho antes
clear,208.7,5,Mucho antes
clear,149.9,8,Mucho antes
clear,205.1,8,Ligeramente tarde
cold,149.3,4,Ligeramente antes
clear,62.2,3,Ligeramente antes
hot,89.3,1,Mucho antes
stormy,147.0,8,Mucho tarde
foggy,221.4,9,Mucho antes
rainy,17.0,2,Mucho antes
clear,111.6,3,Ligeramente antes
foggy,40.2,4,Ligeramente tarde
stormy,197.3,11,Mucho antes
stormy,66.2,6,Mucho antes
stormy,105.4,5,Mucho antes
foggy,123.5,4,Mucho antes
clear,127.5,4,Mucho antes
hot,165.6,9,Mucho antes
rainy,33.5,4,Mucho antes
stormy,242.8,12,Mucho antes
hot,164.4,6,Mucho antes
cold,161.4,5,Mucho antes
cold,84.9,4,Ligeramente tarde
cold,3.6,2,Mucho antes
rainy,183.1,7,Ligeramente antes
stormy,143.8,7,Ligeramente antes
foggy,120.3,8,Ligeramente antes
foggy,163.8,8,Mucho antes
hot,212.7,6,Mucho antes
cold,164.5,3,Mucho antes
stormy,130.0,8,Mucho tarde
clear,297.1,6,Ligeramente antes
foggy,176.8,6,Ligeramente tarde
rainy,82.5,8,Mucho tarde
cold,68.4,3,Mucho antes
cold,142.8,4,Mucho antes
stormy,40.7,6,Mucho tarde
rainy,9.5,4,Ligeramente tarde
stormy,168.2,7,Mucho antes
cold,123.3,5,Mucho antes
stormy,243.4,9,Ligeramente tarde
rainy,3.6,5,Mucho antes
clear,214.7,6,Mucho antes
stormy,214.5,9,Ligeramente tarde
stormy,251.0,12,Mucho tarde
foggy,244.4,11,Mucho antes
rainy,291.6,15,Mucho tarde
hot,39.4,2,Mucho antes
clear,101.6,2,Mucho antes
hot,286.7,10,Mucho antes
clear,249.3,6,Mucho antes
cold,243.3,9,Mucho antes
cold,171.2,7,Mucho antes
clear,285.0,9,Ligeramente tarde
hot,130.5,3,Mucho antes
stormy,103.9,10,Mucho tarde
clear,296.3,7,Mucho antes
rainy,103.3,8,Mucho antes
stormy,271.4,9,Ligeramente tarde
clear,116.0,3,Ligeramente antes
stormy,218.4,6,Ligeramente antes
rainy,146.2,10,Mucho antes
foggy,178.3,9,Ligeramente tarde
clear,270.9,9,Mucho antes
clear,216.9,5,Ligeramente antes
cold,240.4,8,Mucho antes
cold,136.2,4,Mucho antes
hot,31.3,2,Mucho antes
stormy,276.4,15,Ligeramente antes
cold,293.2,12,Mucho antes
hot,86.4,1,Mucho antes
stormy,262.2,16,Ligeramente antes
cold,168.0,5,Mucho antes
cold,108.6,6,Mucho antes
cold,8.7,1,Ligeramente antes
cold,240.4,6,Mucho antes
clear,295.1,6,Mucho antes
cold,63.1,3,Mucho antes
foggy,3.6,3,Ligeramente tarde
stormy,98.7,10,Mucho antes
stormy,273.9,10,Mucho antes
rainy,260.4,16,Ligeramente antes
stormy,132.1,8,Ligeramente antes
stormy,245.3,8,Mucho antes
cold,88.5,4,Mucho antes
cold,173.0,5,Ligeramente antes
foggy,201.8,5,Ligeramente antes
clear,34.6,3,Mucho antes
hot,47.6,1,Ligeramente antes
cold,25.9,2,Mucho antes
foggy,297.1,11,Mucho antes
rainy,117.3,8,Mucho antes
foggy,95.5,4,Mucho antes
foggy,104.3,2,Mucho antes
rainy,290.4,9,Mucho antes
foggy,8.6,2,Mucho antes
rainy,278.3,11,Mucho tarde
clear,172.6,6,Ligeramente tarde
stormy,161.9,10,Mucho antes
foggy,104.5,3,Mucho antes
clear,9.6,0,Mucho antes
stormy,254.3,14,Mucho antes
rainy,158.4,6,Ligeramente tarde
clear,3.6,1,Mucho antes
hot,211.4,5,Ligeramente antes
hot,127.5,3,Mucho antes
clear,118.9,5,Mucho antes
hot,19.4,1,Mucho antes
stormy,202.1,8,Mucho antes
clear,194.8,6,Mucho antes
foggy,290.6,8,Ligeramente antes
cold,33.3,1,Mucho antes
clear,283.7,9,Ligeramente tarde
foggy,144.0,4,Mucho antes
clear,17.0,0,Mucho antes
rainy,226.9,10,Mucho tarde
stormy,124.6,9,Mucho antes
stormy,27.9,6,Mucho antes
stormy,38.9,8,Mucho antes
stormy,289.0,17,Ligeramente tarde
hot,196.6,8,Mucho tarde
foggy,285.9,12,Mucho tarde
stormy,233.1,11,Mucho antes
cold,188.2,6,Ligeramente tarde
foggy,36.5,3,Mucho antes
clear,135.6,4,Mucho antes
foggy,72.9,5,Mucho antes
hot,48.8,3,Mucho antes
rainy,148.7,10,Mucho tarde
foggy,94.7,2,Mucho antes
clear,286.0,7,Mucho antes
cold,9.7,3,Mucho antes
clear,9.5,3,Ligeramente tarde
cold,187.6,5,Mucho antes
stormy,28.8,7,Mucho antes
hot,166.7,7,Mucho antes
stormy,244.9,11,Mucho tarde
clear,38.5,2,Mucho antes
clear,22.0,0,Mucho antes
rainy,285.5,12,Mucho tarde
foggy,258.1,12,Mucho antes
cold,74.7,4,Mucho antes
cold,145.2,4,Mucho antes
clear,47.2,2,Mucho antes
rainy,251.7,8,Mucho antes
cold,58.5,3,Ligeramente antes
hot,249.2,8,Ligeramente antes
foggy,75.1,4,Mucho antes
stormy,33.9,4,Mucho antes
clear,64.8,3,Mucho antes
hot,162.6,4,Mucho antes
hot,265.6,10,Mucho antes
rainy,12.5,4,Mucho antes
clear,43.8,1,Mucho antes
cold,166.4,7,Ligeramente antes
foggy,28.1,3,Mucho antes
foggy,104.9,3,Ligeramente antes
clear,112.8,4,Mucho antes
stormy,146.9,8,Mucho antes
cold,215.8,6,Mucho antes
hot,74.6,4,Mucho antes
cold,99.0,4,Mucho antes
stormy,130.4,8,Ligeramente antes
hot,118.3,3,Mucho antes
stormy,215.2,11,Mucho tarde
hot,14.7,0,Mucho antes
hot,45.2,4,Mucho antes
stormy,42.3,7,Ligeramente antes
hot,161.1,3,Mucho antes
cold,26.4,2,Ligeramente antes
hot,23.4,0,Mucho antes
foggy,234.6,7,Ligeramente tarde
hot,294.1,7,Mucho antes
cold,11.9,2,Ligeramente antes
hot,52.4,1,Mucho antes
stormy,153.2,10,Mucho tarde
cold,270.1,7,Mucho antes
foggy,151.7,6,Mucho antes
cold,114.5,3,Mucho antes
stormy,251.9,10,Mucho tarde
clear,231.4,10,Mucho antes
clear,240.2,6,Ligeramente antes
cold,71.0,4,Mucho antes
rainy,195.4,8,Mucho antes
hot,55.8,4,Ligeramente tarde
stormy,137.4,7,Mucho antes
stormy,251.9,10,Mucho tarde
stormy,238.8,13,Mucho antes
stormy,167.0,9,Mucho antes
hot,231.2,6,Ligeramente antes
foggy,21.2,4,Mucho antes
stormy,249.1,8,Mucho antes
foggy,238.5,7,Mucho antes
hot,222.8,7,Ligeramente antes
foggy,44.1,3,Mucho antes
rainy,64.8,6,Mucho antes
cold,66.6,3,Mucho antes
cold,205.6,4,Mucho antes
stormy,84.8,7,Mucho antes
stormy,40.4,6,Mucho tarde
clear,169.3,5,Ligeramente antes
hot,107.7,3,Mucho antes
hot,144.7,3,Mucho antes
clear,219.4,4,Mucho antes
hot,70.3,2,Mucho antes
clear,272.0,11,Mucho antes
stormy,215.9,8,Ligeramente antes
hot,245.6,7,Mucho antes
rainy,124.5,10,Mucho tarde
cold,176.3,4,Ligeramente antes
stormy,235.6,12,Mucho tarde
cold,15.1,2,Mucho antes
hot,110.6,4,Mucho antes
stormy,35.4,5,Mucho antes
rainy,240.5,10,Mucho antes
cold,291.5,10,Mucho antes
stormy,271.1,12,Mucho tarde
foggy,275.7,7,Mucho antes
rainy,113.1,8,Mucho antes
stormy,156.7,14,Mucho antes
stormy,117.4,10,Mucho antes
clear,110.3,5,Mucho antes
stormy,5.4,7,Ligeramente antes
clear,177.6,7,Ligeramente tarde
hot,244.1,8,Mucho antes
stormy,119.8,7,Mucho antes
foggy,255.4,10,Ligeramente tarde
foggy,134.5,6,Mucho antes
cold,192.2,6,Ligeramente tarde
hot,4.5,0,Mucho antes
cold,186.6,8,Mucho antes
hot,88.9,4,Ligeramente tarde
hot,240.7,9,Mucho tarde
cold,3.6,2,Mucho antes
stormy,33.7,6,Mucho antes
rainy,245.5,12,Mucho tarde
rainy,134.4,5,Mucho antes
rainy,81.2,6,Mucho tarde
stormy,6.7,4,Mucho antes
foggy,108.4,4,Mucho antes
hot,238.5,7,Mucho antes
stormy,159.4,9,Mucho antes
foggy,36.2,6,Mucho antes
rainy,112.4,6,Mucho antes
cold,104.2,3,Mucho antes
stormy,32.6,4,Mucho antes
clear,111.3,2,Mucho antes
foggy,42.4,3,Mucho antes
cold,213.9,8,Mucho antes
rainy,68.7,6,Mucho antes
cold,87.2,4,Mucho antes
rainy,46.3,4,Ligeramente tarde
stormy,238.6,12,Mucho tarde
stormy,278.9,10,Ligeramente tarde
cold,58.7,4,Mucho antes
rainy,158.7,7,Ligeramente antes
rainy,273.1,12,Mucho tarde
rainy,283.0,10,Mucho antes
foggy,42.4,5,Mucho tarde
rainy,180.2,6,Ligeramente tarde
rainy,152.0,7,Mucho antes
stormy,123.3,9,Mucho tarde
rainy,244.6,11,Mucho tarde
clear,8.7,2,Mucho antes
clear,252.7,7,Ligeramente antes
clear,71.2,3,Ligeramente antes
clear,44.0,1,Mucho antes
cold,189.5,6,Mucho antes
clear,282.5,8,Mucho antes
cold,156.0,5,Mucho antes
hot,289.2,10,Mucho antes
rainy,184.6,6,Mucho antes
rainy,179.2,7,Mucho antes
clear,56.6,1,Mucho antes
stormy,45.3,9,Mucho tarde
clear,189.4,5,Mucho antes
hot,19.6,2,Mucho antes
foggy,292.1,9,Mucho antes
hot,84.2,4,Ligeramente tarde
cold,139.5,5,Mucho antes
cold,55.5,1,Mucho antes
rainy,135.6,5,Mucho antes
hot,70.1,2,Mucho antes
stormy,251.7,9,Ligeramente tarde
stormy,19.9,6,Mucho antes
clear,125.4,5,Mucho antes
clear,230.5,6,Mucho antes
rainy,265.4,12,Mucho tarde
clear,290.3,13,Mucho tarde
clear,18.2,3,Ligeramente tarde
hot,40.3,2,Mucho antes
rainy,75.1,4,Mucho antes
cold,286.6,7,Ligeramente antes
hot,290.6,11,Mucho antes
stormy,173.0,12,Mucho tarde
foggy,220.4,8,Mucho antes
cold,141.3,7,Mucho antes
stormy,271.4,15,Mucho antes
cold,33.6,3,Mucho antes
rainy,240.9,8,Mucho antes
cold,143.8,4,Mucho antes
rainy,137.0,11,Mucho antes
hot,171.0,3,Mucho antes
cold,143.0,4,Mucho antes
cold,256.3,7,Ligeramente antes
foggy,72.9,4,Mucho antes
stormy,38.9,5,Mucho antes
hot,192.4,4,Mucho antes
foggy,225.6,8,Ligeramente tarde
stormy,149.1,8,Mucho tarde
clear,195.7,7,Mucho antes
clear,144.9,6,Mucho antes
cold,250.0,7,Ligeramente antes
clear,213.6,6,Mucho antes
foggy,288.1,12,Mucho antes
hot,182.1,8,Mucho antes
clear,202.8,8,Mucho antes
cold,160.0,5,Mucho antes
hot,163.7,5,Mucho antes
foggy,24.4,4,Mucho antes
rainy,134.4,11,Mucho tarde
clear,71.8,3,Ligeramente antes
stormy,290.4,11,Mucho antes
hot,269.3,11,Mucho tarde
cold,123.5,5,Mucho antes
rainy,33.4,7,Mucho antes
stormy,116.0,11,Mucho tarde
clear,297.1,9,Mucho antes
clear,21.4,1,Mucho antes
rainy,270.5,10,Mucho tarde
clear,32.8,1,Mucho antes
rainy,167.6,8,Ligeramente antes
stormy,260.6,13,Mucho tarde
clear,185.9,4,Mucho antes
clear,53.1,2,Ligeramente antes
foggy,297.1,8,Mucho antes
clear,258.5,11,Mucho antes
stormy,46.2,8,Mucho antes
rainy,155.7,7,Ligeramente antes
hot,195.1,8,Ligeramente antes
clear,177.4,3,Mucho antes
foggy,106.8,5,Mucho antes
cold,245.5,5,Mucho antes
foggy,84.4,2,Ligeramente antes
foggy,91.7,4,Mucho antes
clear,164.6,8,Ligeramente antes
foggy,19.9,5,Mucho antes
hot,24.3,2,Mucho antes
hot,290.0,9,Ligeramente tarde
clear,130.7,5,Ligeramente tarde
rainy,169.6,9,Ligeramente tarde
clear,297.1,11,Mucho tarde
rainy,292.6,12,Mucho antes
cold,231.6,7,Ligeramente antes
rainy,176.2,11,Mucho antes
foggy,75.4,3,Mucho antes
cold,55.4,1,Mucho antes
cold,36.7,2,Ligeramente antes
rainy,112.8,6,Mucho antes
foggy,80.0,5,Mucho antes
hot,253.5,11,Mucho antes
cold,276.0,7,Mucho antes
stormy,181.9,14,Mucho antes
hot,196.1,3,Mucho antes
foggy,161.0,5,Mucho antes
clear,34.1,3,Ligeramente tarde
hot,257.3,8,Mucho antes
foggy,12.6,4,Mucho antes
rainy,202.8,7,Ligeramente antes
stormy,50.8,6,Mucho antes
clear,234.2,6,Mucho antes
hot,195.7,7,Ligeramente antes
stormy,74.7,4,Mucho antes
foggy,233.4,8,Ligeramente antes
rainy,235.5,10,Mucho tarde
foggy,150.3,3,Mucho antes
cold,165.2,6,Mucho antes
rainy,32.8,6,Mucho antes
stormy,128.6,7,Ligeramente antes
stormy,198.4,10,Ligeramente tarde
rainy,21.6,7,Mucho antes
stormy,108.4,10,Mucho tarde
rainy,135.7,8,Ligeramente antes
cold,213.6,6,Mucho antes
stormy,111.5,6,Mucho antes
stormy,277.9,11,Mucho tarde
cold,241.2,9,Mucho antes
foggy,151.0,6,Ligeramente tarde
foggy,213.9,6,Ligeramente antes
rainy,94.1,9,Mucho antes
clear,148.4,6,Ligeramente tarde
hot,171.9,5,Ligeramente antes
hot,85.7,4,Mucho antes
hot,253.8,7,Ligeramente antes
stormy,166.2,6,Mucho antes
stormy,139.0,8,Mucho tarde
hot,95.3,5,Ligeramente tarde
clear,266.6,6,Mucho antes
stormy,93.3,6,Mucho antes
cold,38.0,1,Ligeramente antes
foggy,26.9,5,Mucho tarde
stormy,258.4,10,Mucho antes
foggy,96.5,4,Mucho antes
cold,194.5,6,Mucho antes
hot,297.1,7,Mucho antes
hot,79.7,4,Ligeramente tarde
foggy,190.1,7,Ligeramente antes
cold,164.3,7,Mucho antes
foggy,21.1,4,Mucho antes
hot,104.3,2,Mucho antes
rainy,39.1,8,Mucho tarde
rainy,73.3,4,Mucho antes
clear,257.9,6,Mucho antes
rainy,99.9,6,Mucho antes
rainy,9.3,3,Mucho antes
cold,266.1,7,Mucho antes
hot,276.9,7,Ligeramente antes
cold,163.4,5,Ligeramente antes
cold,106.6,6,Ligeramente tarde
stormy,244.1,13,Mucho tarde
hot,30.6,1,Mucho antes
rainy,184.3,12,Mucho antes
foggy,45.1,4,Ligeramente tarde
hot,258.1,6,Mucho antes
hot,230.4,5,Ligeramente antes
cold,270.0,7,Mucho antes
clear,290.1,9,Ligeramente tarde
foggy,239.3,6,Ligeramente antes
clear,80.9,1,Mucho antes
clear,185.9,7,Ligeramente tarde
rainy,281.1,14,Mucho antes
hot,57.9,4,Mucho antes
stormy,58.2,8,Ligeramente antes
foggy,224.5,11,Mucho tarde
foggy,188.9,5,Mucho antes
cold,136.1,2,Mucho antes
rainy,28.1,4,Mucho antes
foggy,228.7,7,Ligeramente tarde
stormy,102.2,9,Mucho tarde
foggy,273.0,8,Ligeramente tarde
cold,179.0,4,Mucho antes
foggy,226.6,10,Mucho antes
stormy,55.2,7,Mucho antes
stormy,203.1,11,Mucho tarde
stormy,290.5,12,Mucho antes
rainy,67.9,6,Mucho antes
foggy,222.5,10,Mucho antes
cold,122.8,6,Ligeramente tarde
clear,31.0,1,Ligeramente antes
cold,268.5,5,Mucho antes
rainy,131.0,7,Mucho tarde
stormy,104.7,12,Mucho antes
rainy,237.8,12,Mucho tarde
clear,4.9,2,Ligeramente antes
foggy,177.4,7,Ligeramente tarde
foggy,16.8,4,Ligeramente tarde
cold,282.6,6,Ligeramente antes
rainy,269.9,14,Mucho antes
rainy,194.7,7,Ligeramente antes
cold,158.6,3,Mucho antes
rainy,234.0,11,Mucho antes
clear,211.8,3,Mucho antes
rainy,129.0,6,Mucho antes
foggy,49.3,4,Mucho antes
rainy,252.8,9,Mucho antes
clear,207.6,6,Mucho antes
foggy,94.9,7,Mucho antes
clear,130.7,3,Mucho antes
hot,219.1,4,Mucho antes
foggy,190.8,11,Mucho antes
hot,275.8,4,Mucho antes
foggy,9.8,3,Mucho antes
clear,188.8,5,Mucho antes
cold,116.0,4,Mucho antes
hot,87.4,2,Mucho antes
clear,270.1,5,Mucho antes
foggy,129.3,6,Mucho antes
stormy,127.7,10,Mucho tarde
clear,84.1,4,Mucho antes
rainy,223.6,11,Mucho tarde
cold,133.0,5,Mucho antes
hot,118.7,3,Mucho antes
cold,208.0,7,Mucho antes
cold,186.0,6,Ligeramente tarde
foggy,297.1,11,Mucho antes
hot,93.9,5,Mucho antes
hot,280.2,5,Mucho antes
stormy,151.7,9,Ligeramente tarde
stormy,9.3,3,Ligeramente tarde
rainy,215.5,8,Ligeramente tarde
cold,116.2,4,Mucho antes
clear,263.7,6,Ligeramente antes
rainy,124.0,9,Ligeramente tarde
cold,36.4,1,Mucho antes
rainy,203.0,9,Mucho antes
clear,103.5,3,Mucho antes
hot,186.4,5,Mucho antes
rainy,88.2,5,Mucho antes
clear,101.7,4,Mucho antes
rainy,157.3,6,Mucho antes
hot,154.6,5,Mucho antes
clear,297.1,10,Mucho antes
rainy,162.3,8,Mucho antes
stormy,181.6,9,Ligeramente tarde
hot,256.9,7,Ligeramente antes
stormy,3.6,6,Mucho antes
clear,282.6,8,Ligeramente antes
rainy,101.3,6,Mucho antes
hot,247.9,6,Mucho antes
foggy,178.3,8,Mucho antes
clear,256.1,11,Mucho tarde
cold,115.6,4,Mucho antes
clear,256.2,6,Ligeramente antes
hot,279.6,9,Ligeramente tarde
clear,90.2,5,Mucho antes
foggy,186.6,7,Mucho antes
stormy,63.4,6,Mucho antes
rainy,198.3,11,Mucho tarde
clear,278.8,8,Mucho antes
stormy,194.7,7,Ligeramente tarde
foggy,220.7,9,Mucho antes
rainy,263.3,11,Mucho antes
cold,204.0,4,Mucho antes
rainy,76.3,6,Mucho antes
rainy,198.9,11,Mucho tarde
hot,278.3,7,Ligeramente antes
clear,217.2,4,Mucho antes
foggy,81.1,5,Mucho antes
hot,270.0,7,Ligeramente antes
clear,277.6,7,Ligeramente antes
clear,71.8,2,Mucho antes
cold,110.7,5,Mucho antes
hot,34.5,2,Mucho antes
rainy,278.2,14,Mucho antes
foggy,173.8,10,Mucho antes
foggy,98.2,6,Mucho antes
cold,82.5,2,Mucho antes
hot,170.2,5,Ligeramente antes
rainy,290.7,13,Mucho antes
clear,139.9,4,Mucho antes
foggy,294.2,10,Ligeramente tarde
hot,222.7,5,Ligeramente antes
cold,211.7,5,Mucho antes
clear,46.9,3,Ligeramente tarde
stormy,59.3,8,Mucho tarde
foggy,221.9,9,Mucho antes
rainy,50.4,5,Ligeramente tarde
stormy,165.6,12,Mucho antes
clear,154.3,3,Mucho antes
clear,217.5,6,Ligeramente antes
stormy,165.6,10,Mucho tarde
rainy,66.2,8,Mucho antes
stormy,234.5,11,Mucho tarde
cold,235.5,5,Mucho antes
rainy,12.8,4,Ligeramente tarde
hot,163.1,7,Ligeramente tarde
hot,25.5,0,Mucho antes
clear,35.7,1,Mucho antes
rainy,17.9,3,Mucho antes
rainy,228.1,10,Mucho antes
cold,170.6,6,Ligeramente tarde
stormy,152.4,8,Mucho antes
hot,64.7,3,Mucho antes
clear,7.8,2,Mucho antes
stormy,67.7,6,Mucho antes
stormy,96.6,9,Mucho tarde
stormy,259.4,10,Mucho antes
foggy,44.9,5,Mucho antes
clear,63.8,3,Mucho antes
stormy,42.2,6,Mucho antes
foggy,235.0,9,Mucho tarde
rainy,44.1,3,Mucho antes
cold,31.2,3,Mucho antes
rainy,153.5,10,Mucho antes
cold,152.4,2,Mucho antes
foggy,133.7,7,Mucho antes
rainy,256.7,11,Mucho tarde
cold,167.5,7,Ligeramente tarde
cold,8.1,2,Mucho antes
cold,95.5,2,Ligeramente antes
foggy,232.8,5,Mucho antes
cold,43.3,1,Mucho antes
hot,254.0,9,Mucho antes
foggy,154.8,6,Ligeramente tarde
cold,99.6,3,Mucho antes
stormy,66.8,7,Mucho antes
rainy,97.3,7,Mucho antes
hot,17.1,0,Mucho antes
clear,168.0,5,Ligeramente antes
rainy,77.6,6,Mucho antes
foggy,262.6,9,Ligeramente tarde
stormy,43.7,5,Mucho antes
stormy,139.7,10,Mucho antes
hot,217.5,7,Ligeramente antes
stormy,226.0,12,Mucho tarde
stormy,67.0,9,Mucho antes
hot,285.6,10,Mucho antes
stormy,284.7,9,Mucho antes
cold,125.3,6,Mucho antes
foggy,138.2,5,Ligeramente tarde
clear,100.9,4,Mucho antes
stormy,119.4,8,Ligeramente antes
cold,237.5,12,Mucho tarde
rainy,153.5,7,Ligeramente tarde
clear,268.4,5,Mucho antes
foggy,123.8,6,Mucho antes
cold,208.4,5,Mucho antes
rainy,220.6,10,Ligeramente tarde
hot,101.0,3,Mucho antes
rainy,273.6,17,Mucho tarde
hot,153.2,3,Mucho antes
rainy,152.6,6,Ligeramente tarde
cold,15.9,1,Mucho antes
foggy,255.0,12,Mucho tarde
clear,183.5,6,Ligeramente tarde
cold,69.5,2,Mucho antes
stormy,95.1,7,Mucho antes
clear,110.7,5,Mucho antes
foggy,250.5,8,Ligeramente antes
cold,242.0,9,Ligeramente tarde
foggy,162.6,8,Mucho antes
cold,235.6,5,Mucho antes
stormy,170.7,10,Mucho tarde
clear,45.3,1,Ligeramente antes
stormy,67.3,5,Mucho antes
clear,97.9,5,Mucho antes
hot,69.0,4,Mucho antes
clear,270.0,7,Ligeramente antes
stormy,59.4,6,Mucho antes
clear,29.9,2,Mucho antes
rainy,250.7,11,Mucho antes
rainy,43.1,3,Mucho antes
foggy,3.6,3,Mucho antes
stormy,204.0,10,Mucho tarde
cold,46.0,1,Mucho antes
stormy,119.8,6,Mucho antes
hot,98.1,3,Ligeramente antes
cold,288.7,11,Mucho antes
foggy,30.5,1,Mucho antes
clear,18.1,1,Mucho antes
rainy,233.5,10,Ligeramente tarde
cold,100.6,2,Mucho antes
hot,169.3,7,Ligeramente antes
cold,4.0,1,Mucho antes
rainy,296.8,14,Mucho tarde
clear,195.9,5,Mucho antes
cold,197.1,6,Mucho antes
cold,225.2,6,Ligeramente antes
foggy,109.6,7,Ligeramente antes
cold,121.1,2,Mucho antes
stormy,131.9,10,Mucho antes
cold,238.3,7,Mucho antes
rainy,26.1,3,Mucho antes
stormy,87.3,8,Mucho antes
clear,234.5,6,Mucho antes
hot,21.6,3,Mucho antes
rainy,284.5,11,Mucho tarde
cold,166.3,5,Mucho antes
stormy,37.5,7,Ligeramente antes
hot,59.9,1,Mucho antes
hot,62.5,2,Ligeramente antes
cold,56.7,4,Mucho antes
foggy,156.2,5,Mucho antes
foggy,242.9,8,Ligeramente antes
hot,49.7,2,Ligeramente antes
foggy,16.1,3,Ligeramente tarde
clear,11.2,0,Mucho antes
stormy,38.4,6,Mucho antes
cold,61.3,2,Mucho antes
stormy,123.5,6,Mucho antes
stormy,223.0,11,Mucho tarde
rainy,8.3,4,Mucho antes
rainy,85.6,5,Mucho antes
stormy,8.7,4,Ligeramente tarde
stormy,297.1,13,Mucho tarde
cold,208.4,6,Mucho antes
foggy,60.5,3,Ligeramente antes
hot,31.5,2,Mucho antes
hot,85.6,3,Mucho antes
hot,221.2,5,Ligeramente antes
rainy,297.1,15,Mucho tarde
hot,80.5,3,Mucho antes
stormy,243.8,12,Mucho tarde
foggy,249.4,8,Mucho antes
hot,203.3,7,Mucho antes
hot,154.6,5,Mucho antes
cold,278.6,5,Mucho antes
hot,197.4,4,Mucho antes
clear,156.7,6,Mucho antes
stormy,183.6,9,Ligeramente tarde
stormy,232.0,8,Mucho antes
clear,40.3,3,Mucho antes
foggy,250.1,7,Mucho antes
clear,254.7,10,Mucho tarde
foggy,106.3,7,Mucho antes
foggy,20.3,5,Mucho antes
foggy,233.9,7,Mucho antes
hot,262.7,11,Mucho antes
foggy,174.0,4,Mucho antes
foggy,224.7,8,Mucho antes
stormy,229.4,11,Mucho tarde
clear,87.7,3,Ligeramente antes
rainy,34.8,5,Mucho tarde
stormy,263.7,10,Mucho tarde
cold,75.9,4,Ligeramente tarde
stormy,130.7,11,Mucho antes
cold,262.7,10,Ligeramente tarde
rainy,96.8,6,Mucho antes
clear,125.5,3,Mucho antes
hot,9.6,2,Mucho antes
clear,23.9,1,Mucho antes
cold,198.3,9,Mucho antes
foggy,283.6,13,Mucho antes
clear,37.4,4,Mucho antes
hot,273.0,6,Ligeramente antes
cold,34.9,3,Ligeramente tarde
stormy,264.9,14,Mucho tarde
hot,266.7,7,Mucho antes
rainy,10.2,5,Mucho tarde
cold,104.6,4,Ligeramente antes
stormy,65.3,7,Mucho antes
hot,295.1,8,Mucho antes
clear,89.3,3,Mucho antes
foggy,165.0,8,Mucho tarde
clear,127.7,5,Mucho antes
cold,158.2,4,Mucho antes
rainy,202.8,10,Mucho antes
stormy,108.4,5,Ligeramente tarde
hot,268.9,10,Mucho tarde
rainy,70.1,5,Ligeramente tarde
hot,259.3,6,Mucho antes
stormy,169.6,10,Mucho antes
clear,277.8,6,Ligeramente antes
rainy,251.7,8,Mucho antes
rainy,226.9,5,Mucho antes
rainy,101.8,4,Mucho antes
rainy,66.5,2,Ligeramente antes
stormy,271.5,14,Mucho tarde
stormy,45.4,5,Mucho tarde
foggy,9.6,5,Mucho tarde
clear,251.6,6,Mucho antes
hot,245.8,7,Mucho antes
hot,275.3,7,Ligeramente antes
hot,223.5,6,Mucho antes
hot,251.6,5,Mucho antes
stormy,39.6,5,Mucho antes
hot,182.9,4,Mucho antes
foggy,274.7,6,Ligeramente antes
rainy,271.4,13,Mucho tarde
stormy,269.7,10,Mucho antes
stormy,213.8,11,Mucho antes
clear,110.0,3,Ligeramente antes
rainy,58.9,3,Mucho antes
clear,24.7,3,Mucho antes
foggy,29.9,4,Mucho antes
hot,48.2,2,Ligeramente antes
clear,169.3,3,Mucho antes
stormy,9.8,6,Mucho antes
rainy,53.6,5,Ligeramente tarde
stormy,107.9,10,Mucho antes
clear,193.4,4,Mucho antes
rainy,256.0,11,Mucho tarde
stormy,123.0,10,Mucho antes
cold,106.0,3,Mucho antes
hot,156.1,6,Mucho antes
cold,179.3,5,Ligeramente antes
cold,108.1,5,Mucho antes
stormy,194.1,12,Mucho antes
hot,120.6,4,Ligeramente antes
foggy,59.5,5,Ligeramente tarde
cold,254.3,10,Mucho antes
rainy,62.9,6,Mucho antes
foggy,237.4,7,Ligeramente antes
cold,176.3,4,Mucho antes
hot,226.9,5,Mucho antes
clear,3.6,2,Ligeramente antes
rainy,65.7,6,Mucho antes
hot,133.0,3,Ligeramente antes
stormy,260.3,8,Ligeramente antes
hot,31.4,2,Ligeramente antes
foggy,170.3,4,Mucho antes
hot,252.4,7,Ligeramente antes
hot,5.8,1,Mucho antes
stormy,12.1,4,Mucho antes
stormy,119.6,6,Mucho antes
clear,28.4,1,Ligeramente antes
hot,26.6,3,Mucho antes
stormy,64.8,5,Mucho antes
rainy,143.8,4,Mucho antes
clear,100.6,5,Ligeramente tarde
cold,291.7,5,Mucho antes
foggy,134.8,7,Mucho antes
rainy,173.2,9,Mucho tarde
cold,113.4,3,Ligeramente antes
clear,32.1,1,Ligeramente antes
cold,126.4,3,Mucho antes
foggy,135.8,4,Mucho antes
hot,285.5,7,Ligeramente antes
clear,268.2,9,Mucho antes
hot,3.6,0,Mucho antes
stormy,83.7,5,Ligeramente tarde
cold,173.4,4,Mucho antes
rainy,212.3,9,Ligeramente tarde
clear,134.7,5,Mucho antes
hot,213.9,9,Mucho antes
hot,215.9,6,Mucho antes
cold,213.5,7,Ligeramente antes
hot,76.4,2,Ligeramente antes
stormy,3.7,7,Mucho tarde
hot,59.0,3,Mucho antes
stormy,106.1,6,Mucho antes
clear,134.9,3,Ligeramente antes
foggy,27.8,3,Mucho antes
rainy,208.7,11,Mucho tarde
clear,43.9,2,Ligeramente antes
clear,86.9,5,Mucho antes
foggy,97.5,6,Mucho tarde
stormy,176.7,5,Mucho antes
foggy,220.4,5,Mucho antes
cold,93.4,4,Mucho antes
foggy,251.5,11,Mucho antes
foggy,107.2,7,Mucho antes
stormy,242.2,9,Mucho antes
rainy,48.7,4,Mucho antes
stormy,108.3,11,Mucho tarde
rainy,175.3,7,Mucho antes
cold,151.7,7,Mucho antes
foggy,109.1,6,Mucho antes
hot,64.4,2,Mucho antes
foggy,151.8,8,Mucho tarde
hot,28.7,3,Ligeramente tarde
clear,119.3,3,Mucho antes
cold,22.1,0,Mucho antes
rainy,130.4,8,Mucho antes
foggy,288.9,8,Ligeramente tarde
hot,146.2,5,Mucho antes
cold,176.6,7,Mucho antes
stormy,151.1,7,Mucho antes
foggy,66.1,7,Ligeramente antes
foggy,33.3,6,Mucho antes
rainy,100.8,8,Mucho antes
foggy,154.8,7,Mucho antes
hot,209.4,4,Mucho antes
hot,194.6,9,Mucho antes
hot,158.8,6,Mucho antes
rainy,107.3,4,Mucho antes
foggy,78.6,6,Mucho antes
clear,223.2,7,Ligeramente tarde
stormy,267.3,11,Mucho tarde
hot,189.9,7,Mucho antes
cold,31.0,3,Ligeramente tarde
cold,238.7,8,Ligeramente antes
clear,177.5,5,Mucho antes
rainy,196.5,6,Mucho antes
hot,207.8,8,Ligeramente antes
foggy,139.2,5,Mucho antes
foggy,153.6,5,Mucho antes
foggy,94.3,3,Mucho antes
cold,188.2,7,Ligeramente tarde
cold,148.8,5,Mucho antes
clear,103.4,3,Mucho antes
stormy,69.9,9,Mucho antes
stormy,188.7,10,Ligeramente tarde
foggy,135.1,7,Ligeramente antes
hot,61.9,2,Ligeramente antes
rainy,234.0,15,Mucho antes
clear,162.5,4,Ligeramente antes
foggy,190.0,7,Mucho antes
cold,169.2,5,Mucho antes
clear,188.1,7,Ligeramente tarde
foggy,27.6,3,Mucho antes
stormy,86.5,7,Mucho tarde
clear,232.3,5,Mucho antes
rainy,239.7,9,Mucho tarde
stormy,16.2,6,Mucho antes
hot,220.2,6,Ligeramente antes
clear,68.9,4,Mucho antes
hot,250.5,7,Ligeramente antes
cold,116.8,5,Mucho antes
foggy,90.4,4,Mucho antes
stormy,88.1,5,Mucho antes
hot,205.6,4,Mucho antes
cold,204.5,7,Mucho antes
rainy,180.6,10,Mucho antes
hot,285.4,9,Mucho antes
hot,93.1,3,Mucho antes
cold,184.5,5,Ligeramente antes
foggy,132.8,3,Mucho antes
stormy,170.6,9,Mucho tarde
foggy,44.8,4,Mucho antes
rainy,274.6,12,Mucho tarde
foggy,261.9,7,Ligeramente antes
clear,286.9,6,Ligeramente antes
hot,221.5,6,Mucho antes
rainy,211.2,7,Ligeramente antes
stormy,16.8,3,Ligeramente tarde
cold,133.1,5,Ligeramente tarde
foggy,11.7,6,Mucho antes
cold,278.5,12,Mucho tarde
clear,177.5,5,Mucho antes
clear,19.3,1,Ligeramente antes
foggy,180.0,8,Mucho antes
rainy,194.1,6,Mucho antes
hot,294.2,9,Ligeramente tarde
rainy,197.4,6,Mucho antes
hot,242.6,5,Mucho antes
stormy,232.9,9,Mucho tarde
rainy,216.8,9,Mucho tarde
foggy,33.3,4,Mucho antes
stormy,101.0,10,Mucho antes
cold,226.3,8,Mucho antes
clear,268.1,5,Mucho antes
foggy,49.9,5,Mucho antes
foggy,3.6,2,Mucho antes
stormy,255.3,9,Ligeramente tarde
cold,71.6,3,Mucho antes
hot,158.4,7,Ligeramente tarde
stormy,297.1,12,Mucho tarde
clear,224.2,6,Mucho antes
rainy,49.6,3,Mucho antes
hot,278.1,11,Mucho antes
foggy,65.5,3,Ligeramente antes
hot,248.0,6,Mucho antes
hot,4.3,0,Mucho antes
cold,71.3,2,Mucho antes
rainy,34.1,5,Mucho antes
cold,167.7,4,Mucho antes
hot,181.4,6,Mucho antes
stormy,212.3,8,Ligeramente tarde
clear,88.7,3,Mucho antes
hot,284.7,8,Ligeramente tarde
cold,5.1,2,Mucho antes
cold,96.5,4,Mucho antes
rainy,18.6,2,Ligeramente antes
cold,110.8,2,Mucho antes
cold,283.9,7,Ligeramente antes
stormy,91.2,5,Mucho antes
clear,92.3,3,Mucho antes
clear,88.6,3,Mucho antes
hot,248.0,6,Mucho antes
foggy,177.2,10,Mucho antes
stormy,125.7,8,Mucho tarde
cold,110.8,4,Ligeramente antes
stormy,205.3,7,Mucho antes
clear,294.7,10,Ligeramente tarde
foggy,135.6,6,Ligeramente tarde
cold,68.2,2,Ligeramente antes
hot,119.7,6,Mucho antes
stormy,54.7,8,Mucho tarde
foggy,198.8,6,Mucho antes
hot,7.6,1,Mucho antes
stormy,132.7,9,Ligeramente tarde
foggy,9.7,2,Mucho antes
clear,11.3,1,Mucho antes
rainy,114.3,7,Mucho tarde
hot,226.8,7,Ligeramente tarde
cold,200.7,3,Mucho antes
stormy,269.9,9,Ligeramente tarde
stormy,129.1,10,Mucho tarde
stormy,49.5,7,Mucho tarde
hot,23.7,3,Mucho antes
stormy,74.5,5,Mucho antes
cold,151.3,5,Ligeramente antes
cold,84.2,3,Mucho antes
foggy,227.9,8,Ligeramente tarde
rainy,198.2,12,Mucho tarde
clear,129.0,4,Mucho antes
stormy,214.4,9,Mucho tarde
rainy,138.8,6,Ligeramente tarde
rainy,14.1,4,Mucho antes
stormy,221.5,13,Mucho antes
hot,198.7,6,Ligeramente tarde
hot,156.9,4,Ligeramente antes
foggy,44.7,5,Mucho antes
stormy,154.9,9,Mucho antes
foggy,78.8,3,Ligeramente antes
stormy,291.6,13,Mucho antes
foggy,140.1,5,Ligeramente tarde
hot,235.7,6,Ligeramente antes
rainy,171.9,10,Mucho tarde
clear,246.4,9,Mucho tarde
foggy,139.8,3,Mucho antes
foggy,173.6,6,Ligeramente tarde
stormy,145.3,9,Ligeramente tarde
cold,283.0,10,Mucho antes
rainy,39.5,7,Mucho antes
clear,105.4,3,Mucho antes
rainy,165.8,7,Ligeramente antes
hot,27.8,1,Ligeramente antes
cold,252.3,7,Mucho antes
stormy,261.6,8,Mucho antes
rainy,63.1,7,Mucho antes
hot,282.2,10,Mucho tarde
rainy,184.6,6,Mucho antes
cold,178.3,6,Ligeramente tarde
clear,105.2,4,Mucho antes
cold,171.3,5,Mucho antes
stormy,78.1,7,Mucho antes
hot,11.4,3,Mucho antes
stormy,220.9,12,Mucho antes
foggy,287.4,8,Mucho antes
hot,27.7,3,Mucho antes
rainy,179.2,6,Mucho antes
rainy,77.5,4,Ligeramente tarde
hot,113.1,6,Mucho antes
clear,85.3,4,Mucho antes
hot,21.3,2,Mucho antes
clear,296.0,8,Ligeramente antes
clear,172.6,5,Mucho antes
clear,169.2,3,Mucho antes
hot,173.7,6,Ligeramente tarde
clear,25.9,1,Mucho antes
hot,119.3,2,Mucho antes
hot,277.4,8,Ligeramente tarde
stormy,165.7,11,Mucho tarde
clear,120.1,4,Mucho antes
cold,64.6,3,Mucho antes
rainy,75.0,9,Mucho antes
cold,241.6,10,Mucho tarde
stormy,192.4,9,Mucho antes
rainy,99.2,6,Mucho antes
clear,269.4,7,Ligeramente antes
rainy,7.0,1,Mucho antes
stormy,229.0,14,Mucho antes
clear,159.5,5,Mucho antes
foggy,268.5,8,Ligeramente antes
cold,262.8,5,Mucho antes
cold,96.4,4,Ligeramente tarde
clear,11.4,2,Mucho antes
stormy,261.7,8,Mucho antes
stormy,248.2,14,Mucho antes
foggy,48.8,4,Mucho antes
clear,160.4,4,Ligeramente antes
foggy,113.3,6,Mucho antes
stormy,218.4,9,Mucho tarde
stormy,261.2,14,Mucho antes
foggy,187.8,10,Mucho tarde
cold,284.9,8,Ligeramente antes
rainy,16.4,2,Mucho antes
stormy,119.8,6,Ligeramente tarde
hot,105.4,5,Ligeramente tarde
rainy,77.1,6,Mucho antes
foggy,109.2,7,Mucho tarde
clear,39.0,2,Mucho antes
foggy,151.1,6,Mucho antes
stormy,97.0,7,Mucho antes
cold,177.3,8,Mucho antes
clear,128.5,6,Mucho antes
rainy,3.6,5,Mucho antes
rainy,159.0,9,Mucho antes
cold,165.9,5,Ligeramente antes
cold,253.5,7,Mucho antes
cold,87.4,2,Mucho antes
cold,222.8,6,Ligeramente antes
clear,262.9,7,Mucho antes
rainy,207.6,10,Mucho antes
foggy,34.3,3,Mucho antes
hot,126.6,4,Mucho antes
rainy,120.7,9,Mucho antes
hot,75.7,3,Mucho antes
hot,102.5,5,Ligeramente tarde
hot,210.6,5,Mucho antes
rainy,113.9,8,Mucho antes
stormy,61.0,4,Mucho antes
rainy,239.6,13,Mucho antes
stormy,116.9,8,Ligeramente antes
hot,128.3,6,Ligeramente tarde
foggy,26.1,3,Mucho antes
hot,236.5,6,Ligeramente antes
rainy,26.3,7,Ligeramente antes
hot,172.0,3,Mucho antes
rainy,228.1,8,Mucho antes
foggy,38.4,5,Mucho tarde
cold,91.5,3,Mucho antes
hot,296.7,7,Ligeramente antes
foggy,134.4,6,Mucho antes
stormy,174.1,12,Mucho tarde
stormy,259.3,13,Mucho tarde
cold,270.1,12,Mucho antes
rainy,102.9,7,Ligeramente antes
hot,252.9,7,Mucho antes
cold,98.1,5,Mucho antes
stormy,242.5,14,Mucho antes
hot,238.8,8,Mucho antes
stormy,174.5,8,Ligeramente antes
cold,195.2,7,Mucho antes
rainy,171.3,7,Ligeramente tarde
cold,33.8,0,Mucho antes
stormy,132.2,8,Ligeramente antes
stormy,36.9,7,Mucho tarde
cold,17.1,1,Mucho antes
clear,148.3,4,Mucho antes
cold,80.1,2,Mucho antes
cold,105.7,3,Mucho antes
clear,188.5,3,Mucho antes
stormy,140.3,6,Mucho antes
foggy,170.5,9,Mucho tarde
rainy,202.3,10,Ligeramente tarde
rainy,201.1,10,Mucho antes
clear,207.2,6,Mucho antes
hot,137.1,3,Mucho antes
rainy,212.6,10,Mucho tarde
stormy,81.0,8,Ligeramente antes
foggy,229.3,7,Ligeramente antes
cold,238.5,5,Mucho antes
clear,269.1,9,Mucho antes
clear,283.1,9,Mucho antes
hot,156.7,4,Ligeramente antes
stormy,160.3,10,Ligeramente tarde
stormy,114.3,6,Mucho antes
foggy,233.4,11,Mucho tarde
stormy,81.5,7,Ligeramente antes
stormy,192.2,11,Mucho antes
cold,168.9,6,Mucho antes
hot,84.7,3,Mucho antes
cold,78.4,2,Mucho antes
cold,49.1,2,Mucho antes
rainy,220.3,5,Mucho antes
clear,247.0,11,Mucho tarde
stormy,55.3,7,Mucho antes
cold,272.5,11,Mucho antes
foggy,62.6,5,Ligeramente tarde
cold,33.0,1,Mucho antes
rainy,263.5,9,Mucho antes
hot,277.0,7,Mucho antes
clear,50.1,1,Mucho antes
rainy,54.3,4,Ligeramente tarde
cold,88.6,4,Mucho antes
rainy,19.1,2,Mucho antes
cold,126.4,4,Mucho antes
clear,215.9,8,Ligeramente tarde
cold,26.2,1,Ligeramente antes
cold,91.0,2,Ligeramente antes
cold,107.8,4,Mucho antes
foggy,282.6,9,Ligeramente tarde
foggy,223.8,9,Mucho antes
cold,111.3,5,Mucho antes
clear,62.7,3,Ligeramente antes
hot,260.9,5,Mucho antes
clear,86.2,2,Mucho antes
foggy,187.8,7,Mucho antes
hot,207.7,6,Mucho antes
rainy,237.0,9,Mucho tarde
clear,185.7,5,Mucho antes
foggy,121.1,4,Mucho antes
stormy,45.5,8,Mucho antes
foggy,60.7,4,Mucho antes
stormy,176.5,7,Ligeramente tarde
stormy,146.2,10,Mucho antes
hot,115.3,5,Ligeramente tarde
clear,160.2,4,Mucho antes
rainy,257.8,7,Ligeramente antes
stormy,13.7,3,Mucho antes
foggy,42.1,2,Mucho antes
cold,3.6,2,Mucho antes
rainy,96.6,8,Mucho antes
rainy,50.8,5,Mucho antes
clear,84.4,3,Mucho antes
foggy,23.5,3,Mucho antes
clear,104.0,3,Ligeramente antes
cold,120.6,3,Mucho antes
stormy,277.9,11,Mucho tarde
hot,171.8,7,Mucho antes
stormy,253.7,11,Mucho tarde
clear,187.6,3,Mucho antes
stormy,134.6,6,Ligeramente tarde
foggy,267.5,7,Ligeramente antes
hot,232.1,5,Ligeramente antes
clear,9.2,2,Mucho antes
foggy,66.8,4,Mucho antes
rainy,297.1,10,Mucho tarde
foggy,231.1,5,Ligeramente antes
hot,124.4,3,Mucho antes
clear,177.9,5,Mucho antes
clear,231.7,7,Ligeramente tarde
hot,118.2,4,Mucho antes
rainy,14.3,5,Mucho tarde
clear,185.6,6,Mucho antes
clear,35.8,0,Mucho antes
clear,73.5,4,Ligeramente tarde
hot,156.3,4,Mucho antes
hot,239.3,6,Ligeramente antes
foggy,68.2,3,Mucho antes
stormy,58.5,7,Mucho antes
foggy,128.0,8,Ligeramente antes
foggy,41.8,3,Ligeramente tarde
clear,75.7,2,Mucho antes
clear,90.9,5,Mucho antes
cold,234.4,8,Mucho antes
rainy,199.3,8,Mucho antes
cold,109.3,2,Mucho antes
hot,284.0,7,Mucho antes
hot,83.5,4,Mucho antes
rainy,152.9,7,Ligeramente antes
hot,186.1,7,Ligeramente tarde
stormy,286.7,16,Mucho tarde
cold,256.7,9,Mucho antes
cold,112.8,6,Mucho antes
stormy,150.9,7,Ligeramente antes
stormy,137.6,8,Mucho antes
cold,92.2,4,Mucho antes
stormy,144.8,11,Mucho tarde
cold,27.6,1,Mucho antes
cold,17.3,1,Mucho antes
foggy,21.6,2,Mucho antes
cold,41.6,3,Mucho antes
rainy,85.9,7,Mucho antes
foggy,192.2,7,Mucho antes
stormy,252.5,10,Mucho antes
hot,234.5,6,Mucho antes
hot,98.6,3,Mucho antes
clear,14.0,1,Ligeramente antes
hot,17.2,0,Mucho antes
rainy,239.5,8,Ligeramente tarde
hot,261.7,7,Mucho antes
cold,279.6,7,Ligeramente antes
rainy,290.0,13,Mucho antes
foggy,254.8,8,Ligeramente tarde
clear,107.1,3,Ligeramente antes
clear,142.9,5,Mucho antes
rainy,249.9,10,Mucho antes
rainy,269.6,12,Mucho tarde
stormy,108.9,6,Mucho antes
rainy,188.9,12,Mucho antes
rainy,54.5,6,Mucho antes
cold,3.6,2,Mucho antes
rainy,107.3,8,Mucho antes
hot,276.4,8,Mucho antes
cold,197.1,5,Mucho antes
cold,268.5,7,Mucho antes
hot,108.3,3,Mucho antes
cold,15.2,1,Mucho antes
foggy,108.3,6,Ligeramente tarde
cold,129.2,3,Mucho antes
clear,201.9,6,Mucho antes
foggy,290.1,9,Mucho antes
clear,93.9,4,Mucho antes
stormy,227.3,9,Mucho antes
foggy,266.1,9,Ligeramente tarde
hot,75.2,3,Mucho antes
rainy,234.4,11,Mucho antes
rainy,286.4,8,Mucho antes
clear,233.4,5,Mucho antes
rainy,119.8,8,Ligeramente antes
hot,175.3,6,Ligeramente tarde
rainy,223.9,11,Mucho tarde
rainy,242.6,8,Ligeramente tarde
clear,212.8,6,Mucho antes
cold,293.3,7,Mucho antes
foggy,258.6,11,Mucho antes
cold,65.3,3,Mucho antes
rainy,297.1,15,Ligeramente antes
foggy,211.6,7,Mucho antes
hot,274.0,7,Mucho antes
rainy,149.7,6,Mucho antes
hot,268.2,7,Mucho antes
stormy,295.4,19,Mucho antes
hot,246.9,7,Mucho antes
cold,239.6,6,Ligeramente antes
hot,65.6,2,Ligeramente antes
hot,41.4,1,Ligeramente antes
foggy,231.1,10,Mucho tarde
clear,212.2,6,Ligeramente antes
rainy,187.7,7,Ligeramente antes
hot,134.5,5,Mucho antes
clear,20.4,1,Mucho antes
stormy,171.7,10,Mucho antes
hot,160.2,6,Mucho antes
foggy,215.5,8,Ligeramente tarde
stormy,27.7,6,Mucho antes
rainy,121.4,7,Mucho antes
hot,126.8,3,Ligeramente antes
stormy,139.9,7,Mucho antes
rainy,11.2,3,Mucho antes
hot,176.0,4,Ligeramente antes
hot,58.7,4,Mucho antes
foggy,273.7,12,Mucho antes
hot,189.9,4,Mucho antes
cold,249.5,7,Ligeramente tarde
hot,148.1,5,Mucho antes
rainy,111.9,5,Mucho antes
foggy,78.2,6,Mucho antes
clear,119.5,4,Mucho antes
hot,276.3,5,Mucho antes
stormy,277.6,9,Ligeramente tarde
rainy,281.9,8,Ligeramente tarde
rainy,230.0,11,Mucho tarde
clear,54.5,1,Mucho antes
stormy,215.6,11,Mucho tarde
rainy,101.3,6,Mucho antes
foggy,128.1,6,Ligeramente tarde
rainy,139.0,5,Mucho antes
foggy,77.6,7,Mucho antes
foggy,63.3,5,Mucho antes
foggy,32.0,4,Mucho antes
foggy,132.9,5,Ligeramente tarde
clear,178.0,4,Ligeramente antes
cold,264.8,9,Mucho antes
rainy,6.3,2,Ligeramente antes
clear,14.6,3,Ligeramente tarde
foggy,223.3,10,Ligeramente tarde
rainy,237.3,9,Mucho tarde
hot,11.3,1,Ligeramente antes
foggy,228.7,6,Mucho antes
cold,168.2,4,Ligeramente antes
rainy,96.5,7,Mucho antes
rainy,196.2,8,Ligeramente antes
clear,92.8,4,Ligeramente tarde
clear,132.6,3,Mucho antes
rainy,146.8,7,Mucho antes
foggy,88.9,3,Mucho antes
rainy,99.1,7,Mucho antes
foggy,267.4,12,Mucho antes
clear,123.0,3,Mucho antes
foggy,83.9,5,Ligeramente tarde
clear,152.4,6,Ligeramente tarde
stormy,41.1,7,Ligeramente antes
rainy,169.8,11,Mucho tarde
foggy,252.4,8,Mucho antes
foggy,144.8,5,Mucho antes
rainy,5.7,6,Mucho antes
clear,271.1,8,Mucho antes
clear,225.5,6,Mucho antes
cold,290.6,9,Ligeramente tarde
hot,241.9,12,Mucho tarde
clear,258.3,5,Mucho antes
hot,274.6,8,Mucho antes
foggy,77.0,7,Mucho tarde
cold,295.6,9,Ligeramente tarde
foggy,76.9,4,Mucho antes
rainy,292.9,13,Mucho antes
hot,238.7,4,Mucho antes
cold,220.1,6,Mucho antes
clear,69.8,4,Mucho antes
cold,92.7,4,Mucho antes
foggy,47.3,2,Mucho antes
cold,89.3,4,Mucho antes
stormy,276.0,11,Mucho tarde
clear,138.3,3,Mucho antes
cold,287.2,5,Mucho antes
foggy,177.9,9,Mucho tarde
clear,5.9,0,Mucho antes
cold,101.9,5,Ligeramente tarde
foggy,103.1,7,Mucho antes
stormy,128.3,9,Mucho tarde
foggy,201.3,11,Mucho tarde
hot,81.2,4,Ligeramente tarde
rainy,122.6,6,Mucho antes
rainy,297.1,14,Mucho tarde
cold,109.4,6,Mucho antes
foggy,151.9,6,Ligeramente tarde
rainy,154.5,8,Mucho antes
foggy,59.3,5,Mucho antes
foggy,149.2,6,Mucho antes
hot,67.1,2,Mucho antes
clear,33.2,2,Mucho antes
clear,242.6,4,Mucho antes
stormy,214.7,8,Ligeramente tarde
foggy,81.8,4,Mucho antes
clear,41.2,2,Mucho antes
cold,294.9,9,Ligeramente tarde
clear,275.1,11,Mucho antes
cold,109.2,3,Ligeramente antes
stormy,193.8,11,Mucho antes
hot,86.9,4,Ligeramente tarde
cold,113.4,2,Mucho antes
clear,162.1,4,Ligeramente antes
stormy,81.5,8,Mucho tarde
stormy,26.9,6,Mucho antes
foggy,216.3,7,Mucho antes
rainy,58.2,7,Ligeramente antes
stormy,90.8,7,Mucho antes
cold,286.7,12,Mucho tarde
cold,181.2,5,Mucho antes
stormy,69.1,9,Mucho tarde
foggy,86.4,4,Mucho antes
cold,67.9,1,Mucho antes
rainy,261.0,10,Mucho antes
rainy,240.3,5,Mucho antes
rainy,164.9,8,Mucho antes
hot,39.6,2,Ligeramente antes
rainy,221.8,11,Mucho tarde
foggy,254.8,12,Mucho tarde
clear,158.7,5,Mucho antes
foggy,64.1,5,Mucho antes
foggy,208.7,9,Mucho antes
hot,98.7,5,Mucho antes
clear,275.1,7,Ligeramente antes
rainy,249.2,11,Mucho tarde
hot,122.5,5,Ligeramente tarde
clear,13.0,2,Ligeramente antes
foggy,284.4,10,Mucho antes
clear,286.4,7,Ligeramente antes
stormy,146.2,10,Mucho tarde
stormy,3.6,6,Mucho antes
stormy,217.1,10,Mucho tarde
hot,84.9,5,Ligeramente tarde
rainy,225.1,7,Ligeramente tarde
cold,9.7,1,Mucho antes
cold,185.4,6,Mucho antes
hot,281.9,9,Mucho antes
cold,156.3,3,Mucho antes
stormy,283.9,14,Mucho tarde
cold,216.8,7,Ligeramente antes
stormy,179.3,8,Mucho antes
hot,254.0,10,Ligeramente tarde
foggy,276.2,14,Mucho tarde
hot,257.8,7,Mucho antes
foggy,275.5,11,Mucho tarde
foggy,20.1,4,Mucho antes
hot,64.5,2,Mucho antes
clear,80.9,3,Ligeramente antes
foggy,288.0,10,Mucho antes
cold,273.7,8,Ligeramente antes
rainy,243.4,15,Mucho tarde
stormy,239.3,11,Mucho tarde
cold,134.3,5,Mucho antes
cold,30.8,1,Mucho antes
cold,200.1,5,Ligeramente antes
rainy,157.1,8,Mucho antes
hot,121.8,5,Ligeramente tarde
hot,109.6,4,Mucho antes
stormy,49.3,8,Mucho antes
hot,122.2,4,Mucho antes
foggy,277.1,11,Mucho antes
hot,60.0,1,Mucho antes
hot,180.1,6,Mucho antes
cold,187.6,6,Mucho antes
hot,115.2,6,Mucho antes
stormy,81.6,8,Ligeramente antes
stormy,47.6,6,Mucho antes
stormy,125.4,9,Ligeramente tarde
foggy,151.5,11,Mucho tarde
cold,11.9,1,Mucho antes
clear,277.3,5,Mucho antes
cold,3.6,1,Mucho antes
stormy,15.4,7,Mucho antes
rainy,200.9,9,Mucho antes
stormy,236.7,13,Mucho antes
clear,137.8,5,Mucho antes
stormy,97.4,7,Mucho antes
cold,214.8,8,Mucho antes
clear,261.3,9,Ligeramente tarde
foggy,95.0,5,Mucho antes
stormy,184.8,10,Mucho antes
stormy,269.6,9,Mucho antes
hot,199.4,4,Mucho antes
hot,25.4,0,Mucho antes
stormy,48.9,6,Mucho antes
cold,241.3,7,Ligeramente antes
foggy,143.7,7,Mucho antes
rainy,70.4,4,Ligeramente tarde
cold,26.0,2,Mucho antes
hot,24.1,1,Mucho antes
stormy,154.8,11,Mucho tarde
foggy,221.0,10,Mucho antes
hot,125.2,5,Mucho antes
clear,120.2,5,Mucho antes
rainy,3.6,2,Ligeramente antes
cold,110.2,3,Mucho antes
rainy,57.0,7,Mucho antes
clear,119.9,2,Mucho antes
cold,14.2,2,Mucho antes
foggy,167.4,6,Mucho antes
cold,174.0,7,Mucho antes
clear,253.2,7,Mucho antes
clear,50.7,2,Mucho antes
stormy,182.8,12,Mucho antes
cold,253.6,5,Mucho antes
foggy,275.0,11,Mucho antes
hot,53.4,3,Mucho antes
clear,188.9,6,Mucho antes
rainy,46.5,6,Mucho antes
stormy,59.1,8,Mucho tarde
rainy,215.2,10,Mucho antes
rainy,251.9,9,Mucho antes
stormy,109.5,8,Mucho antes
rainy,239.1,12,Mucho tarde
clear,205.5,7,Mucho antes
rainy,108.6,8,Mucho tarde
hot,84.6,4,Mucho antes
stormy,218.8,10,Mucho antes
hot,252.7,4,Mucho antes
clear,28.0,2,Mucho antes
stormy,141.8,9,Mucho antes
cold,83.0,2,Mucho antes
hot,35.0,2,Mucho antes
stormy,55.4,8,Mucho antes
hot,243.9,10,Mucho antes
clear,204.9,5,Ligeramente antes
stormy,290.3,12,Mucho antes
clear,100.1,1,Mucho antes
foggy,273.8,14,Mucho antes
rainy,27.2,4,Mucho antes
stormy,262.1,15,Mucho tarde
hot,16.0,3,Mucho antes
cold,54.1,4,Mucho antes
cold,241.2,6,Ligeramente antes
clear,280.6,5,Mucho antes
clear,177.8,7,Mucho antes
rainy,258.3,10,Ligeramente tarde
hot,37.8,2,Ligeramente antes
stormy,259.3,10,Mucho tarde
stormy,86.0,8,Mucho tarde
cold,282.0,9,Ligeramente tarde
foggy,128.7,6,Ligeramente tarde
foggy,234.3,9,Ligeramente tarde
hot,209.4,6,Mucho antes
foggy,6.0,2,Mucho antes
rainy,65.4,5,Mucho antes
cold,170.7,7,Mucho antes
cold,67.8,4,Ligeramente tarde
rainy,237.2,8,Mucho antes
clear,246.2,10,Mucho tarde
rainy,7.3,5,Mucho antes
foggy,181.3,10,Mucho antes
foggy,297.1,12,Mucho antes
cold,160.1,5,Mucho antes
stormy,254.1,11,Mucho tarde
hot,34.1,3,Mucho antes
clear,219.1,6,Ligeramente antes
clear,62.7,3,Mucho antes
foggy,85.4,3,Mucho antes
clear,149.2,6,Mucho antes
stormy,281.9,14,Mucho tarde
rainy,204.7,8,Ligeramente antes
clear,277.0,9,Mucho antes
clear,221.8,6,Mucho antes
foggy,226.2,7,Ligeramente antes
rainy,257.2,8,Ligeramente tarde
rainy,99.0,7,Mucho tarde
rainy,237.5,12,Mucho tarde
clear,253.1,6,Ligeramente antes
clear,222.5,4,Mucho antes
cold,205.0,6,Mucho antes
clear,57.3,4,Mucho antes
foggy,287.5,8,Mucho antes
rainy,86.0,4,Mucho antes
foggy,125.4,8,Mucho antes
hot,21.9,1,Mucho antes
stormy,7.5,6,Mucho antes
hot,51.5,3,Mucho antes
clear,186.8,5,Mucho antes
stormy,89.1,6,Mucho tarde
stormy,263.9,13,Mucho tarde
clear,7.0,2,Mucho antes
rainy,59.6,3,Mucho antes
stormy,25.4,3,Ligeramente tarde
stormy,31.6,7,Mucho antes
rainy,72.2,7,Ligeramente antes
clear,259.6,9,Ligeramente tarde
clear,256.8,6,Mucho antes
hot,98.9,2,Mucho antes
clear,23.6,1,Mucho antes
cold,205.2,9,Mucho antes
clear,209.2,5,Mucho antes
cold,277.3,7,Mucho antes
stormy,275.8,11,Mucho antes
cold,78.3,4,Ligeramente tarde
foggy,265.5,12,Mucho tarde
stormy,159.8,9,Mucho antes
foggy,274.5,11,Mucho antes
clear,203.0,9,Mucho antes
hot,139.9,5,Mucho antes
clear,173.9,5,Mucho antes
foggy,71.3,4,Mucho antes
clear,171.1,3,Mucho antes
stormy,82.0,10,Ligeramente tarde
cold,133.1,6,Mucho antes
rainy,89.9,6,Mucho antes
hot,133.6,8,Mucho tarde
rainy,258.0,11,Mucho tarde
rainy,170.5,8,Mucho antes
cold,15.7,0,Mucho antes
rainy,209.6,9,Mucho tarde
stormy,198.8,6,Mucho antes
clear,27.8,1,Mucho antes
clear,94.3,3,Mucho antes
cold,76.8,3,Mucho antes
foggy,138.6,9,Ligeramente tarde
rainy,115.2,9,Mucho tarde
cold,248.5,6,Mucho antes
cold,117.8,4,Mucho antes
rainy,36.4,3,Mucho antes
hot,85.9,2,Mucho antes
rainy,42.8,5,Mucho tarde
hot,98.3,2,Mucho antes
rainy,255.6,12,Mucho antes
stormy,160.3,14,Mucho tarde
cold,108.2,2,Mucho antes
rainy,269.1,8,Mucho antes
rainy,138.1,6,Mucho antes
rainy,219.9,9,Mucho antes
foggy,61.5,6,Mucho antes
cold,111.2,4,Mucho antes
cold,152.6,5,Mucho antes
stormy,154.2,8,Mucho antes
foggy,240.6,13,Mucho tarde
hot,174.2,5,Ligeramente antes
cold,269.4,8,Ligeramente tarde
stormy,275.2,10,Mucho tarde
stormy,130.6,8,Ligeramente antes
foggy,205.3,6,Mucho antes
cold,235.6,6,Ligeramente antes
hot,110.0,4,Mucho antes
stormy,85.7,4,Mucho antes
cold,263.7,5,Mucho antes
stormy,178.5,8,Mucho tarde
rainy,57.5,4,Mucho antes
hot,173.9,6,Mucho antes
clear,67.4,4,Mucho antes
rainy,139.6,8,Mucho antes
clear,204.3,7,Mucho antes
clear,249.3,5,Mucho antes
cold,121.5,6,Mucho antes
clear,30.7,2,Mucho antes
hot,232.8,6,Mucho antes
cold,199.7,5,Ligeramente antes
hot,186.8,4,Mucho antes
rainy,93.3,8,Mucho tarde
clear,14.3,0,Mucho antes
foggy,179.2,7,Ligeramente tarde
foggy,233.4,12,Mucho antes
hot,91.8,2,Mucho antes
clear,205.6,5,Mucho antes
hot,39.6,3,Mucho antes
hot,219.3,9,Ligeramente tarde
rainy,256.4,12,Mucho tarde
foggy,117.4,3,Mucho antes
hot,41.5,1,Ligeramente antes
cold,146.2,4,Mucho antes
foggy,175.7,8,Mucho tarde
hot,35.6,3,Mucho antes
stormy,59.2,7,Mucho tarde
clear,20.3,2,Mucho antes
hot,254.1,6,Mucho antes
rainy,114.6,9,Mucho antes
clear,167.6,4,Mucho antes
clear,207.8,4,Mucho antes
foggy,76.7,2,Mucho antes
rainy,229.9,10,Mucho antes
foggy,50.3,3,Mucho antes
cold,296.7,8,Mucho antes
clear,141.0,7,Ligeramente antes
cold,148.8,6,Ligeramente tarde
rainy,167.2,6,Ligeramente tarde
rainy,87.9,6,Mucho tarde
clear,137.1,4,Mucho antes
rainy,13.1,5,Mucho tarde
cold,250.7,10,Mucho tarde
rainy,282.5,10,Mucho tarde
hot,112.8,3,Ligeramente antes
stormy,253.5,11,Mucho antes
clear,194.2,9,Mucho antes
foggy,91.1,4,Mucho antes
clear,67.0,3,Mucho antes
foggy,170.9,6,Mucho antes
foggy,80.2,6,Mucho antes
clear,205.5,5,Mucho antes
stormy,79.2,8,Mucho antes
rainy,257.1,6,Mucho antes
hot,261.2,6,Mucho antes
foggy,148.0,6,Mucho antes
cold,175.3,6,Mucho antes
rainy,108.5,10,Ligeramente tarde
stormy,263.2,14,Mucho tarde
stormy,266.6,10,Ligeramente tarde
clear,187.0,3,Mucho antes
clear,36.9,1,Ligeramente antes
rainy,155.2,10,Mucho antes
foggy,207.0,9,Mucho antes
cold,280.1,8,Ligeramente tarde
hot,280.2,6,Mucho antes
rainy,234.2,15,Ligeramente antes
stormy,4.8,7,Ligeramente antes
clear,123.3,4,Mucho antes
cold,280.1,10,Mucho antes
hot,113.6,3,Mucho antes
rainy,182.0,6,Mucho antes
hot,249.8,6,Ligeramente antes
clear,61.4,3,Mucho antes
rainy,59.9,5,Mucho antes
stormy,277.6,14,Mucho antes
stormy,251.3,14,Mucho antes
rainy,131.4,9,Mucho antes
stormy,275.3,17,Mucho antes
clear,169.3,7,Mucho antes
clear,66.4,1,Mucho antes
clear,106.6,6,Ligeramente tarde
hot,244.5,8,Ligeramente antes
stormy,164.7,9,Mucho tarde
rainy,8.8,5,Mucho tarde
foggy,153.6,7,Mucho antes
hot,5.0,1,Mucho antes
rainy,50.4,5,Mucho antes
rainy,196.3,11,Mucho antes
foggy,187.2,6,Mucho antes
rainy,163.0,9,Ligeramente tarde
hot,186.4,3,Mucho antes
cold,124.4,3,Mucho antes
rainy,3.6,3,Mucho antes
cold,198.0,5,Mucho antes
stormy,216.8,11,Mucho tarde
stormy,168.8,7,Mucho antes
cold,182.6,6,Mucho antes
cold,56.6,4,Mucho antes
clear,76.6,4,Mucho antes
clear,162.6,5,Mucho antes
stormy,87.2,8,Mucho antes
stormy,68.3,7,Mucho tarde
hot,234.4,6,Ligeramente antes
rainy,185.2,7,Ligeramente antes
foggy,31.6,2,Mucho antes
foggy,251.8,10,Mucho antes
hot,160.4,7,Mucho antes
stormy,225.7,11,Mucho antes
hot,164.8,7,Mucho antes
foggy,142.9,8,Ligeramente antes
hot,213.6,5,Mucho antes
clear,142.6,4,Mucho antes
clear,192.9,6,Ligeramente tarde
foggy,170.7,7,Mucho antes
stormy,215.2,8,Ligeramente antes
rainy,235.3,9,Mucho antes
rainy,212.5,9,Mucho antes
stormy,276.7,11,Mucho tarde
clear,281.9,9,Ligeramente tarde
rainy,33.5,7,Ligeramente antes
foggy,183.5,6,Ligeramente tarde
stormy,175.2,7,Ligeramente antes
clear,15.0,2,Ligeramente antes
hot,115.9,2,Mucho antes
clear,80.3,2,Mucho antes
foggy,126.6,7,Mucho antes
cold,231.7,4,Mucho antes
cold,87.6,4,Mucho antes
cold,277.4,8,Mucho antes
hot,264.1,10,Mucho tarde
rainy,190.2,9,Mucho antes
stormy,296.0,8,Ligeramente tarde
clear,5.3,1,Mucho antes
cold,105.9,5,Ligeramente tarde
foggy,75.2,4,Mucho antes
clear,43.5,3,Mucho antes
clear,230.5,7,Ligeramente tarde
clear,153.6,5,Mucho antes
foggy,277.0,10,Mucho antes
rainy,119.5,6,Mucho antes
hot,287.8,6,Mucho antes
hot,191.9,6,Mucho antes
rainy,110.9,9,Mucho antes
clear,195.2,6,Ligeramente tarde
hot,266.6,10,Mucho tarde
clear,17.8,2,Mucho antes
cold,131.3,5,Mucho antes
rainy,16.7,5,Mucho antes
clear,187.7,6,Mucho antes
hot,4.8,0,Mucho antes
stormy,154.6,11,Mucho antes
cold,59.8,2,Mucho antes
clear,59.8,4,Mucho antes
foggy,222.8,6,Mucho antes
stormy,52.0,7,Ligeramente antes
rainy,18.2,7,Mucho antes
clear,116.8,4,Mucho antes
clear,135.0,3,Mucho antes
foggy,105.8,3,Mucho antes
stormy,155.6,6,Mucho antes
foggy,110.1,7,Ligeramente antes
stormy,89.2,7,Mucho antes
cold,152.2,7,Ligeramente antes
clear,10.4,0,Mucho antes
rainy,7.3,4,Mucho antes
stormy,262.1,12,Mucho antes
clear,199.6,5,Mucho antes
foggy,103.8,8,Ligeramente antes
clear,106.1,2,Mucho antes
clear,107.6,4,Ligeramente antes
clear,259.7,10,Ligeramente tarde
clear,291.6,7,Mucho antes
stormy,90.8,5,Mucho antes
stormy,209.8,10,Mucho tarde
cold,75.4,2,Mucho antes
cold,221.4,7,Ligeramente antes
stormy,285.3,12,Mucho tarde
cold,12.0,1,Mucho antes
stormy,20.1,5,Mucho antes
cold,239.1,5,Mucho antes
stormy,136.3,8,Mucho antes
cold,167.0,4,Mucho antes
rainy,117.5,7,Mucho antes
cold,17.2,2,Mucho antes
cold,121.4,4,Mucho antes
clear,45.5,1,Mucho antes
cold,98.0,2,Ligeramente antes
foggy,52.6,4,Ligeramente tarde
clear,256.9,5,Mucho antes
hot,75.8,2,Mucho antes
rainy,175.7,5,Mucho antes
hot,295.6,10,Mucho tarde
stormy,297.0,9,Mucho antes
stormy,196.8,11,Mucho antes
cold,93.3,5,Mucho antes
hot,151.9,3,Mucho antes
stormy,152.6,9,Mucho antes
rainy,263.1,9,Ligeramente tarde
foggy,215.7,9,Mucho antes
clear,265.0,10,Ligeramente tarde
foggy,5.8,3,Mucho antes
clear,292.1,7,Mucho antes
foggy,205.2,9,Mucho antes
clear,279.2,12,Mucho tarde
cold,237.6,8,Ligeramente tarde
rainy,211.6,10,Mucho antes
hot,22.8,3,Mucho antes
clear,44.2,1,Ligeramente antes
hot,63.7,2,Ligeramente antes
clear,147.7,6,Mucho antes
clear,232.4,7,Mucho antes
rainy,71.4,6,Mucho antes
rainy,294.2,12,Mucho tarde
hot,199.8,6,Ligeramente antes
hot,222.1,7,Ligeramente antes
stormy,270.5,10,Mucho antes
clear,154.6,4,Mucho antes
hot,44.4,3,Mucho antes
rainy,128.9,8,Ligeramente antes
hot,159.5,5,Ligeramente antes
hot,291.3,12,Mucho antes
rainy,22.4,4,Mucho antes
stormy,99.3,8,Mucho tarde
hot,223.9,4,Mucho antes
stormy,211.9,8,Mucho antes
foggy,250.8,8,Ligeramente tarde
rainy,287.3,9,Mucho antes
hot,169.6,5,Ligeramente antes
clear,256.5,9,Ligeramente tarde
stormy,288.8,10,Ligeramente tarde
cold,39.9,2,Mucho antes
rainy,176.8,10,Mucho antes
rainy,136.8,9,Mucho antes
stormy,231.6,8,Mucho antes
stormy,60.7,5,Mucho antes
clear,257.7,8,Mucho antes
stormy,134.7,5,Ligeramente tarde
clear,110.3,3,Mucho antes
foggy,215.3,7,Mucho antes
clear,100.0,2,Mucho antes
hot,267.2,7,Ligeramente antes
cold,262.8,6,Mucho antes
clear,10.7,1,Mucho antes
stormy,55.9,8,Mucho antes
foggy,221.1,8,Mucho antes
clear,162.4,4,Ligeramente antes
hot,25.5,0,Mucho antes
cold,123.6,5,Mucho antes
clear,11.6,0,Mucho antes
clear,78.6,4,Mucho antes
cold,53.6,1,Mucho antes
clear,248.0,8,Mucho antes
foggy,257.2,12,Mucho tarde
cold,247.9,8,Ligeramente antes
stormy,9.0,6,Mucho antes
rainy,224.6,12,Mucho antes
clear,182.0,7,Ligeramente antes
stormy,206.4,10,Mucho tarde
stormy,15.3,7,Mucho tarde
stormy,62.7,4,Ligeramente tarde
rainy,63.5,4,Mucho antes
cold,49.4,3,Mucho antes
foggy,172.4,7,Ligeramente antes
cold,101.0,5,Mucho antes
cold,137.9,6,Mucho antes
rainy,216.0,11,Mucho antes
hot,163.9,4,Ligeramente antes
foggy,137.1,5,Mucho antes
stormy,272.7,13,Mucho antes
stormy,191.7,11,Mucho antes
cold,206.3,4,Mucho antes
stormy,54.7,5,Mucho antes
rainy,181.3,10,Mucho antes
cold,155.2,5,Mucho antes
clear,283.0,5,Mucho antes
hot,222.5,6,Mucho antes
hot,251.8,5,Mucho antes
stormy,197.8,11,Mucho antes
clear,98.7,5,Mucho antes
foggy,198.8,7,Ligeramente tarde
hot,290.7,7,Mucho antes
cold,97.4,4,Mucho antes
stormy,52.1,5,Mucho antes
foggy,94.4,8,Mucho antes
rainy,234.1,14,Mucho antes
foggy,26.7,2,Mucho antes
stormy,279.0,17,Mucho tarde
cold,214.7,4,Mucho antes
foggy,182.8,8,Mucho antes
clear,53.7,2,Mucho antes
rainy,163.7,8,Mucho antes
foggy,5.8,3,Mucho antes
hot,170.8,6,Mucho antes
stormy,90.4,8,Mucho tarde
rainy,161.4,9,Mucho tarde
cold,109.3,4,Mucho antes
rainy,133.1,9,Mucho antes
clear,167.9,4,Mucho antes
hot,286.2,10,Mucho tarde
clear,294.9,6,Ligeramente antes
foggy,184.2,5,Mucho antes
clear,43.1,1,Mucho antes
foggy,14.7,1,Ligeramente antes
foggy,297.1,11,Mucho antes
stormy,189.8,10,Mucho tarde
cold,179.8,5,Mucho antes
stormy,13.5,5,Mucho tarde
clear,282.2,8,Mucho antes
clear,48.5,2,Ligeramente antes
foggy,162.5,7,Mucho antes
cold,91.3,5,Ligeramente tarde
foggy,115.6,6,Mucho antes
foggy,99.6,7,Ligeramente antes
rainy,79.2,6,Mucho tarde
rainy,78.8,6,Mucho antes
foggy,25.6,1,Mucho antes
clear,7.5,2,Mucho antes
foggy,122.0,3,Ligeramente antes
cold,25.5,2,Mucho antes
clear,104.4,2,Mucho antes
clear,72.9,2,Mucho antes
rainy,149.8,8,Mucho antes
hot,189.6,6,Mucho antes
clear,117.3,4,Ligeramente antes
clear,138.1,4,Mucho antes
clear,296.8,13,Mucho antes
cold,132.1,5,Mucho antes
clear,125.2,5,Mucho antes
cold,170.9,8,Mucho antes
stormy,10.0,4,Mucho antes
rainy,147.9,6,Mucho antes
cold,13.4,0,Mucho antes
clear,83.8,4,Mucho antes
rainy,234.0,9,Ligeramente tarde
clear,62.9,2,Mucho antes
rainy,147.9,9,Ligeramente tarde
cold,208.4,9,Mucho antes
stormy,293.4,9,Mucho antes
stormy,192.9,7,Ligeramente antes
rainy,265.1,9,Mucho antes
cold,62.1,4,Mucho antes
cold,23.7,2,Mucho antes
foggy,148.2,3,Mucho antes
foggy,171.5,6,Ligeramente tarde
hot,97.1,4,Ligeramente tarde
foggy,216.0,7,Ligeramente tarde
cold,165.6,6,Mucho antes
rainy,177.2,13,Mucho antes
rainy,269.3,12,Mucho antes
rainy,50.6,4,Mucho antes
clear,98.4,4,Ligeramente tarde
cold,228.3,6,Mucho antes
rainy,149.3,6,Mucho antes
stormy,266.2,12,Mucho antes
stormy,48.1,6,Mucho antes
clear,137.4,4,Mucho antes
hot,231.0,4,Mucho antes
clear,188.5,7,Ligeramente antes
cold,44.6,2,Mucho antes
foggy,210.0,6,Ligeramente antes
hot,164.1,6,Mucho antes
stormy,291.8,13,Mucho tarde
clear,190.7,6,Ligeramente tarde
hot,96.6,5,Ligeramente tarde
cold,162.7,5,Mucho antes
stormy,40.9,5,Mucho antes
cold,224.6,4,Mucho antes
rainy,257.6,7,Mucho antes
rainy,176.3,7,Ligeramente tarde
hot,170.5,5,Mucho antes
cold,33.7,1,Ligeramente antes
rainy,54.9,6,Mucho antes
rainy,287.9,15,Mucho tarde
rainy,119.8,8,Mucho antes
stormy,232.9,10,Ligeramente tarde
hot,267.7,6,Mucho antes
hot,28.3,3,Mucho antes
clear,267.1,9,Ligeramente tarde
clear,52.2,3,Mucho antes
hot,231.6,7,Mucho antes
hot,81.4,1,Mucho antes
foggy,254.5,11,Mucho antes
stormy,137.9,8,Mucho antes
rainy,139.9,7,Mucho antes
stormy,174.8,10,Ligeramente tarde
rainy,255.7,8,Mucho antes
stormy,90.4,6,Mucho tarde
cold,293.6,6,Mucho antes
clear,250.5,7,Ligeramente antes
cold,116.5,5,Mucho antes
clear,9.1,0,Mucho antes
rainy,53.5,6,Mucho tarde
rainy,167.4,9,Mucho tarde
clear,249.3,8,Ligeramente antes
clear,283.1,9,Mucho antes
hot,114.8,3,Ligeramente antes
foggy,13.3,4,Mucho antes
foggy,211.9,9,Mucho antes
stormy,94.2,8,Mucho antes
rainy,178.6,8,Mucho antes
clear,121.0,3,Mucho antes
foggy,189.8,8,Mucho antes
hot,75.5,3,Mucho antes
clear,47.8,3,Mucho antes
cold,52.1,2,Ligeramente antes
clear,275.5,8,Ligeramente tarde
clear,260.3,8,Ligeramente antes
rainy,255.8,10,Ligeramente tarde
rainy,184.2,11,Mucho antes
foggy,123.3,5,Mucho antes
foggy,68.2,7,Mucho antes
stormy,196.0,11,Mucho tarde
stormy,96.6,6,Mucho tarde
rainy,179.2,11,Mucho antes
clear,108.0,5,Ligeramente tarde
clear,5.2,0,Mucho antes
foggy,186.6,4,Mucho antes
hot,296.6,6,Ligeramente antes
cold,142.6,3,Mucho antes
hot,46.4,2,Ligeramente antes
stormy,224.3,13,Mucho tarde
stormy,151.9,6,Ligeramente tarde
rainy,213.7,8,Mucho antes
rainy,264.5,12,Mucho tarde
stormy,84.1,7,Ligeramente antes
clear,78.0,4,Ligeramente tarde
foggy,141.0,6,Mucho antes
stormy,27.0,6,Mucho antes
cold,31.3,2,Ligeramente antes
cold,153.1,8,Ligeramente antes
cold,119.2,7,Mucho antes
stormy,120.6,10,Mucho tarde
rainy,193.5,9,Mucho antes
rainy,279.1,9,Mucho antes
cold,281.0,5,Mucho antes
hot,121.4,5,Mucho antes
hot,195.1,6,Ligeramente tarde
stormy,120.3,10,Mucho antes
clear,223.6,8,Ligeramente tarde
stormy,152.0,11,Mucho antes
hot,38.6,2,Mucho antes
rainy,164.5,7,Mucho antes
rainy,297.1,11,Mucho tarde
foggy,82.2,5,Ligeramente tarde
clear,230.6,9,Mucho antes
clear,86.6,3,Mucho antes
hot,218.1,7,Ligeramente tarde
cold,142.9,3,Ligeramente antes
foggy,214.6,7,Mucho antes
clear,250.2,9,Ligeramente tarde
cold,6.7,1,Mucho antes
cold,193.0,5,Mucho antes
foggy,21.1,1,Ligeramente antes
cold,284.6,12,Mucho antes
stormy,155.4,8,Mucho antes
hot,88.2,1,Mucho antes
hot,202.7,7,Mucho antes
rainy,205.0,13,Mucho tarde
cold,138.0,4,Mucho antes
clear,270.2,9,Ligeramente tarde
rainy,289.2,12,Mucho tarde
clear,138.1,2,Mucho antes
rainy,214.4,13,Mucho antes
hot,3.6,1,Ligeramente antes
cold,92.5,2,Mucho antes
clear,250.7,12,Mucho antes
rainy,38.0,7,Ligeramente antes
rainy,11.3,6,Mucho tarde
stormy,205.7,12,Mucho antes
cold,113.0,5,Ligeramente tarde
clear,266.4,9,Mucho antes
foggy,289.4,14,Mucho antes
hot,104.3,4,Mucho antes
cold,291.8,10,Mucho antes
rainy,208.8,8,Ligeramente tarde
stormy,134.1,9,Mucho antes
hot,164.7,7,Mucho antes
cold,270.8,5,Mucho antes
hot,30.5,3,Ligeramente tarde
hot,106.0,3,Mucho antes
stormy,115.4,7,Ligeramente antes
clear,123.3,7,Mucho antes
clear,182.8,4,Ligeramente antes
hot,59.0,3,Ligeramente antes
rainy,174.7,8,Mucho tarde
hot,281.5,6,Mucho antes
clear,143.9,3,Mucho antes
stormy,125.6,10,Mucho antes
rainy,36.1,5,Mucho antes
stormy,220.9,8,Mucho antes
foggy,208.9,8,Mucho antes
hot,195.5,4,Mucho antes
foggy,287.5,11,Mucho tarde
hot,118.1,2,Mucho antes
cold,170.5,8,Mucho antes
foggy,271.7,8,Ligeramente antes
hot,219.4,4,Mucho antes
foggy,193.6,10,Mucho antes
foggy,197.9,6,Mucho antes
hot,83.0,2,Mucho antes
cold,30.4,2,Ligeramente antes
rainy,13.2,4,Ligeramente tarde
foggy,199.4,8,Ligeramente antes
foggy,145.9,9,Mucho antes
foggy,266.0,9,Mucho antes
rainy,9.0,2,Mucho antes
clear,190.4,8,Mucho antes
rainy,53.3,6,Mucho antes
hot,134.8,5,Mucho antes
cold,254.3,9,Ligeramente tarde
rainy,119.1,6,Mucho antes
foggy,154.0,6,Mucho antes
rainy,232.4,9,Mucho tarde
cold,6.5,1,Mucho antes
foggy,3.6,3,Ligeramente tarde
clear,231.8,6,Mucho antes
hot,121.5,5,Mucho antes
clear,254.1,5,Mucho antes
cold,243.6,7,Ligeramente tarde
stormy,226.3,14,Mucho tarde
stormy,291.1,8,Ligeramente tarde
foggy,157.1,7,Mucho antes
cold,48.7,2,Mucho antes
rainy,112.3,5,Mucho antes
foggy,265.7,6,Ligeramente antes
clear,198.7,6,Ligeramente tarde
stormy,180.4,11,Mucho tarde
stormy,18.2,7,Ligeramente antes
cold,211.3,4,Mucho antes
stormy,202.3,7,Ligeramente antes
stormy,236.4,14,Mucho tarde
hot,227.9,6,Ligeramente antes
foggy,126.0,10,Mucho tarde
cold,36.2,2,Mucho antes
clear,76.9,3,Ligeramente antes
foggy,85.6,5,Mucho antes
cold,286.7,9,Ligeramente tarde
stormy,103.8,7,Ligeramente antes
rainy,37.7,6,Mucho tarde
hot,289.0,7,Mucho antes
foggy,222.6,8,Ligeramente tarde
stormy,106.4,9,Ligeramente tarde
hot,3.6,1,Ligeramente antes
hot,3.6,1,Mucho antes
stormy,137.9,6,Mucho antes
hot,259.3,7,Mucho antes
hot,195.7,4,Mucho antes
stormy,13.8,6,Mucho antes
cold,48.3,3,Ligeramente tarde
foggy,218.1,8,Ligeramente antes
cold,133.7,5,Mucho antes
hot,214.3,5,Mucho antes
clear,270.8,8,Mucho antes
foggy,220.2,7,Ligeramente tarde
rainy,197.1,9,Mucho antes
rainy,253.5,10,Mucho tarde
cold,133.0,4,Mucho antes
hot,194.4,3,Mucho antes
rainy,244.7,7,Mucho antes
stormy,259.1,12,Mucho tarde
hot,112.4,5,Mucho antes
clear,101.5,5,Mucho antes
stormy,65.1,8,Ligeramente antes
stormy,260.2,11,Mucho antes
cold,173.8,4,Ligeramente antes
foggy,171.7,6,Mucho antes
rainy,73.2,7,Mucho antes
foggy,106.7,4,Mucho antes
hot,24.6,2,Mucho antes
clear,95.7,5,Mucho antes
foggy,291.9,10,Ligeramente tarde
clear,183.4,9,Mucho antes
rainy,204.1,9,Ligeramente tarde
clear,184.6,5,Ligeramente antes
foggy,196.9,8,Mucho tarde
hot,272.9,8,Ligeramente tarde
stormy,278.0,11,Mucho tarde
clear,13.7,1,Mucho antes
clear,81.2,3,Mucho antes
foggy,53.0,6,Mucho antes
rainy,272.7,11,Mucho antes
clear,238.7,8,Ligeramente antes
cold,278.7,7,Ligeramente antes
foggy,12.5,5,Mucho antes
stormy,182.1,7,Ligeramente antes
foggy,15.5,4,Mucho antes
hot,52.5,2,Mucho antes
foggy,246.0,10,Mucho antes
foggy,188.3,12,Mucho tarde
cold,160.7,4,Mucho antes
stormy,9.2,3,Mucho antes
hot,85.5,4,Mucho antes
clear,107.5,2,Mucho antes
rainy,128.5,8,Mucho antes
clear,38.5,4,Mucho antes
clear,74.2,2,Ligeramente antes
cold,201.7,6,Mucho antes
hot,188.9,4,Mucho antes
rainy,106.7,7,Mucho antes
rainy,106.5,5,Mucho antes
foggy,246.3,6,Mucho antes
rainy,84.6,8,Mucho antes
cold,20.6,2,Mucho antes
foggy,96.8,5,Mucho antes
stormy,46.8,4,Mucho antes
hot,84.9,3,Ligeramente antes
clear,95.6,3,Mucho antes
stormy,60.6,8,Mucho antes
foggy,89.5,4,Mucho antes
hot,189.4,4,Ligeramente antes
foggy,171.1,7,Mucho antes
clear,20.0,0,Mucho antes
foggy,88.5,6,Mucho antes
cold,136.4,3,Mucho antes
cold,9.1,1,Ligeramente antes
rainy,289.3,13,Mucho tarde
stormy,71.5,10,Mucho antes
stormy,193.2,10,Ligeramente tarde
hot,35.1,3,Mucho antes
rainy,114.9,8,Mucho antes
foggy,7.3,5,Mucho tarde
cold,41.3,1,Mucho antes
hot,38.7,3,Mucho antes
clear,188.6,5,Mucho antes
foggy,7.9,3,Mucho antes
clear,99.0,4,Mucho antes
hot,56.5,2,Ligeramente antes
foggy,201.5,9,Mucho antes
hot,12.9,1,Mucho antes
cold,187.4,6,Mucho antes
foggy,177.1,7,Mucho antes
cold,34.5,2,Mucho antes
foggy,209.6,8,Ligeramente antes
rainy,64.3,4,Mucho antes
hot,28.9,2,Ligeramente antes
clear,21.1,2,Ligeramente antes
stormy,291.2,12,Mucho antes
clear,85.0,3,Ligeramente antes
stormy,255.9,12,Mucho tarde
rainy,158.1,7,Mucho antes
cold,256.9,7,Mucho antes
rainy,240.4,10,Ligeramente tarde
rainy,79.1,7,Mucho antes
hot,146.2,4,Ligeramente antes
stormy,68.0,7,Mucho tarde
stormy,108.9,9,Mucho antes
rainy,291.1,10,Mucho antes
rainy,118.4,4,Mucho antes
rainy,37.6,5,Mucho antes
hot,159.2,6,Mucho antes
stormy,214.5,14,Mucho tarde
rainy,100.0,7,Mucho antes
clear,139.1,6,Ligeramente tarde
stormy,244.8,12,Mucho tarde
clear,93.4,3,Mucho antes
cold,260.7,7,Mucho antes
rainy,231.3,8,Ligeramente tarde
foggy,227.9,6,Mucho antes
stormy,263.3,13,Mucho antes
rainy,184.8,9,Ligeramente tarde
cold,132.6,4,Mucho antes
stormy,259.3,10,Mucho antes
hot,178.5,5,Mucho antes
clear,93.1,2,Mucho antes
stormy,67.9,6,Mucho tarde
hot,108.7,4,Mucho antes
foggy,226.4,8,Mucho antes
hot,64.9,4,Mucho antes
clear,201.3,4,Mucho antes
stormy,128.2,10,Mucho antes
hot,49.2,1,Mucho antes
stormy,193.3,8,Mucho antes
clear,293.2,12,Mucho antes
foggy,10.4,2,Ligeramente antes
hot,191.1,6,Mucho antes
clear,46.9,1,Mucho antes
foggy,10.0,1,Ligeramente antes
hot,59.4,2,Mucho antes
foggy,44.0,6,Mucho antes
foggy,82.6,6,Mucho tarde
stormy,186.8,8,Mucho antes
stormy,267.2,12,Mucho antes
rainy,23.6,6,Mucho antes
clear,72.6,4,Ligeramente tarde
hot,7.5,2,Mucho antes
hot,149.5,4,Ligeramente antes
rainy,109.3,9,Mucho antes
rainy,273.4,10,Mucho tarde
clear,38.7,3,Mucho antes
rainy,148.3,9,Mucho antes
foggy,250.4,14,Mucho antes
hot,217.5,7,Mucho antes
cold,184.2,5,Mucho antes
cold,205.7,6,Ligeramente antes
foggy,251.3,7,Ligeramente antes
clear,139.9,7,Ligeramente antes
cold,144.4,5,Mucho antes
clear,36.3,2,Mucho antes
clear,290.8,7,Ligeramente antes
hot,274.7,9,Ligeramente tarde
clear,201.1,6,Mucho antes
stormy,156.2,9,Ligeramente tarde
cold,173.0,4,Mucho antes
cold,53.2,1,Mucho antes
rainy,207.8,10,Ligeramente tarde
rainy,218.9,11,Mucho antes
rainy,184.5,8,Mucho antes
foggy,3.6,3,Mucho antes
hot,23.5,1,Mucho antes
rainy,44.3,6,Mucho antes
rainy,214.1,12,Mucho tarde
foggy,128.5,5,Mucho antes
stormy,243.6,13,Mucho tarde
rainy,289.2,13,Mucho tarde
clear,155.5,3,Mucho antes
cold,95.3,2,Mucho antes
cold,174.1,5,Ligeramente antes
foggy,98.4,7,Mucho tarde
stormy,118.5,11,Mucho tarde
foggy,21.6,4,Ligeramente tarde
foggy,101.0,7,Mucho antes
hot,292.1,8,Mucho antes
foggy,224.5,10,Ligeramente tarde
hot,280.7,10,Ligeramente tarde
rainy,94.9,6,Mucho antes
rainy,67.2,7,Mucho antes
rainy,22.3,4,Mucho antes
foggy,167.9,6,Mucho antes
cold,243.4,9,Ligeramente tarde
stormy,292.9,12,Mucho antes
rainy,63.0,3,Mucho antes
clear,22.1,0,Mucho antes
rainy,134.1,7,Mucho antes
foggy,119.6,3,Ligeramente antes
foggy,184.4,9,Mucho tarde
rainy,174.2,7,Ligeramente tarde
rainy,174.2,6,Mucho antes
rainy,288.5,11,Mucho tarde
rainy,243.0,12,Mucho tarde
cold,149.2,4,Mucho antes
rainy,58.9,7,Mucho antes
rainy,251.6,12,Mucho antes
clear,17.4,2,Mucho antes
clear,110.7,2,Mucho antes
cold,99.4,4,Ligeramente tarde
hot,11.3,1,Mucho antes
rainy,103.8,7,Mucho antes
rainy,62.8,5,Mucho antes
clear,191.3,9,Mucho antes
clear,88.3,3,Mucho antes
hot,277.6,8,Ligeramente antes
foggy,220.2,9,Ligeramente tarde
foggy,39.4,2,Mucho antes
hot,233.9,5,Mucho antes
foggy,278.9,11,Mucho tarde
cold,15.4,0,Mucho antes
stormy,122.3,9,Mucho antes
rainy,268.3,10,Mucho antes
stormy,48.7,4,Mucho antes
rainy,244.3,8,Ligeramente antes
foggy,38.4,3,Mucho antes
hot,75.9,2,Mucho antes
cold,198.2,5,Ligeramente antes
stormy,8.9,3,Mucho antes
cold,235.3,6,Ligeramente antes
foggy,202.4,7,Ligeramente antes
foggy,284.4,11,Mucho tarde
cold,3.6,0,Mucho antes
rainy,59.2,8,Mucho antes
clear,125.9,5,Mucho antes
foggy,215.3,10,Mucho antes
clear,146.9,3,Mucho antes
clear,33.7,3,Ligeramente tarde
stormy,16.0,7,Mucho tarde
rainy,104.7,5,Mucho antes
clear,48.6,1,Mucho antes
foggy,53.8,2,Mucho antes
cold,89.2,3,Mucho antes
foggy,175.2,7,Ligeramente tarde
rainy,235.5,7,Ligeramente tarde
rainy,63.3,4,Mucho antes
rainy,129.8,5,Mucho antes
stormy,217.3,11,Mucho antes
foggy,258.1,7,Ligeramente antes
stormy,63.5,7,Mucho tarde
foggy,252.3,6,Mucho antes
stormy,131.1,11,Mucho tarde
cold,194.5,6,Mucho antes
hot,139.8,4,Mucho antes
cold,223.8,6,Mucho antes
clear,216.6,8,Mucho antes
rainy,155.8,9,Mucho antes
clear,286.2,8,Ligeramente antes
hot,271.2,9,Mucho antes
foggy,102.1,5,Mucho antes
clear,36.9,2,Mucho antes
foggy,44.9,5,Mucho antes
stormy,78.4,5,Mucho antes
rainy,196.5,8,Mucho antes
rainy,56.9,5,Mucho antes
rainy,169.2,5,Mucho antes
stormy,225.1,12,Mucho antes
clear,63.0,2,Mucho antes
foggy,93.0,6,Mucho antes
stormy,14.5,5,Mucho antes
stormy,35.3,5,Mucho tarde
foggy,112.9,4,Mucho antes
hot,83.1,3,Ligeramente antes
hot,64.8,2,Mucho antes
foggy,98.7,6,Mucho tarde
stormy,33.5,4,Mucho antes
clear,218.5,6,Ligeramente antes
rainy,178.5,10,Mucho antes
rainy,79.4,8,Mucho tarde
hot,41.6,3,Mucho antes
foggy,13.5,5,Mucho antes
clear,204.2,8,Mucho antes
stormy,64.8,7,Mucho tarde
stormy,129.9,11,Mucho tarde
cold,177.4,5,Ligeramente antes
stormy,107.5,4,Mucho antes
cold,12.0,2,Mucho antes
rainy,157.7,8,Ligeramente antes
foggy,281.7,8,Mucho antes
rainy,39.4,6,Mucho antes
foggy,113.5,6,Ligeramente tarde
clear,95.0,2,Mucho antes
foggy,73.0,5,Mucho antes
stormy,189.7,12,Mucho tarde
rainy,111.7,7,Mucho antes
foggy,94.9,9,Mucho antes
stormy,52.0,3,Ligeramente antes
cold,109.7,2,Mucho antes
rainy,297.1,16,Mucho tarde
stormy,260.4,11,Mucho tarde
cold,29.7,1,Mucho antes
clear,190.0,6,Ligeramente tarde
foggy,145.3,6,Mucho antes
foggy,204.0,9,Mucho antes
cold,282.2,11,Mucho tarde
clear,28.1,1,Mucho antes
cold,166.7,4,Mucho antes
stormy,21.7,5,Mucho antes
clear,112.2,3,Mucho antes
cold,135.7,5,Mucho antes
hot,26.4,2,Ligeramente antes
hot,73.7,5,Mucho antes
rainy,172.1,11,Mucho antes
rainy,68.4,5,Mucho antes
hot,216.2,5,Mucho antes
rainy,200.3,7,Mucho antes
foggy,149.7,5,Mucho antes
cold,168.2,5,Mucho antes
cold,97.6,2,Mucho antes
clear,165.3,7,Ligeramente tarde
hot,97.1,2,Mucho antes
hot,272.1,12,Mucho tarde
cold,25.9,3,Mucho antes
rainy,61.8,5,Mucho antes
hot,76.4,5,Ligeramente tarde
rainy,236.5,9,Mucho tarde
foggy,136.2,5,Mucho antes
clear,167.0,4,Mucho antes
hot,89.3,6,Mucho antes
rainy,81.4,6,Mucho antes
foggy,194.9,6,Mucho antes
clear,206.2,5,Mucho antes
stormy,155.9,6,Mucho antes
stormy,211.4,13,Mucho antes
hot,232.2,7,Mucho antes
foggy,31.4,2,Mucho antes
hot,71.2,1,Mucho antes
stormy,186.9,9,Ligeramente tarde
clear,262.3,6,Mucho antes
clear,243.6,10,Ligeramente tarde
rainy,175.3,5,Mucho antes
hot,133.7,6,Mucho antes
foggy,10.7,3,Mucho antes
clear,276.6,4,Mucho antes
foggy,223.6,9,Mucho antes
hot,86.0,2,Ligeramente antes
hot,152.2,5,Mucho antes
rainy,72.5,7,Mucho antes
rainy,274.7,15,Mucho tarde
foggy,135.1,4,Mucho antes
rainy,256.3,10,Ligeramente tarde
stormy,186.3,8,Mucho tarde
hot,158.0,5,Mucho antes
stormy,272.1,12,Mucho tarde
cold,42.3,2,Mucho antes
stormy,20.3,5,Mucho antes
hot,199.3,6,Mucho antes
foggy,274.7,11,Mucho antes
rainy,40.9,6,Mucho antes
foggy,73.6,4,Mucho antes
stormy,120.5,9,Ligeramente tarde
clear,279.7,10,Mucho antes
foggy,256.0,10,Ligeramente tarde
clear,291.5,8,Mucho antes
rainy,232.4,9,Ligeramente tarde
hot,105.2,4,Ligeramente antes
foggy,16.8,5,Mucho antes
hot,185.0,8,Mucho antes
stormy,268.5,11,Mucho antes
foggy,134.6,7,Mucho tarde
foggy,118.3,7,Ligeramente antes
hot,238.0,6,Ligeramente antes
stormy,120.4,6,Mucho antes
hot,220.3,8,Ligeramente tarde
rainy,63.2,6,Mucho antes
stormy,190.4,14,Mucho tarde
rainy,171.4,8,Mucho tarde
cold,132.1,5,Ligeramente tarde
cold,99.3,6,Mucho tarde
rainy,185.1,10,Mucho tarde
rainy,284.3,10,Mucho antes
rainy,92.9,7,Mucho antes
clear,17.8,1,Mucho antes
clear,263.6,8,Ligeramente antes
clear,6.5,2,Ligeramente antes
clear,20.1,1,Mucho antes
hot,43.9,3,Mucho antes
hot,224.3,9,Mucho antes
clear,21.5,1,Mucho antes
stormy,149.2,5,Mucho antes
stormy,42.3,6,Mucho antes
rainy,167.2,8,Mucho antes
stormy,146.4,7,Mucho tarde
hot,93.9,6,Mucho antes
cold,172.0,7,Ligeramente antes
clear,92.6,3,Mucho antes
clear,252.3,5,Mucho antes
foggy,278.1,9,Ligeramente tarde
hot,156.1,7,Ligeramente antes
cold,37.9,3,Mucho antes
stormy,97.4,9,Mucho antes
rainy,246.5,6,Mucho antes
rainy,63.2,7,Mucho antes
hot,39.1,4,Mucho antes
hot,288.9,7,Ligeramente antes
clear,165.7,7,Mucho antes
cold,139.2,6,Mucho antes
rainy,277.1,16,Mucho tarde
stormy,161.4,7,Ligeramente antes
rainy,149.0,4,Mucho antes
rainy,90.8,7,Mucho tarde
cold,203.0,7,Ligeramente antes
stormy,214.5,12,Mucho antes
rainy,41.5,3,Ligeramente tarde
foggy,234.4,5,Ligeramente antes
rainy,133.2,4,Mucho antes
hot,126.3,3,Mucho antes
clear,271.5,9,Mucho antes
foggy,47.8,4,Mucho antes
foggy,147.5,6,Mucho antes
clear,135.8,3,Ligeramente antes
rainy,180.9,10,Ligeramente tarde
stormy,67.5,5,Mucho antes
rainy,74.8,4,Mucho antes
stormy,16.3,8,Mucho tarde
foggy,243.1,9,Mucho antes
cold,29.3,2,Ligeramente antes
foggy,184.3,5,Mucho antes
foggy,10.0,3,Mucho antes
rainy,177.7,12,Mucho tarde
clear,69.4,3,Mucho antes
cold,200.0,6,Mucho antes
rainy,230.4,9,Ligeramente tarde
clear,293.7,6,Ligeramente antes
clear,223.8,7,Ligeramente tarde
hot,284.0,5,Mucho antes
foggy,279.4,14,Mucho antes
stormy,85.1,5,Ligeramente tarde
clear,120.5,6,Mucho antes
foggy,124.3,4,Mucho antes
rainy,104.4,7,Mucho antes
hot,222.1,6,Mucho antes
hot,115.7,3,Mucho antes
clear,276.4,6,Mucho antes
cold,168.0,5,Ligeramente antes
cold,92.4,3,Mucho antes
clear,253.4,8,Mucho antes
hot,205.5,5,Mucho antes
hot,95.8,4,Mucho antes
hot,268.7,7,Ligeramente antes
cold,134.6,5,Mucho antes
cold,32.7,1,Ligeramente antes
foggy,244.6,6,Mucho antes
cold,211.9,8,Mucho antes
rainy,12.5,3,Mucho antes
rainy,42.0,3,Ligeramente tarde
hot,268.1,5,Mucho antes
cold,13.1,1,Mucho antes
rainy,165.5,8,Mucho antes
hot,18.7,1,Mucho antes
hot,249.7,9,Mucho antes
foggy,48.3,3,Mucho antes
cold,180.4,3,Mucho antes
stormy,295.8,10,Mucho antes
stormy,199.7,7,Mucho antes
stormy,121.2,11,Mucho antes
stormy,110.5,7,Ligeramente antes
stormy,285.4,10,Ligeramente tarde
cold,176.7,5,Mucho antes
foggy,297.1,8,Mucho antes
rainy,19.4,5,Mucho tarde
stormy,243.4,10,Mucho antes
foggy,56.6,4,Mucho antes
hot,102.9,6,Mucho antes
cold,195.0,9,Ligeramente tarde
cold,242.2,7,Mucho antes
cold,171.0,4,Mucho antes
stormy,32.3,6,Mucho tarde
foggy,3.6,3,Mucho antes
cold,261.8,10,Ligeramente tarde
foggy,83.0,5,Mucho antes
cold,201.7,4,Mucho antes
cold,233.0,8,Mucho antes
stormy,210.9,8,Mucho antes
cold,31.2,2,Mucho antes
rainy,232.7,8,Ligeramente antes
clear,268.0,8,Mucho antes
stormy,238.4,8,Ligeramente tarde
rainy,153.6,5,Ligeramente antes
cold,60.7,3,Ligeramente antes
hot,187.9,3,Mucho antes
clear,210.5,5,Ligeramente antes
stormy,82.0,7,Ligeramente antes
hot,192.8,5,Mucho antes
foggy,262.7,10,Mucho antes
cold,115.1,5,Ligeramente tarde
hot,160.1,3,Mucho antes
hot,215.5,5,Mucho antes
rainy,222.7,7,Mucho antes
cold,193.7,8,Mucho tarde
hot,158.9,4,Mucho antes
hot,211.2,6,Mucho antes
hot,254.1,10,Mucho antes
cold,269.3,7,Mucho antes
hot,129.3,6,Mucho antes
cold,213.9,3,Mucho antes
rainy,121.8,8,Mucho antes
stormy,258.4,13,Mucho tarde
foggy,249.4,11,Mucho tarde
stormy,226.2,11,Mucho tarde
cold,147.3,4,Mucho antes
cold,161.9,8,Mucho antes
clear,240.5,8,Mucho antes
hot,15.4,0,Mucho antes
cold,170.7,5,Ligeramente antes
stormy,72.8,7,Ligeramente antes
stormy,181.3,12,Mucho antes
hot,143.5,3,Mucho antes
cold,191.7,5,Mucho antes
clear,29.1,2,Mucho antes
hot,278.0,10,Mucho antes
cold,175.5,5,Mucho antes
clear,89.0,3,Mucho antes
foggy,239.2,7,Mucho antes
hot,205.0,8,Mucho antes
clear,135.0,4,Mucho antes
rainy,84.4,7,Mucho antes
foggy,96.6,4,Ligeramente tarde
cold,16.3,2,Mucho antes
stormy,116.0,5,Ligeramente tarde
cold,154.3,6,Mucho antes
cold,252.7,8,Ligeramente antes
stormy,194.6,10,Mucho tarde
stormy,66.1,5,Mucho antes
hot,289.1,8,Mucho antes
clear,67.2,4,Mucho antes
rainy,185.7,7,Ligeramente antes
clear,99.2,5,Ligeramente tarde
clear,37.5,2,Ligeramente antes
foggy,247.2,9,Mucho antes
cold,177.2,5,Ligeramente antes
cold,157.9,5,Ligeramente antes
foggy,90.8,7,Mucho antes
foggy,233.9,8,Mucho antes
cold,256.0,6,Mucho antes
cold,251.1,5,Mucho antes
stormy,22.7,7,Mucho tarde
clear,60.4,1,Mucho antes
foggy,38.0,2,Ligeramente antes
stormy,92.0,6,Mucho antes
hot,34.7,3,Ligeramente tarde
cold,53.9,2,Mucho antes
stormy,212.2,10,Mucho tarde
foggy,201.0,6,Mucho antes
stormy,85.5,6,Mucho antes
stormy,247.4,11,Mucho antes
stormy,200.7,10,Ligeramente tarde
rainy,130.1,5,Mucho antes
rainy,7.5,4,Mucho antes
hot,197.1,7,Mucho antes
hot,235.0,7,Mucho antes
cold,68.0,3,Mucho antes
hot,36.6,4,Ligeramente tarde
foggy,95.2,7,Ligeramente antes
cold,211.0,6,Mucho antes
cold,288.8,10,Mucho antes
stormy,118.3,5,Mucho antes
clear,249.2,10,Mucho tarde
cold,228.5,5,Mucho antes
hot,266.2,7,Ligeramente antes
rainy,199.4,6,Mucho antes
rainy,284.0,12,Mucho tarde
clear,275.3,9,Mucho antes
clear,11.1,2,Mucho antes
foggy,155.5,6,Mucho antes
stormy,99.0,8,Ligeramente antes
stormy,254.1,12,Mucho antes
stormy,123.4,10,Mucho tarde
stormy,274.2,14,Mucho tarde
stormy,272.5,9,Ligeramente tarde
stormy,109.9,7,Mucho antes
hot,172.9,3,Mucho antes
cold,9.3,2,Mucho antes
foggy,107.8,7,Mucho tarde
stormy,197.8,9,Mucho antes
foggy,64.2,3,Mucho antes
cold,48.5,3,Mucho antes
hot,286.3,6,Mucho antes
rainy,175.5,9,Mucho antes
hot,169.9,5,Ligeramente antes
clear,246.3,11,Mucho antes
stormy,167.6,9,Mucho antes
cold,194.2,6,Ligeramente tarde
stormy,92.9,8,Mucho antes
clear,113.9,3,Ligeramente antes
stormy,82.8,7,Ligeramente antes
hot,180.0,7,Mucho antes
stormy,179.0,12,Mucho antes
cold,50.5,2,Mucho antes
foggy,229.5,6,Ligeramente antes
foggy,58.9,5,Ligeramente tarde
hot,205.9,7,Ligeramente tarde
stormy,19.8,7,Mucho tarde
hot,275.6,9,Mucho antes
rainy,19.0,4,Ligeramente tarde
hot,20.2,2,Mucho antes
foggy,26.8,5,Mucho tarde
cold,136.8,5,Mucho antes
foggy,165.7,7,Ligeramente antes
stormy,46.3,4,Mucho antes
clear,225.5,4,Mucho antes
cold,37.9,1,Mucho antes
clear,281.4,7,Mucho antes
foggy,130.9,4,Mucho antes
foggy,163.4,8,Mucho antes
cold,230.0,6,Mucho antes
stormy,249.2,11,Mucho antes
stormy,239.3,9,Mucho antes
hot,101.6,4,Mucho antes
stormy,223.7,7,Mucho antes
foggy,27.0,4,Mucho antes
cold,188.9,5,Mucho antes
stormy,107.5,7,Mucho antes
cold,6.1,1,Ligeramente antes
clear,237.6,8,Ligeramente tarde
rainy,263.9,14,Mucho tarde
foggy,39.0,5,Mucho antes
clear,50.3,1,Mucho antes
rainy,39.4,4,Mucho antes
hot,297.1,13,Mucho tarde
rainy,17.7,6,Mucho tarde
foggy,208.8,9,Mucho antes
clear,12.9,0,Mucho antes
clear,195.1,8,Ligeramente antes
cold,290.9,11,Mucho antes
rainy,52.6,6,Mucho antes
clear,207.3,9,Ligeramente tarde
foggy,210.9,9,Ligeramente tarde
foggy,98.8,2,Mucho antes
hot,265.2,5,Mucho antes
rainy,209.4,8,Ligeramente antes
clear,65.0,3,Mucho antes
cold,43.5,1,Mucho antes
stormy,253.0,12,Mucho tarde
foggy,11.4,2,Mucho antes
clear,260.7,5,Mucho antes
rainy,28.8,7,Ligeramente antes
hot,261.7,5,Mucho antes
cold,77.2,2,Mucho antes
cold,242.4,10,Mucho antes
stormy,297.1,10,Mucho antes
foggy,85.0,3,Mucho antes
foggy,254.0,6,Ligeramente antes
cold,236.5,9,Mucho tarde
foggy,236.5,7,Mucho antes
cold,98.8,2,Mucho antes
cold,248.3,6,Ligeramente antes
foggy,283.8,10,Mucho antes
foggy,4.7,1,Ligeramente antes
rainy,242.3,7,Mucho antes
stormy,26.5,7,Mucho antes
rainy,62.7,5,Ligeramente tarde
rainy,115.0,8,Ligeramente antes
cold,296.2,12,Mucho tarde
stormy,217.9,9,Mucho tarde
foggy,297.1,9,Mucho antes
clear,117.6,3,Mucho antes
foggy,217.3,11,Mucho antes
clear,201.1,5,Mucho antes
clear,3.6,2,Mucho antes
clear,28.9,1,Mucho antes
rainy,4.9,6,Mucho tarde
cold,141.5,6,Mucho antes
cold,173.5,8,Mucho antes
stormy,13.5,6,Mucho antes
cold,75.2,3,Mucho antes
foggy,235.9,10,Mucho antes
rainy,37.5,3,Ligeramente tarde
hot,206.1,8,Ligeramente tarde
hot,136.5,6,Mucho antes
foggy,25.0,3,Mucho antes
hot,220.8,10,Mucho tarde
stormy,254.4,12,Mucho antes
foggy,160.3,5,Mucho antes
cold,163.9,6,Mucho antes
hot,17.6,2,Mucho antes
clear,285.7,8,Ligeramente antes
cold,263.6,10,Mucho antes
cold,297.1,7,Mucho antes
hot,221.9,8,Ligeramente antes
foggy,187.0,8,Mucho antes
stormy,262.2,13,Mucho antes
clear,281.3,8,Mucho antes
stormy,276.0,9,Ligeramente tarde
foggy,11.8,2,Mucho antes
cold,232.1,6,Mucho antes
foggy,111.8,3,Ligeramente antes
hot,244.2,4,Mucho antes
stormy,19.0,7,Mucho antes
cold,157.2,7,Mucho antes
cold,294.1,7,Ligeramente antes
cold,181.0,10,Mucho antes
rainy,17.6,1,Mucho antes
clear,288.0,9,Ligeramente tarde
stormy,85.4,7,Ligeramente antes
hot,278.7,7,Ligeramente antes
hot,69.6,2,Mucho antes
clear,147.5,6,Mucho antes
cold,39.2,3,Mucho antes
cold,264.3,6,Mucho antes
cold,199.5,8,Mucho antes
clear,33.8,1,Mucho antes
stormy,253.6,11,Mucho tarde
rainy,297.1,15,Mucho tarde
hot,285.8,9,Ligeramente tarde
rainy,13.8,7,Ligeramente antes
cold,238.3,6,Mucho antes
cold,277.6,7,Mucho antes
cold,297.1,9,Ligeramente tarde
cold,283.0,6,Ligeramente antes
stormy,263.0,12,Mucho tarde
stormy,271.4,11,Mucho antes
foggy,65.3,6,Mucho antes
stormy,286.8,12,Mucho antes
stormy,231.0,10,Ligeramente tarde
stormy,92.5,8,Mucho antes
rainy,137.3,11,Mucho antes
stormy,96.3,10,Mucho tarde
foggy,207.9,8,Mucho antes
clear,38.7,2,Mucho antes
cold,93.3,6,Mucho tarde
rainy,217.3,9,Mucho tarde
stormy,237.0,7,Mucho antes
stormy,150.0,11,Mucho tarde
rainy,184.0,12,Mucho tarde
rainy,224.5,10,Mucho antes
foggy,142.7,5,Mucho antes
stormy,187.0,12,Mucho tarde
cold,39.6,3,Mucho antes
cold,286.5,8,Ligeramente antes
cold,65.2,3,Mucho antes
hot,135.8,6,Mucho antes
hot,272.8,5,Mucho antes
stormy,115.1,6,Ligeramente tarde
foggy,64.3,5,Ligeramente tarde
rainy,254.4,7,Ligeramente antes
hot,35.6,0,Mucho antes
foggy,245.9,11,Mucho antes
cold,41.4,3,Mucho antes
clear,9.2,1,Mucho antes
stormy,63.4,8,Mucho tarde
clear,98.7,2,Mucho antes
foggy,122.1,3,Mucho antes
cold,240.3,6,Mucho antes
rainy,261.9,9,Ligeramente tarde
cold,106.8,3,Ligeramente antes
cold,51.0,3,Ligeramente antes
stormy,118.2,8,Ligeramente antes
cold,232.2,7,Mucho antes
stormy,288.0,17,Ligeramente tarde
cold,90.5,2,Mucho antes
rainy,10.8,3,Ligeramente tarde
rainy,263.7,11,Mucho antes
foggy,100.2,4,Mucho antes
cold,193.2,8,Ligeramente antes
rainy,43.4,2,Mucho antes
cold,136.9,5,Mucho antes
cold,129.5,3,Ligeramente antes
stormy,181.9,10,Mucho antes
hot,185.6,6,Mucho antes
clear,137.8,5,Mucho antes
rainy,293.0,12,Mucho antes
foggy,291.0,7,Ligeramente antes
foggy,63.2,2,Ligeramente antes
clear,134.6,5,Mucho antes
clear,135.8,3,Ligeramente antes
foggy,124.6,5,Ligeramente tarde
rainy,11.1,4,Mucho antes
cold,180.9,5,Ligeramente antes
rainy,84.1,6,Mucho antes
hot,4.4,2,Mucho antes
clear,204.1,8,Ligeramente antes
cold,259.7,9,Mucho antes
cold,11.0,2,Mucho antes
clear,248.4,8,Ligeramente tarde
clear,184.0,3,Mucho antes
cold,100.8,3,Mucho antes
stormy,177.0,10,Mucho tarde
hot,153.5,3,Mucho antes
foggy,193.9,8,Mucho antes
clear,156.2,5,Mucho antes
foggy,130.2,5,Ligeramente tarde
hot,8.1,1,Mucho antes
clear,106.8,3,Mucho antes
foggy,97.4,5,Mucho antes
hot,60.9,3,Mucho antes
stormy,86.7,5,Mucho antes
rainy,290.6,10,Mucho tarde
stormy,66.7,7,Mucho antes
hot,30.5,2,Ligeramente antes
hot,260.1,8,Mucho antes
rainy,154.8,6,Mucho antes
cold,276.1,6,Mucho antes
cold,12.0,1,Ligeramente antes
stormy,164.5,13,Mucho antes
rainy,92.9,5,Mucho antes
foggy,108.0,5,Mucho antes
hot,222.9,7,Mucho antes
hot,223.1,9,Mucho antes
hot,142.9,3,Ligeramente antes
foggy,11.4,4,Ligeramente tarde
cold,280.4,7,Mucho antes
foggy,3.6,5,Mucho antes
cold,158.8,5,Mucho antes
cold,61.3,3,Mucho antes
stormy,149.0,7,Mucho antes
cold,24.4,0,Mucho antes
hot,7.8,1,Ligeramente antes
rainy,253.8,9,Mucho antes
stormy,66.1,6,Mucho antes
rainy,77.3,5,Mucho antes
cold,6.6,2,Mucho antes
cold,243.2,5,Mucho antes
stormy,169.4,6,Mucho antes
clear,243.1,7,Mucho antes
cold,133.3,4,Mucho antes
rainy,192.6,10,Ligeramente tarde
rainy,158.8,5,Mucho antes
clear,233.2,8,Ligeramente tarde
clear,103.2,4,Mucho antes
cold,35.7,3,Mucho antes
clear,71.0,3,Mucho antes
stormy,167.5,9,Mucho antes
stormy,84.0,5,Mucho antes
stormy,50.7,6,Mucho antes
cold,266.1,9,Ligeramente tarde
hot,97.3,3,Mucho antes
rainy,11.6,7,Ligeramente antes
hot,172.9,4,Mucho antes
stormy,223.3,14,Mucho tarde
rainy,52.1,6,Mucho antes
stormy,150.0,9,Ligeramente tarde
hot,32.5,2,Mucho antes
stormy,58.9,6,Mucho antes
stormy,78.3,7,Ligeramente antes
rainy,238.9,9,Mucho antes
hot,55.2,3,Ligeramente antes
rainy,28.7,4,Ligeramente tarde
foggy,111.8,5,Mucho antes
hot,294.8,12,Mucho tarde
cold,162.3,2,Mucho antes
clear,158.6,5,Mucho antes
cold,238.5,11,Mucho antes
hot,141.6,3,Mucho antes
rainy,216.4,9,Ligeramente tarde
clear,20.9,2,Ligeramente antes
rainy,83.7,7,Mucho tarde
clear,128.2,4,Mucho antes
rainy,100.4,7,Mucho tarde
rainy,10.9,4,Ligeramente tarde
clear,148.8,7,Mucho antes
foggy,80.3,5,Mucho antes
hot,134.7,6,Mucho antes
cold,259.3,10,Mucho antes
cold,36.1,1,Mucho antes
foggy,151.4,8,Mucho antes
stormy,111.8,10,Ligeramente tarde
foggy,92.5,3,Mucho antes
stormy,118.7,6,Mucho antes
hot,36.8,3,Ligeramente tarde
foggy,171.4,9,Mucho antes
rainy,133.5,9,Ligeramente tarde
cold,267.3,9,Mucho antes
stormy,16.7,5,Mucho antes
stormy,210.4,10,Ligeramente tarde
hot,12.3,1,Ligeramente antes
clear,140.3,5,Mucho antes
cold,105.7,4,Mucho antes
cold,65.9,2,Mucho antes
clear,295.6,5,Mucho antes
rainy,157.5,8,Mucho antes
stormy,274.3,15,Mucho tarde
hot,166.9,5,Ligeramente antes
clear,288.8,6,Mucho antes
clear,285.4,10,Mucho antes
foggy,21.4,3,Ligeramente tarde
clear,82.9,3,Ligeramente antes
foggy,272.8,14,Mucho antes
stormy,97.6,7,Ligeramente antes
hot,146.1,4,Mucho antes
rainy,66.6,4,Mucho antes
hot,250.6,7,Mucho antes
rainy,102.6,8,Mucho antes
hot,176.7,4,Mucho antes
rainy,147.1,9,Ligeramente tarde
rainy,193.4,10,Mucho antes
hot,196.3,7,Ligeramente antes
rainy,58.3,5,Mucho antes
cold,73.0,1,Mucho antes
rainy,96.4,7,Mucho tarde
rainy,238.4,11,Mucho antes
rainy,124.7,9,Mucho tarde
foggy,188.4,6,Mucho antes
foggy,111.0,7,Ligeramente antes
rainy,3.6,4,Ligeramente tarde
foggy,162.7,10,Ligeramente tarde
hot,108.6,5,Mucho antes
foggy,250.7,5,Mucho antes
clear,249.8,8,Mucho antes
hot,196.2,5,Ligeramente antes
clear,30.9,3,Ligeramente tarde
hot,195.4,7,Ligeramente tarde
rainy,134.4,8,Mucho tarde
hot,285.3,11,Mucho antes
stormy,155.5,9,Ligeramente tarde
hot,79.7,3,Mucho antes
foggy,180.8,5,Ligeramente antes
rainy,164.6,10,Mucho antes
clear,109.5,3,Mucho antes
cold,208.7,6,Mucho antes
cold,150.5,4,Mucho antes
stormy,136.3,10,Mucho antes
cold,290.3,8,Mucho antes
hot,160.5,6,Ligeramente tarde
clear,149.2,6,Ligeramente tarde
cold,244.1,4,Mucho antes
cold,223.8,10,Mucho antes
hot,41.8,2,Mucho antes
stormy,153.3,9,Mucho tarde
stormy,97.9,4,Mucho antes
foggy,193.3,7,Ligeramente antes
foggy,112.4,4,Mucho antes
rainy,191.6,8,Mucho tarde
stormy,146.9,7,Mucho antes
rainy,145.9,6,Ligeramente tarde
cold,287.1,7,Mucho antes
clear,273.1,11,Mucho tarde
clear,295.4,10,Mucho antes
cold,194.4,6,Mucho antes
foggy,214.0,9,Mucho tarde
stormy,58.4,4,Mucho antes
rainy,21.4,5,Mucho tarde
rainy,72.5,9,Mucho antes
foggy,103.7,4,Mucho antes
clear,25.4,1,Mucho antes
stormy,131.6,9,Ligeramente tarde
clear,125.0,5,Mucho antes
hot,183.5,4,Mucho antes
foggy,262.9,9,Ligeramente tarde
clear,270.3,9,Ligeramente tarde
foggy,193.6,9,Mucho antes
foggy,272.2,8,Ligeramente antes
clear,67.3,3,Mucho antes
rainy,165.0,8,Mucho tarde
rainy,267.9,14,Mucho antes
hot,280.8,12,Mucho antes
hot,297.1,6,Mucho antes
rainy,243.1,9,Ligeramente tarde
cold,21.1,0,Mucho antes
rainy,236.6,10,Mucho antes
stormy,36.5,2,Mucho antes
rainy,243.4,7,Ligeramente tarde
clear,49.9,2,Ligeramente antes
stormy,220.6,8,Ligeramente antes
rainy,255.8,11,Mucho antes
clear,42.1,1,Mucho antes
cold,8.4,1,Ligeramente antes
hot,229.0,9,Mucho antes
hot,171.9,6,Mucho antes
cold,105.1,4,Mucho antes
hot,116.4,3,Mucho antes
rainy,28.0,3,Mucho antes
cold,227.1,7,Mucho antes
foggy,270.0,13,Mucho antes
cold,52.1,4,Mucho antes
cold,166.6,3,Mucho antes
clear,229.3,5,Ligeramente antes
cold,96.1,4,Ligeramente tarde
clear,283.2,9,Mucho antes
hot,90.2,3,Mucho antes
stormy,293.6,12,Mucho tarde
rainy,33.0,4,Mucho antes
cold,17.7,2,Mucho antes
foggy,147.2,6,Ligeramente tarde
foggy,7.9,3,Mucho antes
cold,238.1,9,Ligeramente tarde
stormy,218.5,7,Ligeramente antes
rainy,3.9,5,Mucho tarde
cold,27.7,0,Mucho antes
clear,137.8,3,Ligeramente antes
stormy,291.5,18,Mucho tarde
foggy,248.1,10,Mucho tarde
hot,108.4,4,Mucho antes
clear,94.7,5,Mucho antes
stormy,218.8,11,Mucho tarde
foggy,91.9,8,Ligeramente antes
foggy,211.2,6,Mucho antes
stormy,13.5,3,Mucho antes
foggy,247.6,7,Ligeramente antes
foggy,56.4,3,Mucho antes
rainy,109.7,6,Ligeramente tarde
rainy,214.5,10,Mucho antes
cold,66.3,2,Mucho antes
foggy,297.1,7,Ligeramente antes
foggy,103.8,3,Mucho antes
hot,169.6,8,Ligeramente antes
clear,258.1,8,Mucho antes
hot,292.1,10,Mucho antes
clear,271.4,10,Ligeramente tarde
clear,274.0,7,Ligeramente antes
rainy,218.5,13,Mucho antes
clear,31.2,1,Mucho antes
foggy,73.3,2,Mucho antes
cold,203.2,6,Ligeramente antes
rainy,196.4,11,Mucho tarde
rainy,190.9,10,Mucho tarde
clear,38.5,2,Mucho antes
foggy,78.7,6,Mucho antes
foggy,188.1,10,Ligeramente tarde
clear,141.2,7,Mucho antes
cold,190.9,9,Mucho antes
foggy,75.5,7,Mucho tarde
rainy,160.7,9,Mucho antes
hot,9.1,1,Mucho antes
stormy,14.9,5,Mucho antes
clear,91.8,3,Ligeramente antes
cold,4.7,2,Mucho antes
foggy,121.5,6,Mucho antes
hot,95.4,2,Mucho antes
stormy,150.1,10,Mucho tarde
hot,29.1,1,Mucho antes
rainy,135.8,10,Mucho tarde
rainy,51.3,5,Ligeramente tarde
hot,131.5,7,Mucho antes
cold,60.6,2,Mucho antes
clear,199.0,4,Ligeramente antes
clear,59.4,1,Mucho antes
foggy,11.1,2,Mucho antes
rainy,294.2,8,Mucho antes
cold,208.8,5,Mucho antes
stormy,232.8,8,Mucho antes
clear,16.2,3,Mucho antes
foggy,198.0,7,Mucho antes
rainy,159.8,11,Mucho tarde
hot,276.0,7,Ligeramente antes
stormy,209.1,10,Mucho tarde
stormy,62.5,9,Mucho antes
rainy,49.1,4,Mucho antes
stormy,68.8,8,Mucho tarde
rainy,182.7,11,Mucho tarde
rainy,133.9,10,Mucho antes
stormy,287.2,13,Mucho tarde
rainy,225.8,7,Mucho antes
stormy,36.7,5,Mucho tarde
cold,285.2,5,Mucho antes
hot,227.5,6,Mucho antes
rainy,9.3,5,Mucho tarde
foggy,270.9,9,Mucho antes
hot,197.3,6,Mucho antes
stormy,111.1,5,Mucho antes
hot,17.7,2,Ligeramente antes
cold,241.3,4,Mucho antes
hot,64.7,3,Mucho antes
cold,141.9,3,Mucho antes
rainy,286.6,11,Mucho tarde
stormy,228.2,9,Mucho antes
foggy,167.2,7,Ligeramente antes
stormy,113.9,11,Mucho antes
stormy,198.4,10,Mucho antes
hot,180.6,6,Mucho antes
stormy,74.3,8,Mucho antes
cold,240.7,8,Ligeramente antes
hot,36.7,2,Mucho antes
rainy,64.2,6,Mucho tarde
stormy,44.0,3,Mucho antes
foggy,182.8,8,Mucho antes
stormy,11.8,8,Mucho tarde
clear,287.1,7,Mucho antes
cold,187.7,8,Mucho tarde
cold,270.2,10,Mucho tarde
stormy,37.7,6,Mucho tarde
hot,63.8,2,Mucho antes
hot,226.4,6,Mucho antes
clear,253.4,4,Mucho antes
clear,81.4,4,Mucho antes
cold,217.2,6,Ligeramente antes
rainy,253.5,11,Mucho antes
hot,91.1,4,Ligeramente tarde
cold,105.5,4,Mucho antes
cold,123.1,3,Mucho antes
cold,228.4,10,Mucho tarde
cold,107.3,2,Mucho antes
clear,32.9,1,Mucho antes
rainy,168.5,12,Mucho antes
cold,17.2,0,Mucho antes
rainy,167.9,9,Ligeramente tarde
clear,90.3,3,Ligeramente antes
foggy,206.9,5,Mucho antes
clear,55.9,1,Mucho antes
hot,224.5,10,Mucho antes
cold,278.6,9,Ligeramente tarde
stormy,223.2,10,Mucho tarde
hot,90.9,5,Mucho antes
foggy,163.6,8,Mucho antes
hot,251.8,6,Mucho antes
stormy,236.7,12,Mucho antes
foggy,17.6,2,Mucho antes
foggy,19.4,3,Mucho antes
clear,34.1,1,Mucho antes
rainy,138.2,8,Mucho antes
stormy,54.9,7,Mucho tarde
hot,210.6,6,Mucho antes
rainy,269.4,12,Mucho antes
stormy,7.6,3,Mucho antes
stormy,223.3,14,Mucho antes
hot,12.2,2,Mucho antes
rainy,24.2,6,Mucho antes
clear,130.5,4,Ligeramente antes
cold,297.1,7,Ligeramente antes
rainy,89.8,4,Mucho antes
clear,154.1,3,Mucho antes
foggy,293.3,9,Mucho antes
rainy,189.2,7,Ligeramente antes
rainy,109.8,6,Mucho antes
clear,98.9,5,Mucho antes
stormy,85.3,7,Ligeramente antes
rainy,25.6,5,Mucho antes
hot,32.1,3,Mucho antes
rainy,219.5,8,Mucho antes
rainy,167.3,8,Mucho tarde
cold,39.6,3,Mucho antes
clear,121.4,6,Mucho antes
clear,71.0,3,Ligeramente antes
stormy,126.5,9,Mucho tarde
clear,187.5,5,Mucho antes
cold,37.9,3,Mucho antes
foggy,216.0,6,Mucho antes
rainy,12.7,6,Mucho tarde
rainy,4.2,2,Mucho antes
stormy,254.3,13,Mucho tarde
foggy,214.1,7,Ligeramente antes
clear,26.1,2,Mucho antes
clear,19.2,2,Mucho antes
stormy,248.6,13,Mucho antes
clear,27.9,3,Mucho antes
stormy,223.5,11,Mucho tarde
cold,187.6,8,Mucho antes
stormy,252.5,12,Mucho tarde
hot,136.5,2,Mucho antes
foggy,173.8,6,Mucho antes
rainy,42.2,3,Mucho antes
foggy,265.5,11,Mucho tarde
stormy,108.8,9,Ligeramente tarde
cold,68.8,3,Ligeramente antes
foggy,9.9,2,Ligeramente antes
clear,136.5,5,Ligeramente tarde
stormy,3.6,3,Mucho antes
foggy,185.7,9,Mucho tarde
cold,221.8,6,Mucho antes
foggy,34.5,3,Mucho antes
stormy,140.3,9,Mucho tarde
hot,138.6,6,Ligeramente tarde
stormy,41.8,7,Mucho antes
foggy,153.4,4,Mucho antes
foggy,197.9,9,Mucho antes
clear,211.3,4,Mucho antes
rainy,39.4,4,Mucho antes
clear,218.8,10,Mucho antes
rainy,199.2,10,Mucho antes
clear,46.2,1,Mucho antes
hot,60.2,1,Mucho antes
stormy,97.5,9,Mucho tarde
hot,220.6,9,Mucho tarde
stormy,99.1,6,Mucho tarde
rainy,227.2,7,Ligeramente antes
rainy,201.3,10,Ligeramente tarde
clear,219.5,7,Ligeramente antes
rainy,23.2,6,Mucho tarde
stormy,133.4,9,Mucho antes
cold,52.1,1,Mucho antes
foggy,24.4,3,Mucho antes
stormy,88.9,6,Mucho antes
rainy,192.8,11,Mucho antes
cold,217.7,4,Mucho antes
clear,271.9,6,Mucho antes
rainy,216.2,11,Mucho antes
cold,26.3,2,Ligeramente antes
foggy,212.4,9,Ligeramente tarde
hot,26.3,0,Mucho antes
rainy,249.1,10,Mucho antes
hot,12.2,1,Mucho antes
clear,165.5,5,Mucho antes
foggy,246.1,14,Mucho tarde
foggy,109.7,6,Ligeramente tarde
cold,125.5,7,Ligeramente antes
clear,197.8,7,Mucho antes
cold,97.3,2,Ligeramente antes
cold,284.0,9,Ligeramente tarde
rainy,60.2,6,Mucho tarde
foggy,12.2,4,Mucho antes
hot,282.1,8,Mucho antes
clear,139.0,4,Mucho antes
rainy,243.0,6,Mucho antes
foggy,201.9,5,Mucho antes
hot,235.0,7,Ligeramente antes
cold,106.6,5,Mucho antes
stormy,284.0,18,Mucho tarde
cold,80.3,3,Mucho antes
cold,187.5,4,Mucho antes
clear,159.2,4,Mucho antes
stormy,20.3,6,Mucho antes
cold,244.4,4,Mucho antes
rainy,28.3,3,Mucho antes
rainy,231.2,10,Mucho tarde
rainy,135.3,8,Mucho tarde
hot,206.8,6,Mucho antes
foggy,117.0,7,Mucho antes
hot,199.8,7,Mucho antes
foggy,191.9,8,Mucho antes
cold,120.4,4,Mucho antes
rainy,256.2,15,Mucho tarde
foggy,283.6,9,Mucho antes
cold,284.2,8,Ligeramente antes
hot,242.4,7,Mucho antes
foggy,53.6,4,Mucho antes
hot,289.5,5,Mucho antes
foggy,173.3,11,Mucho antes
rainy,65.3,6,Mucho antes
rainy,178.7,9,Mucho antes
hot,181.8,7,Ligeramente tarde
hot,129.8,3,Ligeramente antes
cold,34.0,1,Mucho antes
foggy,199.9,6,Mucho antes
stormy,51.5,5,Mucho antes
clear,79.1,4,Mucho antes
hot,237.1,7,Ligeramente antes
rainy,200.1,10,Ligeramente tarde
stormy,46.0,5,Mucho antes
cold,170.2,5,Mucho antes
hot,79.6,3,Mucho antes
hot,216.8,7,Mucho antes
stormy,105.6,8,Mucho antes
cold,60.5,2,Mucho antes
hot,102.5,5,Mucho antes
stormy,263.7,13,Mucho tarde
clear,15.3,1,Ligeramente antes
stormy,219.7,10,Mucho antes
clear,280.1,6,Mucho antes
foggy,77.8,5,Mucho antes
foggy,49.6,3,Mucho antes
foggy,281.5,10,Ligeramente tarde
hot,122.7,2,Mucho antes
hot,62.7,3,Mucho antes
clear,95.3,4,Ligeramente tarde
foggy,155.7,4,Ligeramente antes
clear,125.8,3,Mucho antes
hot,159.5,6,Mucho antes
rainy,116.9,9,Mucho tarde
foggy,159.6,8,Mucho tarde
cold,271.0,9,Mucho antes
hot,246.0,5,Mucho antes
cold,179.1,5,Mucho antes
foggy,127.0,6,Mucho antes
rainy,254.6,10,Mucho antes
foggy,106.9,6,Ligeramente tarde
hot,264.2,9,Ligeramente tarde
cold,57.3,3,Mucho antes
hot,81.7,1,Mucho antes
cold,180.5,4,Mucho antes
clear,209.9,6,Mucho antes
cold,276.1,8,Mucho antes
foggy,127.9,4,Mucho antes
clear,124.0,4,Mucho antes
clear,21.2,2,Mucho antes
foggy,203.9,6,Mucho antes
foggy,235.7,5,Mucho antes
clear,4.0,2,Mucho antes
rainy,192.7,9,Mucho tarde
foggy,90.4,5,Mucho antes
clear,225.0,9,Ligeramente tarde
rainy,22.3,2,Mucho antes
cold,148.0,6,Mucho antes
cold,261.7,8,Ligeramente antes
stormy,294.4,13,Mucho antes
foggy,216.4,10,Ligeramente tarde
clear,26.3,3,Ligeramente tarde
cold,163.2,4,Mucho antes
rainy,158.8,6,Ligeramente tarde
rainy,147.1,8,Ligeramente antes
clear,141.5,3,Mucho antes
cold,7.3,0,Mucho antes
rainy,206.3,10,Mucho tarde
foggy,180.5,6,Mucho antes
clear,164.8,5,Mucho antes
rainy,214.6,9,Mucho antes
rainy,166.1,5,Mucho antes
cold,128.6,5,Mucho antes
foggy,101.0,6,Mucho antes
rainy,119.3,5,Mucho antes
hot,156.0,5,Mucho antes
rainy,112.9,6,Ligeramente tarde
hot,132.7,7,Mucho antes
cold,191.9,5,Ligeramente antes
clear,166.7,5,Mucho antes
foggy,131.4,8,Mucho antes
rainy,261.5,7,Mucho antes
cold,103.5,3,Mucho antes
clear,81.2,2,Mucho antes
foggy,102.7,4,Mucho antes
foggy,187.8,6,Mucho antes
foggy,3.6,1,Mucho antes
rainy,109.9,7,Ligeramente antes
clear,14.2,0,Mucho antes
rainy,236.6,8,Ligeramente tarde
hot,111.3,5,Mucho antes
cold,49.8,4,Mucho antes
cold,149.5,7,Ligeramente antes
stormy,110.1,8,Mucho antes
clear,278.1,9,Mucho antes
cold,201.1,9,Mucho antes
cold,143.7,4,Ligeramente antes
stormy,290.6,10,Ligeramente tarde
stormy,219.5,13,Mucho tarde
hot,59.2,2,Mucho antes
foggy,139.9,6,Mucho antes
foggy,150.7,6,Mucho antes
hot,274.6,9,Mucho antes
rainy,167.4,6,Mucho antes
hot,206.2,5,Mucho antes
stormy,49.9,4,Mucho antes
rainy,122.2,10,Mucho tarde
cold,55.2,4,Mucho antes
clear,135.4,2,Mucho antes
cold,261.2,9,Mucho antes
stormy,256.5,12,Mucho tarde
rainy,46.2,7,Ligeramente antes
stormy,124.9,6,Mucho antes
cold,285.9,9,Ligeramente tarde
rainy,39.1,6,Mucho antes
stormy,48.3,3,Mucho antes
hot,28.5,3,Mucho antes
foggy,157.0,6,Mucho antes
rainy,297.1,12,Mucho antes
rainy,266.5,9,Mucho antes
foggy,68.2,5,Mucho antes
stormy,242.3,11,Mucho tarde
stormy,9.2,6,Mucho tarde
stormy,180.7,11,Mucho tarde
foggy,262.0,8,Mucho antes
hot,106.9,5,Mucho antes
foggy,116.9,4,Mucho antes
cold,196.2,7,Ligeramente antes
rainy,262.3,9,Mucho antes
hot,163.2,3,Mucho antes
stormy,281.9,10,Ligeramente tarde
rainy,176.3,8,Ligeramente antes
clear,103.9,4,Mucho antes
clear,253.3,6,Mucho antes
foggy,244.9,8,Ligeramente tarde
stormy,194.0,10,Mucho antes
hot,42.1,3,Mucho antes
clear,3.6,0,Mucho antes
rainy,16.5,4,Ligeramente tarde
stormy,76.3,8,Mucho antes
stormy,72.2,4,Mucho antes
clear,185.6,8,Mucho antes
stormy,130.0,10,Mucho antes
rainy,8.8,5,Mucho antes
rainy,259.9,15,Mucho antes
clear,178.5,4,Mucho antes
clear,118.3,6,Mucho antes
cold,116.6,5,Ligeramente tarde
cold,32.6,2,Ligeramente antes
stormy,153.9,11,Mucho antes
clear,297.1,10,Mucho antes
foggy,156.9,6,Mucho antes
foggy,5.4,1,Mucho antes
foggy,186.3,10,Mucho antes
rainy,3.6,3,Mucho antes
clear,273.7,10,Ligeramente tarde
cold,155.3,6,Mucho antes
cold,207.5,4,Mucho antes
clear,262.5,11,Mucho antes
rainy,235.7,7,Mucho antes
clear,163.9,4,Mucho antes
clear,121.7,4,Mucho antes
stormy,277.3,11,Mucho antes
foggy,7.9,1,Mucho antes
stormy,122.4,7,Mucho antes
rainy,150.3,10,Ligeramente tarde
hot,261.5,7,Mucho antes
foggy,50.5,3,Mucho antes
clear,210.1,7,Ligeramente tarde
cold,200.8,4,Mucho antes
rainy,287.9,8,Ligeramente tarde
hot,260.7,8,Ligeramente tarde
hot,145.8,4,Mucho antes
rainy,28.5,3,Mucho antes
rainy,252.2,8,Ligeramente antes
rainy,75.0,6,Mucho tarde
cold,226.5,5,Mucho antes
foggy,169.0,9,Mucho tarde
hot,15.4,1,Mucho antes
clear,3.6,1,Mucho antes
clear,39.0,0,Mucho antes
rainy,82.6,7,Ligeramente antes
rainy,83.0,4,Ligeramente tarde
rainy,67.2,5,Mucho antes
rainy,261.1,14,Mucho tarde
rainy,160.6,7,Ligeramente tarde
cold,35.9,3,Mucho antes
rainy,32.1,7,Ligeramente antes
clear,177.7,6,Mucho antes
foggy,202.3,7,Mucho antes
hot,214.4,6,Mucho antes
cold,196.4,3,Mucho antes
foggy,190.5,5,Mucho antes
hot,234.8,8,Ligeramente antes
clear,24.4,2,Ligeramente antes
clear,195.7,5,Ligeramente antes
hot,55.7,2,Mucho antes
stormy,59.6,7,Mucho tarde
clear,232.6,10,Mucho antes
rainy,297.1,11,Mucho antes
foggy,96.7,5,Ligeramente tarde
clear,155.4,4,Mucho antes
rainy,210.8,10,Ligeramente tarde
stormy,284.5,10,Mucho tarde
clear,194.2,8,Mucho antes
rainy,212.1,10,Mucho antes
stormy,86.4,8,Ligeramente antes
stormy,112.0,9,Mucho antes
stormy,269.5,12,Mucho tarde
rainy,13.5,4,Mucho antes
clear,167.2,5,Mucho antes
rainy,41.8,8,Ligeramente antes
stormy,14.0,6,Mucho antes
stormy,43.5,4,Mucho antes
cold,140.7,6,Mucho antes
stormy,184.0,13,Mucho antes
hot,49.7,3,Ligeramente tarde
cold,154.3,6,Mucho antes
foggy,291.8,10,Ligeramente tarde
rainy,161.8,9,Mucho antes
rainy,19.6,3,Mucho antes
cold,74.4,4,Mucho antes
rainy,12.6,5,Mucho antes
foggy,176.6,6,Mucho antes
foggy,263.3,9,Mucho antes
cold,232.8,7,Ligeramente antes
clear,14.6,2,Mucho antes
clear,233.4,6,Mucho antes
stormy,153.4,10,Mucho antes
cold,255.7,10,Mucho antes
stormy,119.6,6,Mucho antes
cold,122.6,7,Ligeramente antes
stormy,296.4,16,Mucho antes
rainy,103.9,4,Mucho antes
rainy,60.0,4,Ligeramente tarde
rainy,292.4,13,Mucho tarde
hot,271.3,6,Mucho antes
stormy,34.0,5,Mucho antes
cold,65.5,2,Ligeramente antes
clear,257.0,11,Mucho tarde
rainy,66.6,3,Mucho antes
rainy,95.3,7,Ligeramente antes
hot,104.9,3,Mucho antes
cold,102.5,3,Mucho antes
stormy,70.2,5,Mucho antes
hot,54.6,3,Mucho antes
cold,109.3,6,Mucho antes
hot,153.0,3,Mucho antes
rainy,8.0,3,Mucho antes
cold,13.4,2,Mucho antes
cold,165.7,6,Mucho antes
hot,54.0,3,Mucho antes
clear,49.4,3,Mucho antes
hot,20.6,1,Mucho antes
stormy,237.9,11,Mucho tarde
hot,86.4,1,Mucho antes
clear,152.3,6,Mucho antes
foggy,157.8,5,Mucho antes
stormy,76.2,4,Ligeramente tarde
clear,244.7,10,Mucho antes
stormy,291.2,14,Mucho antes
stormy,131.0,9,Mucho tarde
stormy,296.6,11,Mucho antes
hot,62.5,1,Mucho antes
foggy,228.8,7,Ligeramente tarde
rainy,157.0,4,Mucho antes
clear,163.7,3,Mucho antes
rainy,272.7,14,Mucho antes
foggy,286.5,13,Mucho antes
cold,3.6,0,Mucho antes
hot,72.1,3,Ligeramente antes
clear,88.8,3,Mucho antes
stormy,141.7,6,Mucho antes
stormy,178.0,12,Mucho antes
rainy,255.5,7,Mucho antes
hot,296.5,7,Mucho antes
clear,138.1,7,Mucho antes
clear,95.2,4,Mucho antes
stormy,228.4,9,Mucho tarde
stormy,211.8,9,Mucho tarde
stormy,36.9,8,Mucho tarde
hot,194.6,5,Mucho antes
cold,249.9,10,Mucho antes
clear,22.2,0,Mucho antes
hot,163.9,4,Ligeramente antes
foggy,5.9,3,Mucho antes
rainy,85.4,7,Mucho antes
foggy,16.6,5,Mucho tarde
stormy,290.3,9,Ligeramente tarde
stormy,181.4,7,Mucho antes
rainy,297.1,12,Mucho antes
clear,265.1,10,Ligeramente tarde
hot,121.5,2,Mucho antes
cold,156.1,4,Ligeramente antes
cold,214.6,5,Mucho antes
cold,66.7,3,Mucho antes
rainy,19.4,7,Ligeramente antes
cold,253.2,6,Mucho antes
stormy,183.9,10,Mucho antes
stormy,278.8,13,Mucho antes
rainy,212.4,9,Ligeramente tarde
hot,84.9,3,Mucho antes
clear,80.6,2,Mucho antes
hot,101.1,3,Mucho antes
cold,56.6,2,Mucho antes
cold,146.4,5,Mucho antes
cold,78.4,2,Mucho antes
hot,258.5,7,Mucho antes
hot,234.2,7,Mucho antes
clear,64.4,3,Mucho antes
rainy,154.5,9,Mucho antes
clear,268.6,7,Ligeramente antes
foggy,37.9,2,Mucho antes
stormy,237.8,10,Mucho antes
cold,73.9,4,Mucho antes
hot,103.3,3,Mucho antes
hot,167.0,5,Mucho antes
cold,244.5,6,Mucho antes
hot,59.1,4,Mucho antes
clear,277.9,7,Ligeramente antes
cold,139.6,2,Mucho antes
foggy,96.7,4,Mucho antes
rainy,65.1,4,Mucho antes
foggy,95.9,7,Mucho antes
stormy,95.1,7,Mucho antes
hot,243.6,8,Ligeramente antes
foggy,124.7,4,Mucho antes
stormy,97.8,7,Mucho antes
foggy,46.8,6,Mucho antes
hot,188.0,3,Mucho antes
clear,114.9,5,Mucho antes
hot,247.3,8,Mucho antes
stormy,45.2,5,Mucho tarde
foggy,176.5,5,Mucho antes
foggy,19.4,3,Mucho antes
rainy,38.7,6,Mucho tarde
rainy,294.1,11,Mucho tarde
stormy,209.9,10,Mucho antes
clear,157.7,4,Mucho antes
rainy,32.7,6,Mucho antes
foggy,5.0,4,Mucho antes
stormy,78.4,8,Ligeramente antes
foggy,146.5,7,Mucho tarde
clear,23.5,2,Mucho antes
hot,107.4,3,Mucho antes
rainy,78.7,6,Mucho antes
cold,276.9,10,Mucho antes
foggy,187.0,9,Mucho antes
hot,166.4,5,Mucho antes
stormy,146.8,7,Ligeramente antes
rainy,46.3,5,Mucho antes
cold,114.5,2,Mucho antes
rainy,183.4,9,Mucho antes
stormy,252.8,13,Mucho tarde
hot,286.7,6,Mucho antes
foggy,201.1,5,Mucho antes
hot,226.2,11,Mucho antes
hot,154.7,5,Mucho antes
rainy,59.7,8,Mucho tarde
clear,205.7,6,Mucho antes
clear,218.9,5,Ligeramente antes
clear,72.2,3,Mucho antes
stormy,267.6,14,Mucho antes
rainy,153.4,10,Mucho tarde
foggy,206.0,11,Mucho antes
stormy,156.9,6,Mucho antes
rainy,173.7,11,Mucho antes
stormy,221.2,12,Mucho tarde
foggy,68.5,5,Ligeramente tarde
hot,236.2,8,Ligeramente tarde
clear,102.9,4,Mucho antes
stormy,167.8,7,Mucho antes
rainy,182.4,7,Mucho antes
clear,279.8,10,Mucho antes
clear,53.9,3,Ligeramente antes
hot,128.0,5,Mucho antes
cold,32.7,2,Mucho antes
clear,129.0,4,Mucho antes
rainy,218.4,10,Ligeramente tarde
hot,96.2,3,Mucho antes
hot,190.5,6,Mucho antes
stormy,222.5,11,Mucho antes
clear,165.2,4,Mucho antes
foggy,251.1,11,Mucho tarde
foggy,20.0,2,Mucho antes
hot,216.0,10,Mucho antes
hot,257.6,9,Ligeramente tarde
clear,228.1,4,Mucho antes
cold,123.2,3,Mucho antes
foggy,95.1,7,Mucho tarde
stormy,53.5,6,Mucho antes
cold,123.8,5,Ligeramente tarde
stormy,91.0,7,Mucho antes
clear,194.0,9,Ligeramente tarde
rainy,60.3,3,Ligeramente antes
cold,3.6,1,Mucho antes
clear,231.5,7,Mucho antes
stormy,227.0,8,Ligeramente antes
foggy,73.9,3,Mucho antes
cold,193.5,5,Mucho antes
cold,239.2,9,Mucho antes
clear,107.7,5,Mucho antes
cold,160.0,5,Mucho antes
hot,84.6,5,Mucho antes
cold,87.6,3,Mucho antes
stormy,121.9,8,Mucho tarde
cold,171.8,3,Mucho antes
rainy,223.4,6,Mucho antes
clear,96.7,5,Mucho antes
foggy,134.2,6,Ligeramente tarde
rainy,288.9,9,Ligeramente tarde
cold,275.9,7,Ligeramente antes
stormy,34.1,5,Mucho tarde
foggy,223.9,8,Ligeramente tarde
clear,186.3,6,Mucho antes
clear,187.6,5,Ligeramente antes
stormy,190.2,11,Mucho antes
clear,131.6,4,Mucho antes
hot,246.9,6,Ligeramente antes
clear,195.9,5,Ligeramente antes
foggy,215.7,12,Mucho tarde
rainy,248.8,9,Mucho tarde
rainy,130.2,7,Ligeramente antes
stormy,36.1,5,Mucho tarde
foggy,31.8,4,Ligeramente tarde
foggy,193.4,7,Mucho antes
rainy,149.9,7,Mucho antes
cold,242.4,5,Mucho antes
rainy,14.5,7,Mucho antes
hot,17.6,1,Mucho antes
cold,230.6,6,Mucho antes
foggy,297.1,10,Mucho antes
rainy,254.4,14,Mucho antes
rainy,126.3,9,Mucho antes
rainy,262.9,8,Ligeramente tarde
foggy,11.9,3,Mucho antes
stormy,220.1,9,Ligeramente tarde
stormy,52.8,6,Mucho antes
rainy,86.0,6,Mucho antes
clear,105.3,3,Mucho antes
hot,54.3,4,Mucho antes
cold,151.4,4,Ligeramente antes
clear,128.3,4,Mucho antes
stormy,159.8,10,Mucho antes
foggy,111.2,6,Mucho antes
cold,28.7,3,Mucho antes
hot,241.9,6,Mucho antes
stormy,242.3,10,Mucho antes
foggy,217.3,7,Mucho antes
foggy,197.8,6,Mucho antes
foggy,143.6,8,Mucho tarde
foggy,222.6,7,Ligeramente antes
clear,260.7,4,Mucho antes
clear,227.4,6,Mucho antes
hot,77.3,3,Ligeramente antes
clear,61.7,4,Mucho antes
foggy,170.2,7,Mucho antes
clear,119.1,5,Mucho antes
foggy,104.7,7,Mucho antes
foggy,280.9,14,Mucho antes
clear,221.6,6,Mucho antes
rainy,150.9,8,Mucho tarde
clear,103.8,6,Mucho antes
foggy,79.8,4,Mucho antes
clear,297.1,7,Mucho antes
foggy,89.8,4,Ligeramente tarde
clear,254.0,7,Ligeramente antes
foggy,40.5,4,Mucho antes
rainy,229.9,10,Mucho tarde
stormy,148.1,9,Mucho antes
foggy,136.3,8,Mucho antes
cold,242.9,4,Mucho antes
cold,17.3,2,Mucho antes
stormy,3.6,6,Mucho antes
clear,32.5,1,Mucho antes
hot,14.8,1,Ligeramente antes
hot,279.4,5,Mucho antes
hot,36.4,3,Mucho antes
cold,236.4,6,Mucho antes
foggy,227.0,11,Mucho tarde
foggy,3.6,2,Ligeramente antes
rainy,84.5,5,Ligeramente tarde
clear,242.4,10,Mucho antes
clear,195.7,6,Mucho antes
hot,232.8,6,Mucho antes
clear,249.1,5,Mucho antes
cold,10.4,1,Ligeramente antes
rainy,201.8,10,Mucho antes
stormy,11.3,7,Mucho tarde
cold,278.6,10,Mucho antes
rainy,128.7,7,Mucho antes
clear,96.5,4,Ligeramente tarde
foggy,52.8,4,Mucho antes
hot,203.6,4,Mucho antes
rainy,246.1,16,Mucho tarde
foggy,33.4,1,Ligeramente antes
stormy,294.7,12,Mucho antes
stormy,25.1,6,Mucho antes
cold,235.4,6,Mucho antes
clear,21.5,3,Mucho antes
cold,63.2,3,Mucho antes
hot,48.2,3,Mucho antes
cold,51.6,1,Mucho antes
clear,257.4,6,Mucho antes
hot,199.2,4,Mucho antes
stormy,291.6,9,Ligeramente tarde
hot,67.5,1,Mucho antes
clear,57.8,1,Mucho antes
foggy,50.4,3,Mucho antes
cold,250.5,6,Ligeramente antes
hot,100.2,5,Mucho antes
stormy,179.9,10,Mucho antes
stormy,104.8,9,Mucho antes
stormy,162.6,7,Mucho antes
cold,207.2,9,Mucho tarde
rainy,36.4,2,Mucho antes
cold,271.1,7,Mucho antes
stormy,93.3,6,Mucho tarde
cold,50.2,3,Mucho antes
clear,236.5,5,Mucho antes
stormy,297.1,9,Mucho antes
foggy,100.2,3,Mucho antes
foggy,124.1,4,Mucho antes
rainy,57.0,7,Mucho antes
foggy,8.0,3,Mucho antes
cold,41.1,3,Mucho antes
clear,286.9,8,Ligeramente antes
rainy,265.3,14,Mucho tarde
stormy,239.6,11,Mucho antes
stormy,282.2,15,Ligeramente antes
cold,190.0,8,Mucho antes
clear,118.8,2,Mucho antes
rainy,79.0,7,Mucho tarde
hot,227.7,7,Mucho antes
clear,207.2,6,Mucho antes
clear,147.1,6,Mucho antes
rainy,187.2,6,Ligeramente tarde
cold,193.3,6,Mucho antes
foggy,133.0,4,Mucho antes
rainy,62.4,8,Mucho antes
cold,66.3,3,Mucho antes
stormy,39.2,5,Mucho antes
rainy,40.0,7,Mucho antes
cold,119.7,4,Ligeramente antes
cold,66.9,2,Mucho antes
hot,15.0,3,Ligeramente tarde
foggy,103.2,2,Mucho antes
foggy,40.2,5,Mucho antes
rainy,211.6,9,Mucho antes
cold,151.8,3,Mucho antes
clear,11.6,1,Ligeramente antes
rainy,49.5,3,Ligeramente tarde
rainy,7.8,3,Mucho antes
stormy,77.5,9,Mucho antes
clear,49.9,2,Mucho antes
hot,31.7,1,Mucho antes
clear,60.9,3,Ligeramente antes
foggy,206.5,8,Mucho antes
rainy,7.6,3,Mucho antes
hot,53.6,1,Mucho antes
stormy,162.1,8,Mucho tarde
foggy,94.0,5,Mucho antes
cold,141.8,5,Mucho antes
cold,296.3,5,Mucho antes
stormy,81.6,6,Mucho antes
rainy,259.7,8,Mucho antes
clear,3.6,3,Mucho antes
cold,109.9,4,Ligeramente antes
hot,85.0,4,Mucho antes
stormy,196.7,11,Mucho antes
clear,293.6,6,Ligeramente antes
foggy,179.9,6,Mucho antes
cold,155.1,4,Mucho antes
rainy,215.7,12,Mucho tarde
rainy,3.6,4,Mucho antes
clear,228.0,8,Ligeramente antes
rainy,31.3,5,Mucho antes
rainy,277.7,9,Mucho antes
hot,270.9,10,Ligeramente tarde
foggy,111.7,6,Mucho antes
hot,3.6,1,Mucho antes
stormy,80.2,7,Mucho antes
rainy,243.9,14,Mucho antes
hot,103.1,4,Mucho antes
cold,122.5,4,Mucho antes
clear,199.2,6,Ligeramente tarde
hot,85.2,2,Mucho antes
cold,189.6,7,Mucho antes
stormy,134.1,10,Ligeramente tarde
rainy,297.1,9,Ligeramente tarde
clear,290.6,10,Mucho antes
hot,153.4,6,Mucho antes
clear,125.3,4,Mucho antes
hot,7.3,2,Mucho antes
hot,101.1,2,Mucho antes
foggy,218.5,5,Mucho antes
stormy,230.4,8,Mucho antes
foggy,49.8,6,Mucho antes
hot,270.4,5,Mucho antes
clear,49.8,1,Mucho antes
stormy,260.9,10,Mucho tarde
foggy,125.9,4,Mucho antes
foggy,71.5,5,Mucho antes
cold,212.8,4,Mucho antes
stormy,257.7,10,Mucho antes
foggy,289.1,8,Ligeramente tarde
hot,229.9,5,Mucho antes
cold,288.2,9,Mucho antes
hot,118.5,5,Mucho antes
hot,271.5,4,Mucho antes
cold,142.1,3,Mucho antes
cold,38.1,2,Mucho antes
rainy,289.7,11,Mucho tarde
rainy,46.4,7,Mucho antes
foggy,29.4,2,Mucho antes
hot,93.9,4,Mucho antes
cold,167.4,6,Ligeramente tarde
clear,96.8,4,Ligeramente tarde
cold,180.1,7,Mucho antes
foggy,179.8,6,Mucho antes
stormy,224.9,7,Mucho antes
hot,290.9,8,Ligeramente tarde
rainy,188.2,7,Ligeramente antes
clear,74.9,2,Mucho antes
foggy,9.0,3,Mucho antes
cold,187.2,8,Mucho tarde
hot,109.8,6,Ligeramente tarde
foggy,109.5,6,Mucho antes
hot,99.8,5,Mucho antes
foggy,127.9,7,Mucho antes
clear,146.4,4,Mucho antes
cold,201.8,6,Mucho antes
hot,230.8,7,Mucho antes
cold,138.1,4,Ligeramente antes
stormy,26.6,4,Mucho antes
cold,133.1,5,Mucho antes
cold,269.5,7,Mucho antes
hot,272.0,6,Mucho antes
hot,289.7,8,Ligeramente antes
stormy,237.7,10,Mucho antes
foggy,211.2,7,Mucho antes
rainy,164.1,8,Mucho antes
stormy,101.1,10,Mucho antes
hot,244.1,5,Ligeramente antes
hot,54.4,4,Mucho antes
stormy,221.3,11,Mucho antes
hot,163.4,5,Ligeramente antes
foggy,175.9,5,Mucho antes
clear,117.9,6,Mucho antes
cold,169.6,8,Mucho antes
rainy,235.9,7,Ligeramente tarde
foggy,145.2,6,Mucho antes
cold,242.1,6,Mucho antes
hot,8.0,1,Mucho antes
cold,240.8,6,Ligeramente antes
stormy,267.4,11,Mucho antes
clear,278.6,10,Mucho antes
clear,138.8,5,Ligeramente tarde
hot,132.4,5,Mucho antes
foggy,112.9,5,Mucho antes
stormy,25.9,5,Mucho antes
stormy,262.4,9,Ligeramente tarde
stormy,76.7,5,Mucho antes
cold,46.4,2,Ligeramente antes
clear,229.9,5,Ligeramente antes
clear,42.4,0,Mucho antes
clear,229.6,6,Mucho antes
hot,250.1,5,Mucho antes
stormy,78.1,6,Mucho antes
foggy,31.2,3,Mucho antes
cold,111.0,4,Mucho antes
foggy,41.1,2,Mucho antes
cold,175.9,6,Ligeramente tarde
clear,270.1,5,Mucho antes
foggy,156.1,6,Mucho antes
stormy,71.0,8,Mucho antes
cold,179.3,7,Mucho antes
clear,28.1,3,Mucho antes
foggy,92.6,6,Mucho tarde
foggy,274.5,8,Ligeramente antes
hot,255.5,6,Mucho antes
foggy,231.2,9,Mucho antes
rainy,204.8,10,Ligeramente tarde
rainy,220.4,9,Mucho antes
hot,191.8,6,Mucho antes
cold,170.7,4,Mucho antes
hot,16.3,3,Mucho antes
hot,30.6,1,Mucho antes
stormy,70.3,8,Mucho tarde
cold,164.7,5,Ligeramente antes
rainy,66.8,6,Mucho antes
hot,140.6,5,Mucho antes
rainy,175.1,7,Ligeramente tarde
foggy,224.9,10,Mucho tarde
clear,167.9,5,Mucho antes
stormy,203.2,10,Mucho tarde
foggy,136.5,5,Mucho antes
rainy,276.9,6,Mucho antes
hot,229.4,7,Ligeramente tarde
clear,134.2,2,Mucho antes
hot,54.9,3,Ligeramente antes
foggy,213.2,6,Ligeramente antes
cold,134.5,5,Mucho antes
rainy,68.2,4,Ligeramente tarde
stormy,180.7,8,Mucho tarde
hot,116.8,2,Mucho antes
foggy,233.4,10,Mucho tarde
rainy,85.5,8,Ligeramente antes
rainy,141.3,10,Mucho antes
clear,106.7,1,Mucho antes
cold,254.8,8,Mucho antes
stormy,128.2,10,Mucho antes
foggy,71.4,3,Mucho antes
stormy,258.8,12,Mucho antes
clear,278.2,10,Mucho antes
rainy,111.4,5,Mucho antes
clear,263.5,7,Mucho antes
clear,147.6,6,Mucho antes
cold,220.0,4,Mucho antes
stormy,82.5,7,Mucho tarde
clear,48.8,1,Ligeramente antes
hot,156.3,5,Ligeramente antes
hot,121.4,5,Mucho antes
rainy,3.6,3,Mucho antes
rainy,14.6,5,Mucho tarde
hot,188.6,4,Mucho antes
rainy,104.3,7,Mucho tarde
stormy,10.8,5,Mucho tarde
foggy,129.5,3,Mucho antes
hot,38.1,1,Mucho antes
stormy,46.0,7,Mucho antes
clear,228.3,7,Ligeramente antes
stormy,24.2,4,Mucho antes
cold,138.6,4,Ligeramente antes
hot,98.8,4,Mucho antes
stormy,293.7,11,Mucho tarde
clear,7.5,0,Mucho antes
rainy,137.1,8,Ligeramente antes
cold,210.0,5,Mucho antes
cold,283.0,7,Ligeramente antes
clear,95.3,4,Mucho antes
stormy,190.7,10,Mucho tarde
hot,77.4,5,Mucho antes
clear,189.3,4,Mucho antes
cold,27.2,3,Ligeramente tarde
cold,86.6,3,Mucho antes
stormy,133.8,11,Mucho antes
hot,19.0,2,Mucho antes
clear,59.4,2,Ligeramente antes
rainy,32.5,5,Mucho antes
clear,283.6,7,Mucho antes
stormy,154.1,11,Mucho antes
hot,176.6,7,Mucho antes
foggy,245.7,7,Ligeramente antes
foggy,103.6,6,Ligeramente tarde
clear,31.0,1,Mucho antes
clear,51.5,3,Mucho antes
foggy,206.7,10,Mucho tarde
foggy,284.2,8,Ligeramente tarde
rainy,135.6,10,Mucho antes
clear,93.2,1,Mucho antes
clear,264.6,7,Ligeramente antes
hot,119.8,3,Mucho antes
clear,39.6,4,Mucho antes
foggy,78.2,5,Mucho antes
rainy,234.4,9,Mucho antes
rainy,258.9,11,Mucho tarde
hot,237.5,7,Ligeramente tarde
hot,295.3,12,Mucho tarde
foggy,40.9,5,Mucho tarde
hot,147.8,3,Mucho antes
clear,198.4,9,Mucho tarde
hot,293.1,8,Ligeramente antes
rainy,284.6,8,Ligeramente antes
rainy,107.8,9,Mucho antes
stormy,266.7,10,Mucho antes
rainy,155.1,9,Mucho antes
foggy,29.8,5,Mucho antes
clear,18.4,1,Mucho antes
stormy,297.1,14,Mucho tarde
foggy,282.6,10,Mucho tarde
clear,190.0,7,Ligeramente antes
rainy,210.3,6,Ligeramente antes
hot,175.7,6,Mucho antes
foggy,238.8,11,Mucho tarde
cold,85.6,4,Ligeramente tarde
cold,75.5,3,Ligeramente antes
hot,150.9,5,Mucho antes
cold,62.0,2,Mucho antes
hot,155.6,3,Mucho antes
foggy,286.7,10,Mucho antes
rainy,92.8,8,Mucho antes
stormy,181.4,10,Mucho tarde
foggy,269.5,11,Mucho antes
cold,172.0,7,Mucho antes
clear,32.2,3,Mucho antes
stormy,186.8,8,Mucho tarde
hot,180.9,7,Ligeramente antes
stormy,95.7,7,Mucho tarde
hot,185.2,9,Mucho tarde
clear,230.4,10,Mucho tarde
clear,243.5,8,Mucho antes
clear,235.0,6,Mucho antes
hot,151.8,4,Mucho antes
hot,228.7,4,Mucho antes
stormy,17.6,5,Mucho antes
foggy,219.2,5,Ligeramente antes
cold,76.9,1,Mucho antes
foggy,26.7,5,Mucho antes
cold,143.1,4,Mucho antes
clear,56.1,2,Mucho antes
clear,293.6,9,Mucho antes
hot,57.0,3,Ligeramente antes
cold,280.4,7,Ligeramente antes
stormy,252.0,7,Ligeramente antes
clear,254.1,10,Mucho tarde
foggy,132.7,7,Mucho tarde
stormy,80.3,7,Ligeramente antes
hot,144.6,3,Mucho antes
stormy,286.3,9,Ligeramente tarde
stormy,91.1,9,Mucho tarde
rainy,41.1,5,Mucho antes
clear,228.6,5,Mucho antes
hot,143.8,6,Mucho antes
clear,73.8,4,Mucho antes
stormy,14.5,8,Mucho antes
foggy,242.3,8,Ligeramente antes
stormy,77.9,5,Ligeramente tarde
stormy,4.7,6,Mucho antes
hot,295.0,6,Mucho antes
clear,255.2,8,Mucho antes
foggy,186.8,6,Mucho antes
rainy,177.5,10,Mucho tarde
clear,63.7,4,Mucho antes
cold,127.6,3,Mucho antes
rainy,187.1,9,Mucho tarde
clear,90.8,3,Ligeramente antes
rainy,204.9,10,Ligeramente tarde
hot,192.7,6,Ligeramente tarde
hot,270.4,11,Mucho tarde
rainy,28.2,4,Mucho antes
rainy,13.4,5,Mucho tarde
foggy,3.6,3,Mucho antes
foggy,294.0,11,Mucho tarde
stormy,182.3,13,Mucho tarde
foggy,226.6,7,Mucho antes
stormy,194.5,8,Mucho antes
cold,69.9,2,Mucho antes
stormy,200.6,8,Mucho antes
cold,198.1,4,Mucho antes
rainy,273.1,10,Mucho tarde
rainy,107.2,7,Mucho antes
foggy,190.0,7,Mucho antes
foggy,118.2,7,Mucho tarde
cold,53.1,2,Ligeramente antes
rainy,230.7,12,Mucho tarde
foggy,140.2,5,Ligeramente tarde
cold,122.2,5,Ligeramente tarde
rainy,138.5,6,Mucho antes
stormy,273.1,16,Mucho antes
foggy,181.8,7,Ligeramente tarde
clear,68.0,3,Mucho antes
rainy,128.4,8,Mucho tarde
clear,31.2,1,Mucho antes
cold,95.1,4,Mucho antes
cold,103.7,6,Ligeramente tarde
rainy,43.4,7,Mucho antes
foggy,262.1,12,Mucho antes
cold,187.7,7,Ligeramente antes
cold,5.9,2,Mucho antes
stormy,31.0,6,Mucho antes
stormy,292.8,12,Mucho tarde
cold,30.5,2,Ligeramente antes
stormy,206.7,12,Mucho antes
rainy,227.2,11,Mucho tarde
hot,265.7,8,Ligeramente antes
cold,260.8,10,Mucho antes
hot,200.7,8,Mucho antes
hot,199.7,3,Mucho antes
stormy,144.9,7,Mucho tarde
stormy,18.7,5,Mucho antes
clear,181.0,7,Ligeramente antes
clear,114.3,3,Mucho antes
hot,148.7,7,Mucho antes
cold,195.4,6,Mucho antes
hot,187.4,6,Mucho antes
hot,230.6,5,Mucho antes
cold,205.6,4,Mucho antes
stormy,254.4,11,Mucho tarde
clear,294.8,10,Ligeramente tarde
rainy,114.7,4,Mucho antes
cold,153.0,6,Mucho antes
cold,7.5,0,Mucho antes
foggy,77.1,6,Mucho tarde
clear,156.0,4,Mucho antes
rainy,112.2,9,Mucho antes
hot,131.6,4,Mucho antes
hot,155.5,6,Mucho antes
cold,248.1,5,Mucho antes
hot,14.1,3,Ligeramente tarde
hot,187.9,6,Mucho antes
clear,173.8,8,Ligeramente antes
rainy,108.0,8,Mucho tarde
rainy,227.1,12,Mucho tarde
stormy,297.1,12,Mucho tarde
foggy,199.3,6,Mucho antes
clear,201.6,3,Mucho antes
cold,71.2,4,Mucho antes
foggy,262.0,8,Mucho antes
clear,34.6,2,Mucho antes
hot,234.6,8,Ligeramente tarde
hot,268.3,10,Mucho tarde
cold,216.9,4,Mucho antes
cold,95.1,4,Mucho antes
foggy,158.3,7,Mucho antes
cold,260.0,7,Mucho antes
hot,23.1,3,Ligeramente tarde
rainy,75.1,7,Ligeramente antes
hot,64.3,1,Mucho antes
stormy,191.1,10,Mucho antes
rainy,33.3,7,Ligeramente antes
foggy,81.5,5,Mucho antes
rainy,254.9,13,Mucho antes
stormy,185.9,10,Ligeramente tarde
foggy,159.2,7,Ligeramente tarde
stormy,30.9,6,Mucho tarde
stormy,48.7,5,Mucho antes
cold,34.2,3,Mucho antes
foggy,58.8,4,Ligeramente tarde
hot,71.3,2,Mucho antes
foggy,129.9,6,Mucho antes
stormy,100.1,9,Mucho antes
rainy,10.3,7,Ligeramente antes
cold,247.5,6,Mucho antes
stormy,247.7,14,Mucho tarde
cold,111.9,3,Ligeramente antes
stormy,269.8,10,Mucho antes
clear,290.4,7,Ligeramente antes
stormy,114.5,10,Mucho tarde
stormy,202.4,9,Mucho antes
hot,257.9,7,Mucho antes
cold,235.8,7,Ligeramente antes
clear,71.2,2,Ligeramente antes
cold,167.1,5,Ligeramente antes
stormy,128.9,9,Ligeramente tarde
cold,86.3,2,Mucho antes
foggy,189.6,5,Mucho antes
stormy,3.6,7,Mucho tarde
rainy,49.9,4,Ligeramente tarde
clear,31.3,3,Mucho antes
clear,297.1,6,Mucho antes
clear,47.3,2,Mucho antes
foggy,249.5,11,Mucho tarde
rainy,259.1,14,Mucho tarde
rainy,151.3,10,Mucho antes
stormy,17.3,7,Mucho antes
cold,228.5,7,Mucho antes
cold,178.4,7,Mucho antes
stormy,192.9,12,Mucho tarde
foggy,168.1,6,Ligeramente tarde
foggy,100.8,6,Mucho antes
stormy,297.1,14,Mucho tarde
cold,207.9,6,Mucho antes
stormy,213.1,10,Mucho antes
foggy,165.6,7,Mucho antes
rainy,18.8,7,Mucho tarde
clear,176.6,6,Ligeramente tarde
rainy,143.4,8,Ligeramente antes
hot,125.4,5,Mucho antes
foggy,140.2,4,Mucho antes
cold,255.9,7,Ligeramente antes
hot,259.1,8,Mucho antes
hot,260.0,8,Mucho antes
hot,171.0,5,Mucho antes
clear,224.6,6,Mucho antes
foggy,81.3,2,Ligeramente antes
hot,47.3,2,Mucho antes
cold,189.5,3,Mucho antes
hot,271.1,11,Mucho antes
rainy,202.9,9,Mucho antes
stormy,277.7,13,Mucho antes
hot,132.4,6,Mucho antes
cold,125.5,5,Mucho antes
clear,264.0,5,Mucho antes
cold,171.5,6,Mucho antes
foggy,72.0,4,Mucho antes
cold,11.5,2,Mucho antes
hot,78.4,2,Mucho antes
stormy,3.6,7,Mucho antes
foggy,296.2,9,Mucho antes
rainy,48.2,5,Mucho antes
stormy,49.1,8,Mucho antes
rainy,217.0,8,Mucho antes
foggy,283.8,9,Mucho antes
rainy,50.9,6,Mucho antes
rainy,66.8,4,Ligeramente tarde
cold,104.9,4,Mucho antes
cold,148.3,5,Mucho antes
stormy,24.1,7,Ligeramente antes
stormy,13.9,5,Mucho antes
clear,3.6,1,Ligeramente antes
hot,297.1,6,Mucho antes
cold,195.8,8,Ligeramente antes
cold,270.4,6,Mucho antes
clear,231.0,5,Mucho antes
hot,272.0,7,Ligeramente antes
foggy,120.6,4,Mucho antes
clear,242.5,10,Mucho tarde
hot,292.4,6,Mucho antes
stormy,154.9,8,Mucho tarde
rainy,242.7,7,Mucho antes
stormy,289.0,12,Mucho antes
foggy,220.6,12,Mucho tarde
rainy,4.2,2,Mucho antes
foggy,240.0,13,Mucho tarde
stormy,33.3,5,Mucho antes
clear,283.3,8,Mucho antes
hot,262.7,8,Ligeramente antes
foggy,97.4,7,Mucho antes
stormy,190.7,10,Mucho tarde
clear,291.1,8,Ligeramente antes
clear,99.0,3,Ligeramente antes
stormy,225.9,12,Mucho antes
stormy,98.7,5,Mucho antes
stormy,153.4,7,Ligeramente antes
clear,281.7,9,Ligeramente tarde
foggy,139.1,5,Ligeramente tarde
clear,6.7,2,Mucho antes
stormy,152.6,7,Ligeramente antes
hot,97.1,2,Mucho antes
cold,256.7,4,Mucho antes
foggy,241.7,13,Mucho tarde
foggy,232.2,6,Mucho antes
stormy,209.6,10,Mucho tarde
clear,296.0,5,Mucho antes
foggy,86.5,7,Mucho tarde
rainy,26.4,3,Mucho antes
stormy,208.3,8,Mucho antes
clear,191.1,8,Mucho tarde
clear,110.9,3,Ligeramente antes
foggy,6.8,2,Ligeramente antes
clear,111.6,3,Mucho antes
hot,51.1,1,Mucho antes
cold,46.2,3,Mucho antes
hot,264.5,7,Mucho antes
rainy,151.5,6,Mucho antes
hot,154.7,4,Mucho antes
hot,43.9,4,Mucho antes
cold,280.5,7,Mucho antes
stormy,112.0,5,Mucho antes
foggy,176.7,7,Mucho antes
clear,24.5,1,Mucho antes
foggy,161.5,8,Ligeramente antes
clear,25.6,1,Ligeramente antes
foggy,133.4,8,Mucho tarde
clear,260.6,6,Mucho antes
foggy,15.0,2,Mucho antes
stormy,119.9,7,Mucho antes
foggy,76.8,4,Ligeramente tarde
foggy,58.5,6,Mucho tarde
hot,120.3,4,Mucho antes
cold,276.6,5,Mucho antes
rainy,139.8,10,Mucho tarde
clear,185.4,7,Mucho antes
clear,251.3,6,Mucho antes
foggy,36.1,4,Ligeramente tarde
foggy,103.2,4,Ligeramente antes
clear,13.0,3,Mucho antes
foggy,29.1,3,Mucho antes
stormy,82.7,4,Ligeramente tarde
foggy,182.9,9,Mucho tarde
clear,132.1,3,Mucho antes
foggy,58.5,3,Mucho antes
hot,16.2,1,Ligeramente antes
foggy,146.4,8,Mucho tarde
hot,12.2,0,Mucho antes
cold,56.6,2,Mucho antes
cold,18.5,3,Mucho antes
rainy,172.3,9,Mucho tarde
rainy,47.3,6,Mucho antes
rainy,112.7,9,Mucho tarde
stormy,67.0,6,Mucho antes
stormy,269.6,14,Mucho antes
rainy,191.2,12,Mucho tarde
clear,126.4,5,Ligeramente tarde
rainy,244.5,11,Mucho tarde
clear,245.8,6,Mucho antes
cold,213.9,4,Mucho antes
foggy,153.3,9,Mucho antes
cold,156.4,6,Mucho antes
cold,242.8,6,Ligeramente antes
rainy,45.2,7,Mucho tarde
clear,168.0,8,Mucho tarde
stormy,276.9,10,Mucho tarde
clear,248.3,8,Mucho antes
hot,132.0,6,Mucho antes
hot,232.1,5,Mucho antes
foggy,45.7,5,Mucho antes
stormy,272.8,11,Mucho tarde
clear,154.3,5,Ligeramente antes
rainy,238.3,9,Mucho antes
hot,158.9,3,Mucho antes
foggy,184.3,10,Mucho tarde
stormy,117.3,12,Mucho tarde
hot,50.5,3,Ligeramente antes
rainy,156.5,6,Ligeramente tarde
foggy,295.9,8,Ligeramente tarde
clear,10.0,0,Mucho antes
clear,105.9,4,Mucho antes
cold,30.1,2,Mucho antes
hot,206.7,7,Mucho antes
foggy,99.1,3,Mucho antes
foggy,294.6,12,Mucho tarde
stormy,52.3,8,Ligeramente antes
stormy,140.3,7,Mucho antes
clear,295.9,11,Mucho tarde
rainy,60.3,3,Mucho antes
clear,35.7,3,Mucho antes
stormy,197.1,8,Mucho tarde
foggy,24.0,3,Ligeramente tarde
stormy,121.2,9,Ligeramente tarde
rainy,86.3,6,Mucho antes
foggy,146.8,7,Ligeramente antes
clear,28.5,2,Mucho antes
foggy,266.0,10,Ligeramente tarde
rainy,24.6,4,Mucho antes
cold,276.3,10,Mucho tarde
stormy,239.9,11,Mucho tarde
stormy,253.1,13,Mucho tarde
rainy,216.0,11,Mucho tarde
rainy,292.7,12,Mucho antes
cold,240.5,6,Ligeramente antes
rainy,127.0,6,Ligeramente tarde
cold,247.0,6,Ligeramente antes
cold,282.6,6,Ligeramente antes
foggy,259.3,7,Mucho antes
rainy,189.9,6,Ligeramente tarde
hot,275.4,7,Mucho antes
cold,167.4,5,Mucho antes
rainy,65.1,7,Mucho antes
cold,53.5,4,Ligeramente tarde
foggy,210.0,9,Mucho tarde
hot,106.0,5,Mucho antes
foggy,28.4,4,Mucho antes
hot,21.5,3,Mucho antes
cold,39.1,2,Mucho antes
rainy,232.2,10,Mucho tarde
foggy,14.4,3,Mucho antes
stormy,231.7,10,Mucho antes
clear,3.6,2,Mucho antes
clear,23.8,1,Mucho antes
hot,261.8,10,Mucho antes
hot,247.8,8,Mucho antes
stormy,175.7,9,Mucho antes
stormy,68.4,6,Mucho antes
rainy,15.2,6,Mucho antes
cold,116.5,4,Mucho antes
hot,235.6,6,Ligeramente antes
foggy,163.6,6,Mucho antes
stormy,245.0,10,Ligeramente tarde
hot,203.5,8,Mucho antes
clear,269.7,8,Ligeramente tarde
stormy,228.4,11,Mucho antes
rainy,53.5,4,Mucho antes
foggy,66.9,5,Mucho antes
stormy,89.7,7,Mucho antes
hot,80.5,4,Mucho antes
stormy,41.1,7,Mucho antes
cold,238.3,8,Mucho antes
clear,90.3,4,Mucho antes
rainy,152.3,8,Ligeramente antes
rainy,283.7,10,Mucho antes
hot,89.4,5,Mucho antes
clear,182.0,8,Mucho tarde
rainy,153.7,8,Mucho antes
cold,268.9,11,Mucho tarde
foggy,284.7,9,Mucho antes
foggy,295.4,10,Mucho antes
cold,71.6,3,Mucho antes
stormy,279.8,13,Mucho tarde
rainy,254.9,8,Mucho antes
clear,152.8,4,Mucho antes
rainy,179.8,6,Mucho antes
foggy,4.1,3,Mucho antes
stormy,262.3,7,Mucho antes
cold,71.5,3,Mucho antes
foggy,153.2,6,Mucho antes
cold,203.2,10,Mucho tarde
clear,241.5,4,Mucho antes
foggy,238.9,8,Ligeramente tarde
foggy,192.0,10,Ligeramente tarde
cold,93.6,1,Mucho antes
cold,252.7,5,Mucho antes
foggy,88.7,4,Mucho antes
cold,251.0,8,Mucho antes
stormy,82.6,10,Mucho antes
foggy,122.5,5,Mucho antes
foggy,114.8,3,Mucho antes
clear,208.8,7,Ligeramente tarde
hot,196.1,5,Mucho antes
foggy,71.0,4,Mucho antes
hot,93.6,6,Mucho antes
foggy,221.4,6,Ligeramente antes
clear,23.4,0,Mucho antes
cold,270.7,7,Ligeramente antes
cold,265.3,7,Ligeramente antes
rainy,6.4,3,Mucho antes
rainy,230.5,10,Ligeramente tarde
stormy,3.6,5,Mucho antes
hot,92.9,2,Ligeramente antes
foggy,80.6,4,Mucho antes
cold,236.8,7,Mucho antes
stormy,43.6,7,Mucho antes
rainy,89.6,3,Mucho antes
hot,219.5,5,Ligeramente antes
cold,10.1,2,Mucho antes
hot,84.0,4,Mucho antes
hot,297.1,9,Ligeramente tarde
cold,257.0,7,Mucho antes
hot,196.6,7,Ligeramente tarde
cold,129.9,3,Mucho antes
clear,222.5,7,Ligeramente tarde
rainy,125.0,7,Mucho antes
foggy,22.8,5,Mucho antes
hot,151.6,8,Mucho antes
foggy,195.6,9,Mucho antes
cold,173.8,6,Ligeramente tarde
cold,156.1,8,Mucho antes
rainy,294.8,9,Ligeramente tarde
foggy,3.6,4,Mucho antes
hot,118.5,5,Mucho antes
foggy,46.4,2,Mucho antes
clear,115.4,4,Mucho antes
foggy,106.8,4,Mucho antes
hot,14.8,1,Mucho antes
cold,43.6,1,Mucho antes
rainy,230.4,10,Ligeramente tarde
stormy,122.2,8,Ligeramente antes
stormy,273.0,13,Mucho antes
foggy,297.1,16,Mucho antes
cold,265.1,6,Ligeramente antes
hot,194.9,8,Mucho tarde
clear,167.9,6,Mucho antes
rainy,221.3,6,Ligeramente antes
clear,3.6,1,Mucho antes
cold,36.0,3,Mucho antes
stormy,13.6,5,Mucho antes
stormy,243.7,12,Mucho tarde
rainy,45.8,4,Mucho antes
rainy,275.7,8,Mucho antes
rainy,180.8,6,Ligeramente tarde
clear,297.1,9,Mucho antes
foggy,217.4,9,Mucho antes
stormy,27.2,6,Mucho antes
hot,146.8,6,Mucho antes
hot,52.4,1,Mucho antes
foggy,25.1,4,Ligeramente tarde
rainy,179.7,9,Mucho antes
clear,107.9,4,Mucho antes
cold,136.1,3,Ligeramente antes
rainy,135.9,8,Ligeramente antes
stormy,33.6,5,Mucho antes
stormy,3.6,3,Mucho antes
cold,276.0,8,Mucho antes
clear,106.3,4,Mucho antes
clear,20.9,2,Mucho antes
cold,111.9,3,Ligeramente antes
stormy,204.0,6,Mucho antes
rainy,166.9,9,Mucho antes
cold,86.8,3,Mucho antes
hot,82.4,4,Mucho antes
foggy,189.4,7,Mucho antes
rainy,115.7,4,Mucho antes
hot,181.9,5,Mucho antes
hot,73.0,2,Mucho antes
hot,105.8,4,Mucho antes
hot,250.0,7,Ligeramente antes
foggy,166.9,8,Mucho antes
hot,118.6,5,Ligeramente tarde
hot,63.3,4,Mucho antes
clear,182.0,5,Mucho antes
foggy,121.8,3,Mucho antes
cold,97.2,4,Mucho antes
foggy,192.5,5,Ligeramente antes
foggy,176.9,7,Ligeramente tarde
stormy,64.7,5,Mucho antes
clear,230.4,9,Mucho tarde
rainy,233.4,15,Mucho tarde
rainy,183.3,11,Mucho antes
cold,182.9,4,Mucho antes
rainy,88.3,7,Ligeramente antes
clear,119.9,4,Mucho antes
stormy,257.7,14,Mucho antes
cold,251.3,7,Mucho antes
clear,258.4,8,Ligeramente antes
stormy,256.8,14,Mucho antes
cold,252.6,5,Mucho antes
hot,142.9,3,Mucho antes
stormy,105.5,11,Mucho antes
cold,287.4,12,Mucho tarde
clear,228.9,8,Ligeramente antes
cold,5.2,2,Mucho antes
rainy,47.8,8,Mucho antes
cold,205.6,7,Mucho antes
hot,229.4,8,Ligeramente tarde
hot,33.7,2,Mucho antes
foggy,169.4,6,Mucho antes
stormy,169.8,12,Mucho tarde
stormy,122.7,8,Mucho tarde
rainy,165.4,8,Mucho tarde
cold,16.4,1,Mucho antes
foggy,124.4,5,Mucho antes
hot,52.5,4,Mucho antes
stormy,184.9,11,Mucho antes
clear,165.9,5,Mucho antes
rainy,3.6,4,Mucho antes
cold,288.3,5,Mucho antes
stormy,121.1,10,Ligeramente tarde
foggy,67.4,6,Mucho antes
stormy,149.3,13,Mucho tarde
stormy,183.8,8,Ligeramente antes
hot,284.5,7,Ligeramente antes
cold,284.3,9,Mucho antes
stormy,216.6,11,Mucho antes
clear,225.7,5,Ligeramente antes
cold,106.7,4,Mucho antes
clear,97.4,4,Mucho antes
foggy,107.8,6,Mucho antes
rainy,114.8,6,Mucho antes
stormy,179.4,11,Mucho antes
cold,156.1,5,Mucho antes
stormy,106.7,8,Mucho antes
clear,230.3,5,Mucho antes
foggy,294.2,10,Ligeramente tarde
rainy,162.8,7,Mucho antes
stormy,106.3,9,Mucho antes
foggy,226.3,8,Ligeramente antes
rainy,57.3,7,Ligeramente antes
cold,179.9,5,Mucho antes
hot,85.5,3,Mucho antes
stormy,57.5,7,Mucho tarde
cold,160.3,7,Mucho antes
hot,36.4,1,Mucho antes
rainy,162.6,12,Mucho tarde
foggy,259.3,12,Mucho antes
stormy,221.4,13,Mucho tarde
foggy,190.9,6,Mucho antes
cold,22.8,3,Ligeramente tarde
foggy,27.2,3,Ligeramente tarde
stormy,246.8,12,Mucho antes
clear,236.2,4,Mucho antes
foggy,44.1,4,Mucho antes
rainy,144.5,12,Mucho tarde
hot,288.9,9,Mucho antes
cold,240.9,8,Ligeramente antes
foggy,134.2,4,Mucho antes
clear,127.4,4,Mucho antes
foggy,144.6,8,Mucho tarde
foggy,10.5,2,Mucho antes
cold,193.4,6,Ligeramente tarde
clear,130.1,5,Mucho antes
foggy,34.1,3,Mucho antes
clear,5.0,2,Mucho antes
cold,184.4,5,Mucho antes
hot,178.8,6,Mucho antes
hot,231.2,8,Ligeramente antes
stormy,37.5,8,Mucho antes
foggy,19.9,4,Mucho antes
hot,251.7,10,Ligeramente tarde
cold,35.5,3,Mucho antes
rainy,37.0,6,Mucho antes
clear,281.9,8,Mucho antes
stormy,37.8,8,Mucho tarde
cold,138.5,3,Mucho antes
stormy,265.8,11,Mucho tarde
hot,78.9,3,Mucho antes
rainy,134.9,8,Mucho antes
stormy,293.5,12,Mucho tarde
clear,88.9,4,Mucho antes
foggy,229.9,7,Ligeramente tarde
cold,191.1,7,Ligeramente antes
cold,216.7,9,Ligeramente tarde
stormy,113.0,8,Mucho antes
hot,215.2,5,Mucho antes
foggy,173.3,6,Mucho antes
stormy,261.5,16,Ligeramente antes
foggy,85.6,7,Mucho antes
hot,25.7,3,Mucho antes
clear,98.4,3,Mucho antes
stormy,224.4,10,Mucho tarde
rainy,154.7,10,Mucho antes
hot,160.6,4,Mucho antes
stormy,45.9,7,Ligeramente antes
stormy,47.5,6,Mucho tarde
hot,46.4,3,Mucho antes
rainy,135.5,7,Mucho antes
hot,161.1,2,Mucho antes
rainy,283.2,9,Ligeramente tarde
stormy,94.3,7,Mucho antes
hot,31.4,1,Mucho antes
clear,138.1,2,Mucho antes
rainy,160.0,11,Mucho tarde
rainy,178.9,9,Mucho antes
cold,263.0,9,Ligeramente tarde
rainy,130.3,6,Ligeramente tarde
stormy,15.4,7,Mucho antes
foggy,267.8,13,Mucho tarde
clear,120.9,3,Mucho antes
rainy,7.7,5,Mucho antes
hot,86.9,4,Ligeramente tarde
foggy,137.2,6,Ligeramente tarde
hot,281.2,7,Ligeramente antes
hot,14.2,1,Mucho antes
stormy,262.2,10,Mucho tarde
rainy,28.1,4,Mucho antes
cold,196.8,6,Ligeramente tarde
stormy,46.1,5,Mucho antes
hot,103.0,4,Mucho antes
cold,258.3,7,Mucho antes
hot,179.1,3,Mucho antes
foggy,251.8,9,Ligeramente tarde
stormy,76.5,7,Mucho tarde
clear,144.5,7,Ligeramente antes
hot,62.4,2,Mucho antes
rainy,255.8,11,Mucho antes
foggy,166.6,8,Mucho antes
foggy,159.4,5,Mucho antes
foggy,86.3,4,Ligeramente tarde
cold,32.7,3,Ligeramente tarde
stormy,158.5,8,Mucho tarde
cold,46.8,2,Ligeramente antes
hot,22.8,0,Mucho antes
stormy,214.6,9,Mucho tarde
clear,213.8,9,Mucho antes
clear,13.0,1,Mucho antes
foggy,245.9,11,Mucho tarde
cold,274.2,11,Mucho antes
clear,261.6,6,Mucho antes
cold,65.0,3,Ligeramente antes
stormy,228.8,10,Ligeramente tarde
stormy,205.0,11,Mucho tarde
foggy,200.9,8,Ligeramente tarde
foggy,27.9,5,Mucho antes
clear,128.5,4,Mucho antes
foggy,3.6,3,Mucho antes
foggy,294.1,13,Mucho tarde
foggy,72.8,4,Mucho antes
rainy,288.2,12,Mucho tarde
stormy,231.2,7,Mucho antes
cold,64.2,3,Ligeramente antes
clear,129.1,4,Mucho antes
foggy,179.6,4,Mucho antes
rainy,13.7,3,Mucho antes
clear,166.7,7,Mucho antes
hot,105.4,4,Ligeramente antes
foggy,25.5,4,Mucho antes
stormy,208.7,12,Mucho antes
stormy,170.3,10,Ligeramente tarde
rainy,243.7,10,Ligeramente tarde
cold,270.6,12,Mucho tarde
cold,59.5,3,Mucho antes
cold,197.2,7,Ligeramente antes
rainy,96.6,7,Mucho tarde
foggy,168.7,6,Mucho antes
rainy,46.8,5,Mucho antes
stormy,75.5,6,Mucho tarde
rainy,243.7,12,Mucho antes
cold,63.4,3,Mucho antes
rainy,117.3,10,Mucho tarde
clear,256.6,8,Mucho antes
foggy,79.8,5,Ligeramente tarde
cold,158.4,5,Mucho antes
clear,53.8,3,Mucho antes
cold,61.0,1,Mucho antes
hot,71.8,3,Mucho antes
cold,84.5,3,Mucho antes
stormy,33.5,6,Mucho tarde
cold,175.9,5,Mucho antes
foggy,132.5,5,Ligeramente tarde
clear,6.8,0,Mucho antes
clear,11.3,1,Ligeramente antes
stormy,225.3,9,Mucho tarde
clear,248.7,8,Mucho antes
clear,295.2,14,Mucho tarde
cold,17.5,1,Mucho antes
rainy,148.6,9,Mucho tarde
rainy,27.5,5,Mucho tarde
hot,168.6,7,Ligeramente tarde
rainy,192.5,8,Mucho antes
cold,160.8,7,Mucho antes
rainy,69.1,4,Mucho antes
foggy,135.0,6,Mucho antes
clear,138.4,3,Ligeramente antes
hot,276.2,7,Mucho antes
cold,75.0,2,Mucho antes
rainy,150.6,11,Mucho antes
stormy,262.9,11,Mucho antes
foggy,115.0,3,Mucho antes
cold,124.8,4,Mucho antes
clear,71.6,3,Mucho antes
cold,189.6,10,Ligeramente tarde
hot,118.7,3,Mucho antes
stormy,236.5,15,Mucho tarde
rainy,185.7,7,Mucho antes
rainy,175.6,7,Mucho antes
clear,210.3,8,Ligeramente tarde
clear,14.7,2,Ligeramente antes
foggy,71.9,7,Mucho tarde
stormy,110.2,6,Mucho antes
foggy,241.1,6,Mucho antes
clear,21.1,3,Mucho antes
hot,98.0,4,Mucho antes
clear,209.7,7,Mucho antes
foggy,184.9,6,Mucho antes
cold,239.4,7,Ligeramente antes
rainy,123.9,7,Ligeramente antes
foggy,73.8,2,Mucho antes
clear,139.5,4,Mucho antes
clear,104.1,4,Mucho antes
hot,107.0,4,Mucho antes
rainy,160.3,9,Mucho tarde
clear,105.9,4,Ligeramente antes
cold,40.5,2,Mucho antes
foggy,12.4,3,Mucho antes
clear,159.5,6,Ligeramente tarde
rainy,87.5,7,Mucho antes
clear,230.4,10,Ligeramente tarde
cold,184.0,7,Mucho antes
hot,240.8,8,Ligeramente antes
stormy,94.8,10,Mucho antes
hot,180.3,9,Mucho antes
clear,288.1,8,Mucho antes
foggy,72.4,6,Mucho antes
hot,284.5,9,Mucho antes
hot,54.5,3,Ligeramente antes
cold,46.4,3,Ligeramente tarde
hot,220.8,6,Ligeramente antes
hot,294.2,6,Mucho antes
rainy,243.9,9,Ligeramente tarde
stormy,19.3,5,Mucho antes
stormy,54.3,8,Mucho tarde
rainy,208.1,9,Mucho antes
stormy,259.2,12,Mucho antes
stormy,136.4,11,Mucho antes
hot,198.5,5,Mucho antes
clear,129.8,4,Mucho antes
rainy,143.5,7,Mucho antes
rainy,253.6,14,Mucho antes
rainy,242.1,12,Mucho antes
cold,177.0,6,Mucho antes
rainy,63.1,5,Mucho antes
hot,135.0,3,Mucho antes
cold,209.8,4,Mucho antes
clear,13.5,2,Mucho antes
hot,183.1,9,Mucho antes
hot,186.8,6,Mucho antes
cold,177.6,5,Mucho antes
cold,149.0,5,Mucho antes
rainy,133.6,10,Mucho antes
hot,199.0,8,Mucho antes
rainy,108.8,5,Mucho antes
stormy,271.0,11,Mucho antes
cold,13.5,3,Mucho antes
foggy,270.4,10,Mucho tarde
cold,269.0,8,Ligeramente tarde
stormy,206.4,12,Mucho antes
cold,244.6,6,Mucho antes
cold,137.3,6,Ligeramente tarde
clear,73.7,2,Ligeramente antes
rainy,130.7,9,Mucho tarde
clear,252.5,7,Ligeramente antes
hot,176.5,8,Mucho tarde
hot,258.5,7,Ligeramente antes
stormy,234.2,9,Mucho antes
clear,58.2,3,Ligeramente antes
clear,245.9,8,Mucho antes
cold,3.6,2,Mucho antes
rainy,292.5,11,Mucho tarde
stormy,79.5,9,Mucho tarde
cold,89.2,2,Mucho antes
rainy,98.9,7,Mucho antes
rainy,283.0,13,Mucho tarde
rainy,198.4,11,Mucho tarde
foggy,87.1,3,Mucho antes
stormy,95.0,9,Mucho antes
rainy,249.8,15,Mucho antes
rainy,25.1,4,Mucho antes
stormy,238.4,14,Mucho tarde
clear,224.6,4,Mucho antes
clear,104.8,5,Mucho antes
stormy,185.6,7,Mucho antes
foggy,240.6,11,Mucho antes
cold,41.3,1,Ligeramente antes
foggy,285.0,13,Mucho tarde
rainy,70.3,5,Ligeramente tarde
hot,196.6,5,Mucho antes
clear,200.9,7,Mucho antes
rainy,62.9,5,Mucho antes
hot,34.6,1,Mucho antes
foggy,229.9,9,Ligeramente tarde
foggy,123.9,6,Ligeramente tarde
stormy,200.7,9,Mucho antes
stormy,17.1,5,Mucho tarde
hot,232.8,8,Ligeramente antes
stormy,235.6,13,Mucho antes
hot,133.0,4,Mucho antes
hot,81.4,3,Ligeramente antes
clear,14.9,2,Mucho antes
stormy,85.1,6,Mucho antes
foggy,120.0,6,Mucho antes
foggy,73.3,5,Mucho antes
rainy,11.1,5,Mucho antes
hot,35.7,3,Mucho antes
clear,188.9,4,Mucho antes
clear,82.6,3,Ligeramente antes
rainy,252.3,10,Mucho antes
cold,60.9,3,Mucho antes
stormy,47.3,8,Ligeramente antes
foggy,117.1,6,Mucho antes
hot,189.6,5,Mucho antes
clear,257.9,11,Mucho tarde
cold,223.3,5,Ligeramente antes
foggy,188.6,7,Ligeramente tarde
foggy,105.5,5,Mucho antes
cold,297.1,11,Mucho tarde
rainy,78.3,6,Mucho antes
rainy,66.2,3,Mucho antes
stormy,180.0,8,Mucho antes
rainy,238.8,11,Mucho antes
stormy,292.5,12,Mucho tarde
stormy,116.5,9,Ligeramente tarde
stormy,118.0,8,Ligeramente antes
foggy,245.5,8,Ligeramente antes
hot,271.6,11,Mucho antes
hot,174.0,5,Mucho antes
foggy,3.6,1,Mucho antes
rainy,152.8,8,Mucho tarde
rainy,119.6,7,Mucho antes
clear,142.7,5,Mucho antes
stormy,55.5,5,Mucho antes
cold,203.5,6,Mucho antes
stormy,297.1,14,Mucho antes
hot,198.7,8,Mucho antes
foggy,81.7,6,Mucho antes
cold,130.0,5,Mucho antes
rainy,190.0,8,Mucho antes
stormy,227.9,12,Mucho antes
cold,262.7,7,Ligeramente antes
clear,136.6,2,Mucho antes
hot,279.4,7,Mucho antes
foggy,275.2,10,Ligeramente tarde
stormy,221.6,14,Mucho antes
hot,265.3,7,Mucho antes
rainy,174.6,4,Ligeramente antes
cold,3.6,1,Mucho antes
cold,149.6,4,Ligeramente antes
stormy,148.7,8,Mucho antes
stormy,22.8,7,Mucho antes
hot,95.2,3,Mucho antes
rainy,119.0,6,Mucho antes
foggy,199.6,7,Ligeramente antes
foggy,154.3,7,Ligeramente antes
clear,6.4,0,Mucho antes
foggy,294.0,10,Ligeramente tarde
cold,99.9,4,Ligeramente antes
clear,125.0,6,Mucho antes
cold,180.5,7,Mucho antes
foggy,288.6,13,Mucho antes
rainy,107.7,9,Ligeramente tarde
rainy,115.9,6,Mucho antes
rainy,164.5,8,Mucho tarde
foggy,66.3,3,Mucho antes
rainy,37.1,6,Mucho tarde
stormy,154.3,8,Mucho antes
hot,287.2,7,Mucho antes
foggy,144.6,5,Ligeramente tarde
cold,116.6,4,Mucho antes
clear,27.1,3,Mucho antes
clear,169.5,3,Mucho antes
cold,150.6,5,Mucho antes
cold,123.8,4,Ligeramente antes
clear,226.2,8,Ligeramente antes
foggy,69.5,6,Mucho antes
foggy,244.7,13,Mucho antes
clear,237.4,8,Mucho antes
hot,26.7,2,Mucho antes
foggy,291.6,17,Mucho tarde
cold,67.3,1,Mucho antes
foggy,152.0,6,Mucho antes
stormy,108.9,9,Mucho antes
cold,178.5,7,Ligeramente tarde
rainy,162.7,9,Mucho antes
foggy,297.1,10,Mucho antes
stormy,276.1,10,Ligeramente tarde
hot,79.6,2,Mucho antes
foggy,105.4,8,Mucho tarde
clear,264.8,6,Mucho antes
hot,189.5,6,Mucho antes
hot,234.6,11,Mucho tarde
foggy,172.4,7,Ligeramente tarde
hot,285.0,9,Ligeramente tarde
clear,157.0,6,Mucho antes
stormy,156.9,11,Mucho tarde
stormy,54.6,8,Mucho antes
clear,80.6,2,Ligeramente antes
clear,286.2,11,Mucho tarde
cold,190.5,6,Mucho antes
stormy,143.3,8,Mucho tarde
cold,239.5,6,Mucho antes
rainy,271.4,9,Mucho antes
stormy,169.9,11,Mucho antes
cold,241.6,5,Mucho antes
foggy,70.8,5,Mucho antes
stormy,65.5,6,Mucho antes
cold,7.1,3,Ligeramente tarde
clear,62.6,1,Mucho antes
stormy,234.9,15,Mucho tarde
stormy,182.4,11,Mucho antes
cold,237.4,5,Mucho antes
hot,151.0,6,Mucho antes
rainy,108.3,8,Mucho antes
clear,35.0,2,Ligeramente antes
rainy,118.0,6,Mucho antes
hot,262.8,7,Mucho antes
rainy,121.9,7,Mucho antes
hot,169.8,6,Mucho antes
cold,272.8,9,Mucho antes
hot,193.3,6,Ligeramente tarde
clear,178.1,5,Mucho antes
foggy,279.7,9,Mucho antes
rainy,96.3,5,Mucho antes
stormy,292.7,12,Mucho tarde
foggy,259.6,9,Ligeramente tarde
foggy,168.9,9,Mucho antes
stormy,118.6,6,Mucho antes
foggy,36.3,2,Ligeramente antes
cold,117.9,4,Mucho antes
clear,114.0,6,Mucho antes
hot,79.9,4,Mucho antes
foggy,145.7,8,Mucho antes
hot,293.1,7,Mucho antes
hot,113.5,3,Ligeramente antes
cold,94.9,4,Mucho antes
clear,84.7,2,Mucho antes
foggy,10.3,4,Mucho antes
clear,45.5,2,Mucho antes
foggy,69.5,4,Ligeramente tarde
rainy,257.0,10,Ligeramente tarde
stormy,231.1,11,Mucho antes
rainy,219.0,8,Ligeramente tarde
foggy,51.6,5,Ligeramente tarde
stormy,293.8,17,Ligeramente tarde
clear,287.3,11,Mucho antes
hot,197.3,7,Ligeramente antes
foggy,284.6,6,Mucho antes
clear,234.6,8,Mucho antes
clear,39.0,1,Ligeramente antes
hot,171.5,5,Mucho antes
cold,91.4,3,Mucho antes
hot,96.7,3,Ligeramente antes
rainy,219.1,11,Mucho antes
foggy,188.4,10,Mucho tarde
rainy,168.1,10,Ligeramente tarde
rainy,297.1,11,Mucho antes
cold,79.2,4,Mucho antes
clear,262.4,9,Mucho antes
foggy,207.1,9,Mucho antes
clear,9.3,1,Ligeramente antes
foggy,142.0,7,Mucho tarde
rainy,46.7,6,Mucho antes
foggy,36.6,4,Mucho antes
stormy,208.2,11,Mucho antes
rainy,266.5,9,Ligeramente tarde
foggy,204.1,7,Ligeramente tarde
rainy,103.0,4,Mucho antes
stormy,14.4,8,Mucho tarde
hot,141.2,5,Mucho antes
cold,59.2,1,Mucho antes
cold,247.8,6,Mucho antes
clear,105.2,3,Mucho antes
hot,270.5,9,Mucho antes
cold,37.8,3,Ligeramente tarde
clear,19.6,2,Mucho antes
rainy,3.6,3,Mucho antes
clear,293.9,8,Mucho antes
foggy,142.5,4,Mucho antes
hot,217.3,7,Ligeramente antes
hot,32.2,1,Mucho antes
hot,32.7,1,Ligeramente antes
hot,81.3,3,Mucho antes
hot,33.6,2,Mucho antes
hot,14.3,2,Mucho antes
foggy,20.7,3,Mucho antes
hot,128.5,3,Mucho antes
clear,129.2,5,Mucho antes
clear,149.8,6,Ligeramente tarde
foggy,185.5,10,Ligeramente tarde
foggy,83.4,4,Mucho antes
hot,159.0,3,Mucho antes
foggy,296.2,9,Mucho antes
rainy,194.7,9,Mucho tarde
cold,244.9,10,Mucho tarde
hot,264.2,8,Mucho antes
cold,67.2,3,Mucho antes
stormy,65.2,9,Mucho antes
rainy,64.7,7,Mucho tarde
rainy,121.0,7,Mucho tarde
hot,279.6,7,Ligeramente antes
clear,260.0,8,Mucho antes
rainy,129.1,9,Ligeramente tarde
hot,141.1,8,Ligeramente antes
hot,260.5,6,Ligeramente antes
stormy,167.1,8,Mucho antes
rainy,113.6,10,Mucho antes
clear,17.8,1,Mucho antes
hot,132.0,4,Ligeramente antes
rainy,58.6,6,Mucho antes
clear,16.7,1,Mucho antes
stormy,19.9,6,Mucho antes
hot,176.5,6,Ligeramente tarde
foggy,128.2,6,Mucho antes
foggy,250.3,13,Mucho tarde
foggy,188.2,6,Mucho antes
hot,21.6,2,Mucho antes
cold,145.4,5,Mucho antes
clear,178.0,5,Mucho antes
rainy,251.4,10,Mucho tarde
cold,289.3,11,Mucho tarde
foggy,131.5,5,Mucho antes
stormy,73.3,6,Mucho antes
clear,149.4,5,Ligeramente tarde
foggy,64.4,3,Ligeramente antes
stormy,82.8,10,Ligeramente tarde
foggy,44.7,4,Mucho antes
rainy,193.6,7,Ligeramente tarde
rainy,209.0,6,Ligeramente antes
hot,110.8,5,Mucho antes
stormy,3.6,4,Ligeramente tarde
rainy,181.6,9,Ligeramente tarde
clear,71.3,2,Ligeramente antes
rainy,35.3,6,Mucho antes
hot,148.7,5,Mucho antes
hot,99.1,4,Mucho antes
hot,114.4,5,Ligeramente tarde
cold,231.0,7,Ligeramente tarde
rainy,264.5,15,Mucho antes
hot,251.7,5,Mucho antes
clear,175.5,5,Ligeramente antes
cold,44.1,1,Mucho antes
cold,108.9,5,Ligeramente tarde
foggy,138.3,6,Mucho antes
stormy,165.6,7,Ligeramente antes
rainy,45.9,4,Mucho antes
hot,90.4,4,Mucho antes
rainy,252.0,11,Mucho tarde
stormy,296.4,13,Mucho antes
foggy,69.4,6,Mucho antes
rainy,226.4,9,Ligeramente tarde
hot,82.4,2,Mucho antes
hot,43.8,2,Mucho antes
clear,44.0,2,Mucho antes
foggy,252.1,10,Ligeramente tarde
stormy,138.4,7,Mucho antes
rainy,189.9,10,Mucho antes
rainy,266.1,11,Mucho antes
stormy,179.4,12,Mucho tarde
foggy,3.6,3,Mucho antes
cold,184.8,5,Mucho antes
hot,21.4,0,Mucho antes
hot,136.9,7,Mucho tarde
cold,232.3,5,Mucho antes
hot,251.5,7,Mucho antes
stormy,126.3,7,Ligeramente antes
rainy,176.5,7,Ligeramente antes
rainy,235.0,9,Mucho tarde
rainy,89.7,8,Mucho antes
clear,173.3,5,Ligeramente antes
hot,66.9,1,Mucho antes
cold,65.7,3,Mucho antes
hot,76.6,2,Ligeramente antes
rainy,142.7,7,Mucho tarde
cold,29.3,3,Mucho antes
stormy,227.8,12,Mucho tarde
cold,95.8,2,Mucho antes
hot,242.4,9,Mucho antes
foggy,35.8,6,Mucho antes
stormy,206.1,10,Mucho antes
stormy,282.4,9,Mucho antes
foggy,269.5,7,Ligeramente antes
stormy,270.6,12,Mucho antes
hot,72.0,2,Ligeramente antes
rainy,153.2,7,Ligeramente tarde
rainy,291.4,13,Mucho tarde
stormy,33.5,7,Mucho antes
hot,256.1,6,Mucho antes
cold,194.5,6,Mucho antes
cold,87.7,3,Mucho antes
cold,71.3,4,Mucho antes
rainy,292.1,9,Ligeramente tarde
stormy,14.9,8,Mucho tarde
rainy,182.1,9,Mucho antes
rainy,98.7,6,Mucho tarde
clear,218.3,6,Mucho antes
cold,259.3,7,Ligeramente antes
foggy,246.7,6,Mucho antes
cold,251.8,11,Mucho antes
rainy,282.5,10,Mucho antes
stormy,238.7,14,Mucho tarde
foggy,178.3,8,Mucho tarde
foggy,69.9,2,Mucho antes
stormy,86.4,8,Mucho antes
rainy,53.4,6,Mucho antes
foggy,202.1,10,Mucho antes
rainy,22.8,6,Mucho tarde
cold,32.0,1,Mucho antes
clear,153.4,6,Mucho antes
cold,100.6,3,Mucho antes
foggy,275.8,7,Mucho antes
cold,248.1,10,Mucho tarde
clear,120.1,3,Ligeramente antes
foggy,269.0,8,Ligeramente antes
stormy,175.6,7,Ligeramente tarde
rainy,140.4,11,Mucho tarde
rainy,245.1,10,Mucho antes
clear,295.3,8,Ligeramente tarde
cold,219.5,8,Ligeramente antes
stormy,210.0,8,Mucho antes
clear,233.6,5,Ligeramente antes
cold,130.5,5,Mucho antes
foggy,227.3,12,Mucho tarde
cold,152.8,3,Mucho antes
clear,270.0,9,Ligeramente tarde
rainy,258.3,10,Mucho tarde
stormy,32.6,6,Mucho tarde
hot,132.9,3,Mucho antes
rainy,210.4,10,Ligeramente tarde
foggy,33.0,2,Ligeramente antes
clear,99.5,4,Mucho antes
cold,107.2,4,Ligeramente antes
stormy,199.1,9,Ligeramente tarde
cold,26.6,3,Mucho antes
stormy,254.9,10,Ligeramente tarde
hot,123.9,5,Mucho antes
rainy,3.6,2,Mucho antes
rainy,279.7,7,Ligeramente antes
cold,184.5,5,Mucho antes
rainy,54.0,4,Mucho antes
hot,251.6,7,Mucho antes
cold,244.2,10,Mucho tarde
stormy,259.1,15,Mucho tarde
hot,176.4,9,Ligeramente tarde
cold,178.1,8,Mucho antes
clear,254.6,10,Mucho antes
hot,188.1,6,Mucho antes
cold,3.6,0,Mucho antes
foggy,200.6,6,Mucho antes
clear,283.7,9,Ligeramente tarde
cold,159.1,4,Mucho antes
hot,47.0,0,Mucho antes
stormy,297.1,14,Mucho antes
hot,141.3,3,Mucho antes
clear,102.5,3,Ligeramente antes
cold,269.3,5,Mucho antes
clear,204.6,5,Mucho antes
clear,133.6,4,Mucho antes
clear,112.2,5,Mucho antes
hot,267.6,5,Mucho antes
foggy,95.6,5,Mucho antes
cold,134.8,3,Mucho antes
clear,121.6,3,Mucho antes
rainy,291.4,10,Ligeramente tarde
stormy,263.5,9,Mucho antes
foggy,209.5,5,Mucho antes
foggy,176.4,6,Ligeramente tarde
clear,150.6,6,Mucho antes
foggy,32.4,5,Mucho antes
clear,269.6,9,Mucho antes
foggy,293.1,10,Ligeramente tarde
rainy,222.8,11,Mucho antes
foggy,86.5,5,Ligeramente tarde
hot,117.9,3,Ligeramente antes
cold,243.7,11,Mucho antes
stormy,250.8,8,Mucho antes
foggy,92.4,6,Mucho tarde
clear,204.4,7,Mucho antes
cold,283.1,7,Ligeramente antes
cold,221.0,8,Ligeramente antes
cold,123.1,7,Mucho antes
stormy,151.1,8,Ligeramente antes
foggy,230.4,11,Mucho antes
clear,9.9,1,Ligeramente antes
clear,262.0,10,Mucho tarde
cold,45.2,3,Mucho antes
cold,266.8,5,Mucho antes
hot,297.1,11,Mucho tarde
rainy,16.3,3,Mucho antes
clear,288.6,9,Mucho antes
clear,68.9,2,Mucho antes
cold,140.2,4,Ligeramente antes
cold,25.7,1,Mucho antes
stormy,70.5,7,Mucho antes
stormy,74.1,7,Mucho antes
hot,56.6,2,Ligeramente antes
rainy,253.9,10,Ligeramente tarde
cold,292.9,8,Ligeramente antes
rainy,92.2,6,Mucho antes
rainy,222.0,12,Mucho tarde
hot,46.4,3,Ligeramente tarde
cold,283.7,10,Mucho antes
clear,209.5,8,Ligeramente tarde
rainy,210.2,9,Ligeramente tarde
hot,74.8,4,Ligeramente tarde
hot,158.0,7,Ligeramente tarde
foggy,122.7,9,Mucho antes
stormy,260.5,8,Ligeramente antes
cold,197.2,7,Ligeramente antes
rainy,84.6,6,Mucho tarde
stormy,32.1,5,Mucho antes
rainy,242.3,12,Mucho antes
cold,20.7,3,Mucho antes
clear,139.1,2,Mucho antes
cold,194.8,7,Ligeramente antes
foggy,180.7,5,Ligeramente antes
foggy,36.7,5,Mucho antes
rainy,194.6,8,Mucho antes
foggy,72.8,5,Ligeramente tarde
cold,167.5,3,Mucho antes
cold,75.3,2,Mucho antes
rainy,116.7,6,Mucho antes
clear,224.1,6,Mucho antes
clear,76.8,3,Ligeramente antes
foggy,255.8,9,Mucho antes
cold,136.7,6,Mucho antes
stormy,297.1,13,Mucho tarde
rainy,183.5,9,Mucho tarde
foggy,48.8,6,Mucho antes
foggy,224.9,11,Mucho antes
clear,183.5,6,Mucho antes
cold,36.4,2,Mucho antes
rainy,21.5,3,Ligeramente tarde
clear,247.6,8,Mucho antes
foggy,146.7,5,Mucho antes
stormy,208.4,12,Mucho antes
cold,150.8,3,Mucho antes
clear,248.5,10,Ligeramente tarde
stormy,49.2,8,Ligeramente antes
stormy,34.2,5,Mucho antes
rainy,117.4,6,Ligeramente tarde
rainy,156.4,8,Mucho antes
rainy,186.3,11,Mucho tarde
foggy,71.6,4,Ligeramente tarde
stormy,227.6,11,Mucho tarde
foggy,220.9,11,Mucho tarde
rainy,147.7,9,Mucho antes
rainy,142.2,8,Mucho antes
clear,215.7,9,Mucho antes
foggy,297.1,9,Mucho antes
clear,114.2,3,Mucho antes
hot,83.0,2,Mucho antes
hot,144.7,3,Mucho antes
stormy,74.5,6,Mucho antes
cold,18.9,2,Mucho antes
stormy,286.0,12,Mucho tarde
stormy,106.3,7,Mucho antes
stormy,153.7,9,Mucho antes
rainy,31.8,7,Mucho antes
foggy,221.0,7,Mucho antes
rainy,144.7,9,Mucho tarde
foggy,54.2,4,Mucho antes
rainy,80.0,7,Mucho antes
rainy,185.2,6,Mucho antes
rainy,258.8,8,Mucho antes
clear,33.3,2,Mucho antes
stormy,57.3,9,Mucho antes
clear,259.1,10,Mucho antes
cold,219.9,10,Mucho tarde
stormy,278.2,12,Mucho antes
rainy,48.1,5,Mucho antes
cold,197.1,4,Mucho antes
foggy,70.4,5,Mucho antes
stormy,91.5,7,Mucho antes
stormy,162.1,10,Ligeramente tarde
cold,115.4,3,Ligeramente antes
foggy,170.8,8,Mucho antes
hot,115.7,5,Mucho antes
clear,226.0,7,Ligeramente tarde
clear,71.6,3,Ligeramente antes
clear,22.6,2,Ligeramente antes
cold,235.4,4,Mucho antes
stormy,268.5,12,Mucho antes
foggy,247.1,11,Mucho antes
stormy,134.7,8,Mucho antes
foggy,133.8,7,Ligeramente antes
stormy,93.3,9,Mucho antes
stormy,140.7,6,Mucho antes
hot,11.4,1,Mucho antes
stormy,201.4,7,Ligeramente antes
rainy,211.3,5,Mucho antes
rainy,245.5,11,Mucho antes
foggy,194.1,5,Mucho antes
cold,54.2,3,Mucho antes
foggy,257.7,9,Mucho antes
foggy,113.2,4,Mucho antes
rainy,192.3,8,Mucho antes
clear,64.8,2,Mucho antes
hot,123.5,4,Ligeramente antes
cold,189.1,3,Mucho antes
rainy,197.2,9,Ligeramente tarde
rainy,91.9,5,Mucho antes
stormy,179.5,7,Ligeramente antes
cold,3.6,1,Mucho antes
foggy,178.5,8,Mucho antes
cold,272.3,5,Mucho antes
rainy,159.8,6,Mucho antes
cold,132.5,6,Ligeramente tarde
rainy,141.7,9,Ligeramente tarde
clear,26.9,2,Ligeramente antes
foggy,126.9,5,Mucho antes
rainy,248.9,11,Mucho antes
rainy,282.5,9,Ligeramente tarde
foggy,54.8,5,Mucho antes
hot,209.3,7,Ligeramente antes
hot,153.5,4,Ligeramente antes
stormy,282.3,12,Mucho antes
rainy,136.9,8,Ligeramente antes
hot,66.6,2,Mucho antes
cold,14.5,1,Mucho antes
clear,225.6,6,Mucho antes
rainy,216.1,11,Mucho tarde
cold,278.0,8,Ligeramente antes
clear,19.1,1,Mucho antes
stormy,294.8,13,Mucho antes
hot,56.1,3,Mucho antes
stormy,168.8,9,Ligeramente tarde
rainy,170.0,10,Mucho antes
cold,13.2,2,Ligeramente antes
clear,187.6,5,Ligeramente antes
stormy,102.5,9,Mucho antes
hot,250.8,10,Ligeramente tarde
cold,160.2,2,Mucho antes
clear,23.2,3,Mucho antes
rainy,169.6,8,Ligeramente antes
cold,288.1,8,Ligeramente tarde
hot,245.5,9,Mucho tarde
clear,224.3,8,Ligeramente antes
cold,271.1,5,Mucho antes
hot,211.3,6,Ligeramente antes
rainy,50.3,7,Mucho antes
rainy,113.7,4,Ligeramente antes
foggy,29.6,5,Mucho antes
hot,148.5,3,Ligeramente antes
cold,76.6,1,Mucho antes
foggy,213.9,6,Mucho antes
foggy,24.5,3,Mucho antes
hot,23.9,1,Ligeramente antes
hot,285.4,7,Ligeramente antes
hot,255.2,5,Mucho antes
clear,106.6,5,Ligeramente tarde
foggy,3.6,4,Mucho antes
rainy,86.3,6,Mucho antes
cold,76.2,3,Ligeramente antes
stormy,223.4,9,Mucho antes
hot,142.2,7,Mucho antes
foggy,171.3,9,Mucho antes
cold,267.3,8,Ligeramente antes
stormy,125.4,6,Mucho antes
stormy,3.6,6,Mucho antes
stormy,286.2,13,Mucho tarde
rainy,159.8,7,Mucho antes
cold,34.5,2,Mucho antes
foggy,251.3,6,Mucho antes
clear,58.5,2,Mucho antes
rainy,211.8,7,Ligeramente tarde
stormy,101.9,8,Mucho tarde
hot,281.1,8,Ligeramente antes
foggy,171.9,8,Mucho tarde
stormy,84.8,7,Mucho antes
cold,109.3,4,Mucho antes
clear,141.4,3,Mucho antes
cold,268.3,8,Ligeramente antes
stormy,130.4,8,Mucho tarde
rainy,175.4,9,Mucho tarde
clear,55.9,1,Mucho antes
cold,57.9,2,Ligeramente antes
stormy,38.0,7,Mucho antes
stormy,54.9,7,Mucho antes
stormy,102.7,4,Mucho antes
rainy,96.6,6,Mucho antes
clear,224.0,6,Mucho antes
clear,192.1,7,Mucho antes
hot,78.8,3,Mucho antes
rainy,77.8,6,Mucho tarde
clear,85.5,3,Ligeramente antes
stormy,117.4,5,Ligeramente tarde
foggy,157.0,10,Mucho antes
foggy,206.3,7,Ligeramente antes
clear,173.1,5,Mucho antes
clear,94.6,1,Mucho antes
stormy,152.9,9,Mucho antes
cold,261.8,9,Ligeramente tarde
rainy,171.5,5,Mucho antes
stormy,33.0,8,Mucho tarde
rainy,153.7,8,Ligeramente antes
cold,288.1,9,Ligeramente tarde
stormy,166.2,9,Ligeramente tarde
rainy,40.9,4,Ligeramente tarde
clear,245.8,6,Mucho antes
rainy,87.2,7,Mucho antes
hot,112.8,4,Mucho antes
cold,291.1,6,Ligeramente antes
stormy,60.8,9,Mucho antes
hot,108.9,5,Mucho antes
rainy,288.4,15,Mucho antes
rainy,269.4,8,Ligeramente antes
clear,5.7,0,Mucho antes
foggy,233.0,11,Mucho antes
stormy,33.2,8,Mucho antes
rainy,175.3,6,Mucho antes
clear,212.7,6,Mucho antes
hot,148.9,6,Mucho antes
clear,297.1,6,Ligeramente antes
rainy,150.7,7,Ligeramente tarde
clear,41.2,3,Mucho antes
clear,11.9,3,Mucho antes
clear,201.3,6,Mucho antes
hot,125.0,2,Mucho antes
rainy,203.0,9,Mucho antes
clear,194.1,4,Ligeramente antes
hot,116.3,5,Mucho antes
stormy,113.3,7,Mucho antes
cold,145.2,5,Ligeramente tarde
rainy,137.5,5,Mucho antes
cold,65.8,2,Mucho antes
foggy,5.4,4,Mucho antes
stormy,249.1,14,Mucho tarde
clear,251.0,7,Mucho antes
clear,220.6,4,Mucho antes
clear,118.0,4,Mucho antes
hot,155.5,4,Mucho antes
stormy,13.1,8,Ligeramente antes
hot,285.9,10,Mucho antes
foggy,95.4,5,Mucho antes
foggy,203.9,8,Ligeramente tarde
foggy,135.1,7,Mucho antes
foggy,23.3,1,Ligeramente antes
clear,207.8,6,Ligeramente antes
rainy,73.3,8,Mucho antes
cold,189.3,7,Ligeramente antes
hot,252.3,6,Mucho antes
stormy,107.3,8,Ligeramente antes
foggy,258.8,9,Mucho antes
foggy,110.7,6,Mucho antes
hot,111.7,4,Mucho antes
cold,269.8,9,Mucho antes
foggy,214.0,11,Mucho antes
clear,179.1,6,Mucho antes
stormy,42.8,6,Mucho tarde
foggy,14.8,3,Mucho antes
cold,214.6,10,Mucho antes
stormy,125.6,9,Mucho antes
clear,21.4,2,Ligeramente antes
rainy,23.6,2,Mucho antes
rainy,6.9,4,Mucho antes
rainy,153.3,9,Mucho antes
foggy,236.2,8,Mucho antes
clear,224.0,9,Mucho antes
hot,78.9,5,Mucho antes
hot,204.5,5,Mucho antes
foggy,285.7,7,Mucho antes
hot,240.7,9,Mucho tarde
cold,127.9,4,Mucho antes
foggy,218.9,7,Ligeramente antes
foggy,50.1,4,Ligeramente tarde
clear,234.0,9,Mucho antes
stormy,64.8,5,Mucho antes
rainy,114.1,7,Mucho antes
clear,180.2,4,Mucho antes
foggy,168.5,8,Mucho antes
hot,169.4,5,Mucho antes
rainy,235.3,8,Mucho antes
clear,68.9,2,Mucho antes
hot,260.5,6,Mucho antes
rainy,11.6,4,Mucho antes
clear,46.1,2,Mucho antes
clear,291.2,14,Mucho tarde
foggy,227.8,9,Mucho tarde
foggy,45.6,4,Mucho antes
cold,135.0,6,Mucho antes
hot,3.6,1,Mucho antes
foggy,156.8,8,Mucho tarde
foggy,294.8,7,Ligeramente antes
hot,194.4,5,Ligeramente antes
clear,183.2,7,Mucho antes
rainy,248.8,12,Mucho antes
hot,173.4,5,Mucho antes
stormy,193.1,11,Mucho antes
cold,89.9,3,Ligeramente antes
stormy,169.6,8,Ligeramente antes
rainy,220.7,8,Ligeramente tarde
stormy,155.1,9,Mucho tarde
rainy,122.5,6,Mucho antes
clear,64.0,2,Mucho antes
stormy,74.5,5,Ligeramente tarde
clear,275.8,9,Ligeramente tarde
rainy,39.9,6,Mucho tarde
clear,189.2,7,Mucho antes
hot,220.9,8,Mucho antes
hot,60.8,3,Ligeramente antes
cold,52.5,1,Mucho antes
cold,63.5,1,Mucho antes
cold,164.8,5,Ligeramente antes
rainy,58.1,6,Mucho antes
clear,84.3,3,Mucho antes
rainy,107.1,6,Mucho antes
cold,13.2,3,Mucho antes
foggy,9.4,1,Mucho antes
hot,3.6,2,Mucho antes
foggy,265.5,11,Mucho antes
stormy,275.5,13,Mucho tarde
stormy,171.7,11,Mucho tarde
cold,13.8,0,Mucho antes
foggy,159.0,7,Ligeramente antes
cold,263.5,6,Mucho antes
stormy,256.0,15,Mucho antes
foggy,177.6,8,Ligeramente antes
clear,36.1,2,Mucho antes
cold,103.8,3,Mucho antes
hot,296.8,11,Mucho tarde
cold,247.8,6,Mucho antes
hot,215.6,5,Mucho antes
foggy,95.7,4,Mucho antes
cold,56.6,2,Mucho antes
rainy,129.0,7,Mucho antes
stormy,70.9,5,Ligeramente tarde
foggy,101.3,6,Ligeramente tarde
stormy,243.4,13,Mucho antes
clear,52.3,2,Mucho antes
stormy,75.9,7,Mucho antes
foggy,77.3,4,Mucho antes
clear,274.3,7,Ligeramente antes
rainy,31.7,5,Mucho antes
rainy,138.3,9,Mucho antes
rainy,279.3,7,Mucho antes
cold,258.4,11,Mucho antes
hot,197.9,5,Mucho antes
cold,209.3,4,Mucho antes
clear,210.3,6,Ligeramente antes
cold,37.7,1,Ligeramente antes
stormy,19.3,6,Mucho antes
hot,3.6,0,Mucho antes
cold,147.1,5,Ligeramente tarde
rainy,210.7,8,Ligeramente antes
cold,143.8,5,Mucho antes
hot,3.6,1,Mucho antes
rainy,211.1,8,Ligeramente antes
stormy,119.1,8,Ligeramente antes
hot,241.3,7,Mucho antes
clear,280.7,7,Mucho antes
clear,138.5,4,Mucho antes
clear,140.4,7,Mucho tarde
hot,120.1,5,Mucho antes
stormy,127.4,8,Ligeramente antes
foggy,186.3,8,Mucho antes
stormy,221.7,15,Mucho tarde
stormy,120.3,9,Mucho tarde
rainy,73.1,3,Mucho antes
stormy,32.9,3,Mucho antes
cold,220.2,7,Mucho antes
cold,124.8,4,Mucho antes
rainy,213.7,10,Mucho antes
rainy,108.6,8,Mucho antes
clear,196.7,6,Ligeramente tarde
cold,130.2,7,Mucho antes
foggy,281.2,8,Ligeramente antes
stormy,143.6,7,Mucho tarde
foggy,202.1,7,Mucho antes
clear,171.3,6,Mucho antes
foggy,249.3,6,Mucho antes
clear,214.4,5,Mucho antes
hot,123.2,5,Mucho antes
foggy,48.0,5,Mucho tarde
rainy,128.1,7,Mucho tarde
rainy,273.7,12,Mucho tarde
stormy,225.8,8,Ligeramente tarde
rainy,124.6,10,Mucho tarde
stormy,114.0,9,Mucho antes
clear,15.8,2,Ligeramente antes
cold,91.6,4,Ligeramente tarde
clear,194.9,7,Mucho antes
hot,270.5,9,Mucho antes
cold,200.9,7,Mucho antes
cold,10.9,1,Mucho antes
cold,98.4,3,Ligeramente antes
cold,233.8,5,Ligeramente antes
stormy,249.7,15,Mucho tarde
clear,29.0,3,Mucho antes
hot,80.0,3,Mucho antes
stormy,97.6,6,Mucho antes
rainy,267.7,11,Mucho tarde
cold,173.2,3,Mucho antes
foggy,56.9,3,Mucho antes
hot,174.0,5,Mucho antes
rainy,218.2,12,Mucho tarde
cold,109.0,2,Mucho antes
cold,282.4,7,Mucho antes
clear,248.7,6,Mucho antes
cold,187.6,8,Mucho antes
foggy,114.4,8,Mucho tarde
clear,4.3,0,Mucho antes
clear,22.4,3,Ligeramente tarde
foggy,241.8,8,Ligeramente antes
clear,268.7,6,Mucho antes
hot,38.0,2,Mucho antes
stormy,27.9,6,Mucho antes
rainy,206.6,9,Mucho tarde
cold,167.8,4,Ligeramente antes
foggy,111.2,7,Mucho antes
hot,93.6,2,Mucho antes
foggy,74.1,5,Mucho antes
stormy,60.7,9,Ligeramente tarde
stormy,69.1,8,Mucho antes
cold,100.0,4,Ligeramente antes
hot,153.8,7,Mucho antes
stormy,293.6,12,Mucho antes
clear,9.6,2,Ligeramente antes
clear,229.2,4,Mucho antes
clear,32.4,2,Mucho antes
stormy,165.5,8,Mucho tarde
cold,57.7,1,Mucho antes
clear,4.8,2,Mucho antes
stormy,38.7,5,Mucho antes
foggy,68.2,4,Mucho antes
cold,89.1,3,Mucho antes
foggy,56.3,5,Mucho antes
hot,91.0,3,Mucho antes
cold,90.0,2,Mucho antes
foggy,272.6,13,Mucho antes
clear,230.1,4,Mucho antes
cold,56.8,4,Mucho antes
cold,194.4,7,Ligeramente antes
rainy,123.7,5,Ligeramente tarde
rainy,139.3,6,Ligeramente tarde
stormy,100.5,7,Mucho tarde
foggy,197.3,10,Mucho antes
foggy,8.5,4,Mucho antes
cold,113.5,4,Ligeramente antes
cold,230.8,4,Mucho antes
foggy,297.1,7,Mucho antes
hot,41.5,3,Ligeramente tarde
hot,101.0,5,Mucho antes
foggy,116.8,6,Mucho antes
cold,164.5,8,Mucho antes
hot,145.9,5,Ligeramente tarde
rainy,248.9,11,Mucho tarde
foggy,192.2,10,Mucho antes
rainy,245.0,15,Mucho tarde
cold,215.1,6,Mucho antes
stormy,283.7,17,Ligeramente tarde
clear,221.4,7,Ligeramente antes
foggy,30.8,2,Ligeramente antes
hot,207.2,10,Ligeramente tarde
foggy,10.9,3,Mucho antes
stormy,53.8,6,Mucho antes
hot,280.9,7,Mucho antes
clear,286.7,11,Mucho antes
cold,33.4,2,Mucho antes
hot,119.7,3,Ligeramente antes
foggy,296.6,8,Ligeramente tarde
foggy,23.0,4,Mucho antes
rainy,273.5,11,Mucho antes
stormy,294.9,12,Mucho antes
hot,264.8,7,Mucho antes
stormy,245.6,9,Mucho antes
stormy,171.8,9,Mucho antes
hot,273.7,9,Mucho antes
hot,31.2,2,Mucho antes
hot,34.9,2,Ligeramente antes
cold,207.7,7,Ligeramente antes
hot,3.6,2,Mucho antes
rainy,192.3,7,Ligeramente tarde
rainy,185.6,6,Ligeramente tarde
hot,184.0,4,Mucho antes
clear,52.6,3,Mucho antes
rainy,274.6,15,Ligeramente antes
hot,220.5,5,Mucho antes
rainy,85.0,4,Ligeramente tarde
hot,180.0,7,Mucho antes
hot,119.8,2,Mucho antes
foggy,228.7,12,Mucho antes
rainy,149.0,9,Mucho tarde
foggy,87.6,3,Mucho antes
clear,245.1,11,Mucho tarde
stormy,120.0,5,Mucho antes
foggy,297.1,8,Mucho antes
clear,118.3,3,Mucho antes
foggy,171.4,6,Mucho antes
clear,120.6,4,Mucho antes
clear,160.9,4,Mucho antes
stormy,297.1,12,Mucho tarde
foggy,34.5,4,Ligeramente tarde
rainy,244.4,11,Mucho tarde
foggy,266.6,7,Mucho antes
hot,201.6,5,Mucho antes
stormy,148.0,7,Mucho tarde
hot,163.0,6,Mucho antes
foggy,205.9,11,Mucho tarde
cold,285.9,10,Mucho antes
clear,104.3,3,Mucho antes
cold,274.7,11,Mucho antes
hot,84.8,1,Mucho antes
rainy,135.1,9,Mucho tarde
cold,132.6,4,Mucho antes
stormy,53.1,8,Mucho antes
hot,57.7,3,Mucho antes
foggy,258.5,10,Mucho antes
clear,297.1,10,Ligeramente tarde
foggy,284.1,9,Mucho antes
stormy,64.4,5,Mucho antes
clear,87.1,3,Ligeramente antes
rainy,38.6,5,Mucho antes
rainy,209.1,10,Mucho antes
foggy,3.6,3,Mucho antes
rainy,204.1,11,Mucho tarde
cold,80.2,3,Mucho antes
hot,216.4,5,Mucho antes
clear,56.2,2,Mucho antes
rainy,280.0,9,Mucho antes
cold,34.2,2,Mucho antes
hot,11.8,1,Ligeramente antes
foggy,35.9,3,Mucho antes
rainy,73.7,4,Ligeramente tarde
stormy,204.5,11,Mucho antes
hot,132.4,5,Mucho antes
foggy,138.6,5,Mucho antes
stormy,177.8,7,Mucho antes
stormy,203.2,14,Mucho tarde
stormy,215.9,9,Mucho antes
stormy,127.4,7,Mucho antes
rainy,38.7,5,Mucho antes
clear,29.2,3,Mucho antes
stormy,78.0,8,Mucho antes
rainy,52.2,3,Mucho antes
stormy,116.4,10,Mucho antes
hot,297.1,8,Mucho antes
hot,91.1,5,Mucho antes
hot,283.2,8,Mucho antes
stormy,194.0,8,Mucho antes
stormy,16.2,5,Mucho antes
hot,226.6,7,Ligeramente antes
cold,215.3,6,Mucho antes
cold,211.3,5,Mucho antes
clear,42.3,2,Mucho antes
rainy,7.2,4,Mucho antes
cold,247.8,8,Ligeramente antes
stormy,223.9,12,Mucho antes
foggy,175.3,9,Mucho antes
stormy,228.7,14,Mucho tarde
cold,173.5,5,Mucho antes
hot,178.2,4,Ligeramente antes
foggy,288.6,6,Mucho antes
hot,44.5,2,Mucho antes
hot,90.4,4,Mucho antes
hot,34.6,1,Mucho antes
cold,70.6,2,Mucho antes
foggy,253.5,11,Mucho tarde
cold,215.8,7,Mucho antes
rainy,171.5,8,Mucho antes
clear,64.2,3,Mucho antes
rainy,144.7,9,Ligeramente tarde
hot,168.1,6,Ligeramente tarde
rainy,39.4,2,Ligeramente antes
foggy,23.2,3,Mucho antes
foggy,55.5,6,Mucho antes
rainy,237.9,6,Mucho antes
rainy,170.6,7,Ligeramente tarde
hot,195.5,3,Mucho antes
hot,32.7,2,Mucho antes
foggy,94.8,2,Ligeramente antes
hot,72.0,3,Mucho antes
stormy,236.1,11,Mucho antes
clear,43.4,3,Mucho antes
hot,81.2,2,Mucho antes
foggy,208.8,5,Ligeramente antes
hot,196.8,4,Ligeramente antes
clear,262.4,7,Ligeramente antes
foggy,254.2,9,Mucho antes
cold,252.1,8,Mucho antes
foggy,226.3,8,Ligeramente antes
hot,45.9,3,Mucho antes
foggy,163.8,9,Mucho antes
hot,35.5,2,Mucho antes
hot,150.2,4,Mucho antes
rainy,235.3,6,Ligeramente antes
cold,153.7,6,Mucho antes
rainy,104.3,8,Mucho antes
rainy,297.1,13,Mucho tarde
rainy,93.4,9,Mucho antes
rainy,55.9,4,Mucho antes
cold,153.4,4,Mucho antes
stormy,136.4,5,Ligeramente tarde
stormy,103.2,10,Mucho antes
foggy,82.3,3,Mucho antes
rainy,297.1,10,Mucho tarde
clear,110.2,4,Ligeramente antes
hot,166.6,3,Mucho antes
clear,26.8,3,Mucho antes
rainy,140.1,11,Mucho tarde
stormy,151.4,8,Ligeramente antes
foggy,105.9,5,Ligeramente tarde
foggy,12.4,2,Ligeramente antes
stormy,159.0,9,Ligeramente tarde
stormy,13.9,5,Mucho antes
rainy,67.1,7,Mucho antes
hot,281.8,11,Mucho antes
cold,104.1,3,Mucho antes
foggy,126.7,5,Mucho antes
hot,158.1,2,Mucho antes
stormy,262.9,10,Mucho tarde
stormy,78.4,8,Ligeramente antes
foggy,286.2,11,Mucho tarde
stormy,223.8,9,Mucho tarde
cold,38.5,1,Mucho antes
clear,226.5,5,Mucho antes
cold,217.9,6,Mucho antes
rainy,187.5,10,Mucho antes
hot,119.8,5,Ligeramente tarde
stormy,238.3,12,Mucho antes
foggy,258.1,11,Mucho antes
hot,22.0,3,Mucho antes
cold,112.2,6,Mucho antes
hot,161.8,5,Mucho antes
foggy,294.2,8,Ligeramente tarde
foggy,148.4,7,Ligeramente antes
stormy,97.9,7,Ligeramente antes
rainy,30.0,7,Mucho tarde
cold,183.1,7,Ligeramente antes
clear,241.5,9,Mucho tarde
stormy,297.1,14,Mucho tarde
rainy,192.7,8,Mucho antes
foggy,184.1,8,Mucho antes
clear,170.2,5,Mucho antes
clear,228.4,7,Mucho antes
stormy,152.4,10,Ligeramente tarde
hot,83.7,3,Mucho antes
clear,107.7,2,Mucho antes
clear,211.4,8,Mucho antes
rainy,247.6,9,Mucho antes
clear,185.9,6,Mucho antes
foggy,218.9,8,Mucho antes
rainy,3.6,5,Mucho tarde
foggy,288.9,10,Mucho tarde
stormy,56.6,8,Mucho tarde
rainy,79.8,8,Ligeramente antes
cold,78.5,4,Mucho antes
stormy,84.7,6,Mucho antes
clear,56.3,2,Mucho antes
foggy,7.6,3,Ligeramente tarde
hot,284.4,8,Ligeramente antes
foggy,124.5,6,Mucho antes
stormy,45.5,8,Mucho antes
hot,134.6,6,Mucho antes
stormy,169.2,10,Mucho antes
clear,225.6,6,Mucho antes
hot,153.9,4,Mucho antes
clear,195.9,5,Ligeramente antes
stormy,59.5,4,Mucho antes
hot,258.8,8,Ligeramente antes
hot,257.2,7,Mucho antes
cold,25.2,1,Mucho antes
clear,112.0,1,Mucho antes
cold,250.0,6,Mucho antes
rainy,84.4,7,Ligeramente antes
clear,30.1,1,Mucho antes
cold,16.8,1,Ligeramente antes
cold,59.7,3,Mucho antes
clear,67.1,4,Mucho antes
foggy,224.0,8,Mucho antes
cold,5.4,0,Mucho antes
hot,167.4,3,Mucho antes
foggy,276.6,8,Ligeramente tarde
hot,282.4,8,Mucho antes
foggy,181.0,8,Mucho antes
rainy,120.2,8,Mucho antes
foggy,98.5,7,Mucho antes
cold,159.4,4,Mucho antes
rainy,253.6,9,Ligeramente tarde
stormy,72.2,5,Ligeramente tarde
hot,55.1,2,Ligeramente antes
clear,55.5,1,Mucho antes
stormy,149.6,7,Mucho antes
cold,105.6,4,Ligeramente antes
rainy,279.4,11,Mucho tarde
clear,121.1,5,Ligeramente tarde
hot,200.6,9,Mucho tarde
foggy,252.7,9,Mucho antes
hot,247.4,5,Mucho antes
foggy,56.0,2,Ligeramente antes
stormy,218.0,9,Ligeramente tarde
foggy,188.8,8,Ligeramente antes
foggy,137.7,4,Ligeramente antes
clear,249.1,11,Mucho tarde
cold,110.0,5,Ligeramente tarde
foggy,19.2,2,Ligeramente antes
rainy,7.2,4,Mucho antes
clear,191.2,6,Mucho antes
cold,139.4,2,Mucho antes
hot,230.3,4,Mucho antes
stormy,268.9,14,Mucho antes
stormy,189.1,7,Mucho antes
cold,166.5,6,Mucho antes
hot,55.5,3,Mucho antes
cold,169.7,7,Mucho antes
stormy,153.0,9,Mucho tarde
clear,182.6,4,Ligeramente antes
rainy,147.4,5,Mucho antes
foggy,172.0,9,Ligeramente tarde
cold,226.6,7,Mucho antes
stormy,267.6,12,Mucho antes
rainy,156.3,8,Mucho antes
clear,257.9,7,Ligeramente antes
foggy,180.1,5,Ligeramente antes
stormy,107.0,7,Mucho antes
foggy,110.8,4,Mucho antes
foggy,229.4,8,Mucho antes
stormy,145.4,7,Mucho antes
cold,233.7,8,Mucho antes
cold,172.0,5,Mucho antes
rainy,14.0,2,Mucho antes
hot,145.9,7,Mucho tarde
clear,148.9,4,Mucho antes
clear,213.1,6,Ligeramente antes
foggy,238.3,6,Ligeramente antes
rainy,36.6,4,Mucho antes
rainy,185.9,11,Mucho tarde
stormy,210.1,11,Mucho antes
hot,251.7,7,Ligeramente antes
stormy,149.7,7,Mucho tarde
clear,13.1,0,Mucho antes
cold,24.2,1,Mucho antes
stormy,129.2,10,Mucho antes
foggy,217.2,7,Mucho antes
foggy,284.3,9,Ligeramente tarde
hot,113.0,3,Mucho antes
cold,192.3,6,Ligeramente tarde
clear,215.6,6,Mucho antes
cold,22.7,3,Ligeramente tarde
foggy,157.0,9,Mucho antes
hot,24.4,1,Mucho antes
clear,141.0,3,Mucho antes
foggy,263.1,9,Ligeramente tarde
stormy,239.9,11,Mucho antes
foggy,206.2,7,Mucho antes
clear,271.9,10,Ligeramente tarde
clear,91.0,3,Mucho antes
cold,136.9,3,Mucho antes
cold,85.9,4,Ligeramente tarde
hot,100.7,4,Mucho antes
cold,198.2,7,Mucho antes
cold,203.4,8,Ligeramente antes
rainy,38.0,4,Mucho antes
stormy,256.6,10,Mucho tarde
foggy,76.6,3,Mucho antes
cold,72.9,4,Mucho antes
stormy,106.9,7,Mucho tarde
clear,115.8,3,Mucho antes
stormy,197.1,12,Mucho antes
stormy,207.3,14,Mucho antes
foggy,204.8,8,Ligeramente antes
foggy,160.8,5,Ligeramente antes
stormy,71.3,6,Mucho antes
foggy,74.2,5,Mucho antes
hot,284.8,8,Mucho antes
rainy,52.5,4,Ligeramente tarde
foggy,136.6,3,Mucho antes
clear,244.9,7,Ligeramente tarde
clear,157.2,5,Ligeramente antes
foggy,287.3,10,Mucho antes
rainy,290.8,7,Mucho antes
hot,252.5,9,Mucho antes
clear,122.6,3,Ligeramente antes
rainy,256.5,13,Mucho tarde
stormy,207.9,11,Mucho tarde
clear,265.9,9,Ligeramente tarde
stormy,77.1,9,Mucho antes
stormy,30.1,7,Mucho tarde
clear,165.9,4,Ligeramente antes
rainy,139.6,6,Ligeramente tarde
foggy,177.1,7,Mucho antes
clear,262.1,10,Mucho tarde
cold,250.9,7,Mucho antes
stormy,23.9,4,Mucho antes
cold,46.6,3,Ligeramente tarde
foggy,206.3,7,Ligeramente tarde
stormy,162.6,6,Mucho antes
foggy,53.0,2,Mucho antes
clear,7.7,2,Mucho antes
foggy,88.5,6,Mucho antes
hot,76.7,3,Mucho antes
clear,35.6,2,Mucho antes
clear,296.1,10,Mucho antes
clear,278.8,8,Mucho antes
cold,53.8,3,Mucho antes
foggy,203.6,5,Mucho antes
stormy,232.9,14,Mucho antes
stormy,152.5,8,Mucho antes
rainy,153.0,11,Mucho antes
stormy,86.0,8,Ligeramente antes
clear,213.3,4,Mucho antes
rainy,3.6,2,Ligeramente antes
hot,162.1,4,Mucho antes
hot,122.2,2,Mucho antes
clear,253.0,6,Ligeramente antes
rainy,253.8,10,Mucho antes
foggy,172.9,7,Ligeramente tarde
stormy,89.1,8,Ligeramente antes
clear,179.2,5,Mucho antes
stormy,176.1,11,Mucho antes
cold,169.3,5,Mucho antes
cold,143.0,5,Mucho antes
hot,46.3,1,Ligeramente antes
stormy,172.7,11,Mucho tarde
clear,110.6,4,Mucho antes
stormy,150.3,8,Mucho antes
stormy,230.2,9,Mucho antes
rainy,189.6,6,Mucho antes
foggy,257.2,9,Mucho antes
stormy,93.6,7,Mucho antes
clear,112.2,4,Mucho antes
rainy,113.8,7,Mucho antes
foggy,37.1,3,Mucho antes
cold,41.3,1,Mucho antes
foggy,260.1,10,Mucho antes
cold,279.1,7,Mucho antes
rainy,42.1,5,Mucho tarde
rainy,23.6,4,Mucho antes
cold,83.8,2,Mucho antes
foggy,240.7,10,Mucho antes
rainy,213.2,8,Mucho antes
hot,295.2,8,Mucho antes
stormy,297.1,14,Mucho antes
clear,94.7,2,Mucho antes
cold,75.5,3,Mucho antes
clear,36.3,2,Mucho antes
clear,155.2,4,Ligeramente antes
cold,247.1,7,Mucho antes
clear,219.3,4,Mucho antes
foggy,65.0,6,Mucho antes
hot,121.6,4,Mucho antes
hot,238.8,7,Ligeramente antes
stormy,104.5,4,Mucho antes
rainy,94.8,8,Mucho antes
hot,233.1,6,Mucho antes
stormy,129.8,8,Ligeramente antes
foggy,5.1,2,Ligeramente antes
stormy,257.5,14,Mucho antes
cold,272.9,10,Ligeramente tarde
hot,243.7,6,Mucho antes
rainy,151.3,4,Mucho antes
cold,235.4,8,Mucho antes
foggy,221.7,12,Mucho tarde
cold,135.7,6,Mucho antes
cold,105.3,2,Mucho antes
cold,285.7,9,Mucho antes
clear,132.5,3,Mucho antes
cold,42.1,1,Mucho antes
stormy,39.8,8,Ligeramente antes
hot,114.8,2,Mucho antes
foggy,124.9,9,Mucho tarde
hot,40.3,2,Mucho antes
stormy,135.0,7,Mucho antes
rainy,65.9,6,Mucho antes
clear,273.4,9,Mucho antes
hot,188.2,5,Mucho antes
stormy,126.9,7,Mucho antes
hot,211.7,8,Mucho antes
stormy,273.8,9,Ligeramente tarde
rainy,12.9,3,Mucho antes
stormy,206.6,10,Mucho tarde
clear,107.0,2,Mucho antes
rainy,185.4,8,Ligeramente antes
stormy,178.6,13,Mucho antes
foggy,26.9,2,Mucho antes
hot,200.4,8,Mucho antes
foggy,54.8,4,Mucho antes
hot,243.6,9,Mucho antes
stormy,61.0,8,Mucho antes
clear,107.2,3,Ligeramente antes
cold,246.0,7,Mucho antes
foggy,74.7,7,Mucho antes
clear,182.8,8,Mucho antes
hot,6.8,2,Mucho antes
cold,24.4,3,Mucho antes
cold,273.0,4,Mucho antes
cold,16.4,0,Mucho antes
rainy,75.5,5,Mucho antes
foggy,252.1,8,Ligeramente antes
stormy,171.9,8,Mucho tarde
stormy,81.1,9,Mucho antes
clear,73.5,3,Mucho antes
rainy,80.6,7,Mucho antes
rainy,97.3,7,Mucho antes
foggy,95.6,5,Mucho antes
rainy,140.1,5,Ligeramente tarde
hot,119.5,6,Ligeramente tarde
stormy,234.7,7,Ligeramente tarde
clear,251.2,6,Mucho antes
hot,159.0,6,Mucho antes
cold,9.7,2,Mucho antes
rainy,174.6,6,Mucho antes
stormy,108.0,6,Mucho antes
rainy,62.5,6,Mucho antes
stormy,152.3,7,Ligeramente antes
stormy,297.1,8,Mucho antes
foggy,91.2,4,Mucho antes
rainy,33.4,4,Ligeramente tarde
rainy,34.4,3,Mucho antes
clear,97.2,4,Mucho antes
foggy,171.6,5,Ligeramente antes
clear,40.0,3,Ligeramente tarde
stormy,226.5,8,Mucho antes
foggy,281.9,12,Mucho tarde
foggy,297.1,13,Mucho antes
hot,165.5,4,Ligeramente antes
stormy,30.8,3,Ligeramente tarde
cold,250.2,6,Mucho antes
clear,261.1,6,Mucho antes
clear,87.2,6,Mucho antes
hot,176.9,4,Mucho antes
hot,93.3,2,Mucho antes
stormy,206.2,14,Mucho tarde
foggy,228.4,11,Mucho antes
cold,102.8,4,Ligeramente antes
rainy,7.1,6,Mucho antes
foggy,120.1,6,Mucho antes
cold,66.3,3,Mucho antes
clear,126.3,4,Mucho antes
hot,294.7,8,Ligeramente tarde
hot,11.0,3,Mucho antes
foggy,100.3,7,Mucho antes
cold,150.0,5,Mucho antes
rainy,144.3,8,Mucho tarde
stormy,63.6,5,Mucho antes
cold,231.9,6,Mucho antes
foggy,88.7,6,Mucho antes
rainy,51.5,6,Mucho antes
stormy,257.0,12,Mucho tarde
stormy,240.6,9,Mucho antes
cold,170.4,4,Mucho antes
foggy,67.9,7,Mucho antes
clear,283.9,7,Mucho antes
cold,84.6,4,Mucho antes
clear,145.5,6,Ligeramente tarde
rainy,270.2,12,Mucho antes
cold,228.1,7,Mucho antes
hot,144.6,5,Ligeramente tarde
rainy,136.4,6,Mucho antes
clear,88.1,2,Mucho antes
hot,238.0,6,Mucho antes
stormy,284.0,15,Mucho tarde
cold,258.8,5,Mucho antes
foggy,135.9,7,Mucho antes
rainy,289.3,9,Ligeramente tarde
clear,5.0,1,Mucho antes
cold,96.2,4,Mucho antes
clear,238.2,8,Mucho antes
hot,287.7,5,Mucho antes
stormy,290.3,14,Mucho tarde
hot,153.4,5,Mucho antes
stormy,285.4,13,Mucho tarde
stormy,181.8,13,Mucho antes
hot,221.9,6,Mucho antes
rainy,165.4,11,Mucho tarde
cold,88.1,4,Mucho antes
stormy,55.5,7,Ligeramente antes
rainy,194.0,7,Ligeramente tarde
clear,259.8,10,Mucho antes
hot,184.9,4,Mucho antes
foggy,173.8,6,Mucho antes
hot,129.2,3,Mucho antes
stormy,112.4,10,Mucho antes
cold,278.3,9,Mucho antes
cold,21.6,3,Ligeramente tarde
hot,171.4,5,Mucho antes
rainy,44.0,4,Mucho antes
hot,173.5,4,Mucho antes
clear,106.6,2,Mucho antes
rainy,30.3,6,Mucho antes
clear,18.5,2,Ligeramente antes
cold,239.0,8,Mucho antes
hot,13.9,0,Mucho antes
foggy,292.2,12,Mucho tarde
foggy,97.6,6,Mucho antes
rainy,293.8,10,Ligeramente tarde
clear,121.8,4,Mucho antes
rainy,238.3,10,Ligeramente tarde
hot,53.2,1,Mucho antes
clear,61.6,4,Ligeramente tarde
clear,184.7,5,Mucho antes
rainy,283.8,14,Mucho tarde
stormy,271.5,10,Mucho antes
cold,229.3,9,Mucho antes
stormy,241.7,11,Mucho antes
rainy,297.1,13,Mucho tarde
cold,228.1,6,Mucho antes
foggy,115.3,8,Mucho tarde
foggy,99.0,6,Mucho antes
cold,150.9,4,Mucho antes
hot,281.1,7,Ligeramente antes
stormy,5.7,4,Mucho antes
clear,277.0,9,Ligeramente tarde
rainy,278.6,11,Mucho tarde
stormy,37.7,7,Ligeramente antes
stormy,9.1,8,Mucho tarde
foggy,184.3,6,Mucho antes
foggy,21.2,2,Mucho antes
rainy,220.0,12,Mucho antes
clear,108.8,4,Ligeramente antes
cold,89.0,3,Ligeramente antes
clear,77.7,2,Ligeramente antes
stormy,250.2,8,Mucho antes
stormy,281.8,13,Mucho antes
stormy,28.6,4,Mucho antes
hot,39.3,2,Mucho antes
clear,218.7,4,Mucho antes
foggy,274.9,11,Mucho antes
hot,278.0,11,Mucho antes
stormy,262.8,11,Mucho antes
foggy,119.4,7,Mucho antes
rainy,5.2,5,Mucho tarde
hot,3.6,0,Mucho antes
clear,3.6,1,Ligeramente antes
hot,152.8,4,Mucho antes
hot,87.8,2,Mucho antes
hot,293.2,10,Mucho tarde
stormy,193.7,10,Mucho tarde
foggy,247.3,9,Ligeramente tarde
rainy,271.1,11,Mucho antes
cold,113.6,4,Mucho antes
hot,35.7,1,Mucho antes
foggy,8.6,1,Mucho antes
foggy,242.6,7,Mucho antes
stormy,10.0,4,Mucho antes
rainy,170.5,8,Ligeramente antes
foggy,157.8,7,Mucho antes
stormy,149.9,6,Mucho antes
cold,291.2,5,Mucho antes
cold,30.6,0,Mucho antes
foggy,183.9,4,Ligeramente antes
stormy,54.9,4,Mucho antes
rainy,34.5,7,Mucho antes
rainy,186.1,9,Mucho tarde
cold,129.2,4,Ligeramente antes
clear,18.6,1,Ligeramente antes
rainy,177.3,13,Mucho tarde
stormy,292.3,11,Mucho tarde
cold,4.3,1,Mucho antes
hot,90.5,4,Mucho antes
cold,206.2,4,Mucho antes
clear,248.9,6,Mucho antes
stormy,169.6,9,Mucho antes
foggy,109.7,5,Mucho antes
rainy,47.7,5,Mucho antes
stormy,49.6,6,Mucho antes
clear,283.9,7,Mucho antes
rainy,3.6,3,Mucho antes
rainy,198.8,5,Mucho antes
foggy,171.2,6,Mucho antes
cold,230.5,4,Mucho antes
stormy,40.2,6,Mucho antes
rainy,184.8,9,Mucho antes
cold,184.4,5,Mucho antes
rainy,249.5,8,Ligeramente tarde
cold,297.1,10,Mucho tarde
clear,203.8,6,Ligeramente antes
cold,193.3,5,Mucho antes
stormy,56.5,7,Mucho antes
rainy,142.7,7,Mucho tarde
stormy,227.0,11,Mucho antes
hot,286.4,10,Mucho antes
hot,62.5,3,Ligeramente antes
cold,17.2,2,Mucho antes
cold,230.6,7,Ligeramente antes
rainy,47.7,5,Mucho antes
clear,196.7,3,Mucho antes
hot,73.6,2,Mucho antes
foggy,284.7,7,Mucho antes
stormy,246.4,12,Mucho tarde
stormy,178.4,10,Mucho antes
clear,33.6,1,Ligeramente antes
rainy,177.8,10,Mucho antes
cold,13.6,1,Ligeramente antes
rainy,25.5,3,Mucho antes
foggy,208.9,8,Mucho antes
hot,46.2,1,Mucho antes
rainy,26.1,4,Mucho antes
clear,135.0,3,Mucho antes
foggy,295.4,11,Mucho antes
cold,225.3,4,Mucho antes
stormy,152.9,10,Mucho tarde
hot,51.8,2,Mucho antes
stormy,72.7,4,Ligeramente tarde
rainy,242.3,12,Mucho tarde
cold,19.2,1,Mucho antes
foggy,169.7,7,Ligeramente antes
rainy,271.9,16,Mucho tarde
rainy,136.4,8,Mucho tarde
rainy,279.9,10,Mucho tarde
clear,221.3,5,Mucho antes
cold,210.6,8,Ligeramente tarde
hot,126.3,5,Ligeramente tarde
clear,52.5,2,Mucho antes
hot,71.8,4,Mucho antes
hot,48.0,1,Ligeramente antes
rainy,217.4,10,Mucho antes
rainy,177.3,9,Ligeramente tarde
foggy,179.0,8,Mucho antes
stormy,98.1,8,Ligeramente antes
foggy,73.5,5,Ligeramente tarde
rainy,229.7,11,Mucho tarde
clear,70.7,1,Mucho antes
cold,34.0,3,Ligeramente tarde
rainy,143.6,6,Mucho antes
hot,216.6,6,Mucho antes
rainy,6.1,2,Mucho antes
cold,78.5,2,Mucho antes
cold,200.7,4,Mucho antes
rainy,123.2,6,Mucho antes
clear,3.6,1,Mucho antes
hot,211.6,4,Mucho antes
rainy,62.5,5,Mucho antes
stormy,82.7,8,Ligeramente antes
foggy,149.4,8,Mucho tarde
foggy,273.4,14,Mucho tarde
clear,130.7,5,Mucho antes
clear,21.9,1,Ligeramente antes
rainy,133.2,7,Ligeramente antes
stormy,110.5,8,Mucho antes
cold,35.8,2,Ligeramente antes
rainy,46.9,8,Ligeramente antes
cold,180.3,6,Mucho antes
stormy,294.3,12,Mucho tarde
clear,265.5,5,Mucho antes
stormy,249.4,7,Mucho antes
rainy,73.9,7,Mucho antes
stormy,175.4,11,Mucho antes
cold,43.8,1,Ligeramente antes
cold,130.1,2,Mucho antes
foggy,220.7,8,Mucho antes
rainy,65.9,5,Mucho antes
foggy,257.6,8,Ligeramente antes
stormy,220.9,12,Mucho tarde
rainy,200.1,9,Mucho antes
cold,265.6,11,Mucho antes
stormy,82.9,6,Mucho antes
rainy,283.3,9,Ligeramente tarde
clear,118.3,3,Mucho antes
stormy,120.7,7,Mucho antes
stormy,246.7,10,Ligeramente tarde
rainy,257.7,9,Mucho antes
cold,215.2,8,Mucho antes
stormy,118.3,5,Ligeramente tarde
foggy,267.4,8,Mucho antes
rainy,235.6,10,Mucho antes
hot,132.0,5,Mucho antes
cold,116.1,5,Ligeramente tarde
stormy,155.1,9,Mucho antes
cold,264.8,8,Mucho antes
foggy,248.7,9,Ligeramente tarde
clear,13.9,2,Ligeramente antes
cold,206.0,7,Mucho antes
hot,149.5,6,Mucho antes
cold,43.7,2,Mucho antes
hot,3.8,0,Mucho antes
rainy,127.6,8,Mucho antes
hot,71.5,3,Mucho antes
cold,75.0,4,Mucho antes
foggy,186.1,11,Mucho antes
cold,150.4,3,Mucho antes
foggy,63.8,5,Ligeramente tarde
rainy,269.2,10,Mucho antes
foggy,151.3,5,Mucho antes
foggy,33.2,5,Mucho antes
cold,59.3,3,Mucho antes
clear,291.2,7,Ligeramente antes
clear,143.5,4,Mucho antes
clear,222.4,6,Mucho antes
stormy,297.1,14,Mucho tarde
clear,99.5,5,Mucho antes
cold,10.0,1,Mucho antes
rainy,179.3,6,Mucho antes
foggy,8.0,3,Mucho antes
cold,118.4,7,Ligeramente antes
stormy,59.2,9,Mucho antes
rainy,259.8,12,Mucho tarde
cold,25.3,2,Mucho antes
hot,262.7,7,Ligeramente antes
clear,127.6,4,Mucho antes
cold,142.1,5,Mucho antes
clear,8.1,3,Ligeramente tarde
stormy,216.1,13,Mucho antes
clear,211.2,7,Ligeramente antes
cold,198.8,4,Ligeramente antes
hot,53.3,1,Mucho antes
foggy,132.2,7,Ligeramente antes
rainy,247.9,8,Mucho antes
rainy,3.6,3,Mucho antes
cold,227.7,6,Ligeramente antes
hot,225.7,9,Mucho antes
clear,281.1,9,Ligeramente tarde
stormy,171.4,11,Mucho antes
cold,97.4,4,Mucho antes
stormy,20.6,5,Mucho antes
rainy,258.1,11,Mucho tarde
rainy,164.2,5,Mucho antes
cold,93.7,4,Mucho antes
foggy,255.3,6,Mucho antes
rainy,212.0,7,Mucho antes
foggy,27.6,4,Ligeramente tarde
rainy,194.5,13,Mucho antes
cold,251.9,7,Mucho antes
clear,77.2,5,Ligeramente tarde
cold,66.3,3,Mucho antes
stormy,284.8,16,Ligeramente antes
clear,214.0,7,Ligeramente tarde
stormy,266.2,8,Ligeramente tarde
hot,108.5,2,Mucho antes
cold,275.9,6,Mucho antes
rainy,177.8,9,Mucho tarde
stormy,168.0,8,Mucho antes
hot,79.3,2,Ligeramente antes
hot,8.4,2,Mucho antes
rainy,158.5,6,Mucho antes
clear,294.1,7,Mucho antes
foggy,118.3,7,Ligeramente antes
rainy,281.9,12,Mucho tarde
foggy,20.8,3,Mucho antes
hot,68.2,3,Mucho antes
hot,85.8,3,Mucho antes
rainy,111.6,5,Mucho antes
foggy,167.3,6,Mucho antes
rainy,251.6,8,Mucho antes
cold,171.7,4,Mucho antes
cold,38.4,1,Mucho antes
clear,11.4,2,Mucho antes
stormy,208.6,7,Mucho antes
rainy,214.9,10,Mucho antes
cold,3.6,0,Mucho antes
rainy,26.9,5,Mucho antes
rainy,265.0,11,Mucho tarde
rainy,177.0,9,Ligeramente tarde
foggy,139.8,6,Mucho antes
stormy,28.4,9,Mucho antes
foggy,85.0,4,Ligeramente tarde
foggy,216.2,5,Mucho antes
cold,171.5,6,Mucho antes
foggy,163.4,8,Mucho tarde
hot,238.9,6,Mucho antes
cold,219.1,4,Mucho antes
cold,86.1,2,Mucho antes
hot,277.2,6,Mucho antes
clear,181.0,6,Mucho antes
foggy,39.6,5,Mucho antes
foggy,154.0,7,Mucho antes
hot,127.7,4,Mucho antes
clear,241.8,9,Ligeramente tarde
clear,279.0,7,Mucho antes
stormy,65.4,5,Mucho antes
rainy,217.3,5,Mucho antes
hot,162.1,5,Mucho antes
cold,270.7,7,Ligeramente antes
clear,23.4,1,Ligeramente antes
cold,212.9,8,Mucho antes
stormy,290.7,11,Mucho tarde
cold,173.3,6,Mucho antes
hot,92.6,2,Mucho antes
stormy,198.5,9,Mucho tarde
stormy,7.9,7,Mucho antes
hot,166.5,6,Mucho antes
clear,117.6,4,Mucho antes
clear,35.3,2,Mucho antes
rainy,273.3,9,Mucho antes
foggy,143.4,7,Ligeramente antes
stormy,264.0,7,Ligeramente antes
stormy,78.2,6,Mucho antes
cold,94.6,2,Ligeramente antes
stormy,295.5,14,Mucho antes
foggy,166.3,7,Mucho antes
rainy,113.4,5,Mucho antes
cold,225.3,7,Ligeramente antes
stormy,18.0,7,Mucho antes
foggy,230.8,8,Mucho antes
rainy,46.1,8,Mucho antes
stormy,6.9,4,Mucho antes
hot,297.1,6,Mucho antes
clear,61.3,3,Mucho antes
foggy,269.6,11,Mucho tarde
hot,151.6,6,Mucho antes
stormy,50.1,8,Mucho tarde
clear,156.8,5,Mucho antes
cold,59.0,2,Mucho antes
rainy,23.5,3,Ligeramente tarde
cold,92.6,3,Ligeramente antes
rainy,145.8,8,Mucho antes
hot,200.0,6,Ligeramente antes
rainy,102.8,9,Mucho tarde
foggy,88.7,6,Mucho tarde
foggy,133.7,8,Ligeramente antes
foggy,134.7,5,Mucho antes
hot,248.4,6,Mucho antes
stormy,32.2,5,Mucho tarde
clear,27.7,1,Mucho antes
hot,155.9,6,Ligeramente tarde
clear,176.2,5,Mucho antes
hot,89.2,3,Mucho antes
hot,65.1,1,Mucho antes
rainy,258.1,8,Mucho antes
rainy,63.7,6,Mucho antes
foggy,194.7,6,Mucho antes
hot,212.1,8,Ligeramente antes
hot,175.3,5,Ligeramente antes
stormy,120.5,8,Mucho antes
clear,247.0,7,Mucho antes
cold,131.4,3,Mucho antes
clear,27.5,1,Mucho antes
stormy,3.6,6,Mucho antes
hot,276.4,8,Ligeramente antes
hot,248.3,6,Mucho antes
cold,264.4,7,Mucho antes
clear,77.2,4,Mucho antes
rainy,80.8,9,Mucho antes
rainy,178.4,13,Mucho tarde
cold,269.1,6,Mucho antes
cold,267.4,7,Mucho antes
cold,98.2,3,Mucho antes
hot,260.1,7,Ligeramente antes
clear,116.9,5,Ligeramente tarde
foggy,54.8,4,Mucho antes
clear,47.0,1,Ligeramente antes
clear,175.4,3,Mucho antes
foggy,23.3,4,Ligeramente tarde
hot,168.7,5,Ligeramente antes
hot,7.2,0,Mucho antes
stormy,69.0,9,Ligeramente tarde
foggy,266.0,8,Mucho antes
cold,271.6,8,Mucho antes
hot,207.2,5,Mucho antes
hot,29.4,2,Ligeramente antes
clear,273.1,7,Mucho antes
clear,79.2,5,Mucho antes
rainy,24.4,7,Mucho antes
cold,105.2,4,Mucho antes
hot,49.3,1,Mucho antes
rainy,212.0,9,Mucho antes
stormy,98.2,7,Ligeramente antes
clear,179.7,5,Mucho antes
foggy,289.7,8,Ligeramente tarde
stormy,133.2,12,Mucho antes
cold,94.9,4,Mucho antes
hot,178.4,4,Mucho antes
clear,183.8,6,Mucho antes
clear,169.8,3,Mucho antes
foggy,31.9,1,Mucho antes
cold,6.6,2,Mucho antes
cold,259.6,9,Ligeramente tarde
clear,58.5,4,Ligeramente tarde
cold,12.8,1,Mucho antes
clear,173.0,6,Mucho antes
foggy,47.0,3,Mucho antes
clear,287.6,9,Mucho antes
foggy,206.2,7,Mucho antes
hot,297.1,10,Mucho antes
clear,245.3,6,Mucho antes
cold,96.3,3,Mucho antes
rainy,206.3,11,Mucho tarde
hot,129.1,6,Mucho antes
clear,71.7,3,Mucho antes
rainy,163.9,5,Ligeramente antes
stormy,280.6,15,Mucho tarde
clear,3.6,0,Mucho antes
cold,276.9,6,Mucho antes
hot,76.9,2,Ligeramente antes
clear,26.4,2,Mucho antes
rainy,297.1,8,Mucho antes
cold,33.6,2,Mucho antes
hot,290.6,6,Mucho antes
foggy,181.0,5,Mucho antes
rainy,256.7,11,Mucho tarde
clear,190.6,9,Mucho tarde
cold,11.2,1,Mucho antes
clear,228.2,6,Mucho antes
clear,220.4,4,Mucho antes
foggy,52.3,4,Mucho antes
foggy,27.7,3,Mucho antes
rainy,114.9,8,Mucho tarde
rainy,8.2,4,Ligeramente tarde
hot,3.6,1,Mucho antes
stormy,250.2,12,Mucho tarde
rainy,245.4,8,Mucho antes
foggy,140.1,8,Mucho tarde
hot,136.3,5,Mucho antes
cold,112.8,4,Mucho antes
rainy,45.3,3,Mucho antes
rainy,193.7,11,Mucho antes
stormy,100.3,8,Ligeramente antes
foggy,88.3,5,Ligeramente tarde
stormy,24.7,7,Mucho tarde
foggy,163.2,6,Mucho antes
hot,294.1,13,Mucho antes
clear,276.1,5,Mucho antes
stormy,57.4,6,Mucho antes
cold,139.8,6,Mucho antes
stormy,141.7,8,Ligeramente antes
rainy,110.9,6,Mucho antes
cold,74.4,4,Mucho antes
clear,223.3,6,Mucho antes
cold,113.6,4,Mucho antes
stormy,235.4,9,Mucho antes
cold,23.3,2,Mucho antes
clear,269.2,6,Mucho antes
rainy,227.5,10,Mucho antes
hot,99.9,2,Mucho antes
hot,217.4,6,Mucho antes
stormy,174.6,8,Mucho tarde
stormy,82.4,8,Mucho antes
cold,106.6,4,Mucho antes
cold,171.1,4,Mucho antes
rainy,151.3,9,Mucho antes
stormy,67.2,7,Mucho tarde
stormy,255.5,11,Mucho tarde
rainy,282.6,10,Mucho antes
rainy,203.2,8,Ligeramente tarde
rainy,182.3,9,Mucho antes
hot,216.3,5,Ligeramente antes
foggy,67.5,5,Mucho antes
stormy,83.2,8,Ligeramente antes
stormy,7.0,5,Mucho antes
clear,18.6,1,Mucho antes
foggy,84.6,4,Mucho antes
foggy,38.8,2,Ligeramente antes
cold,117.1,4,Ligeramente antes
clear,89.8,3,Mucho antes
cold,254.7,6,Mucho antes
cold,297.1,6,Mucho antes
hot,79.3,2,Mucho antes
cold,56.2,1,Mucho antes
foggy,74.7,4,Ligeramente tarde
rainy,23.3,4,Mucho antes
hot,160.6,6,Ligeramente tarde
clear,252.7,7,Mucho antes
cold,96.3,4,Mucho antes
stormy,227.9,9,Mucho antes
stormy,275.6,13,Mucho antes
stormy,6.2,3,Ligeramente tarde
stormy,175.9,8,Mucho antes
cold,82.3,4,Mucho antes
rainy,183.2,8,Mucho tarde
foggy,13.8,2,Ligeramente antes
foggy,4.3,4,Mucho antes
rainy,26.3,5,Mucho tarde
hot,232.2,5,Ligeramente antes
foggy,111.6,4,Mucho antes
cold,258.3,6,Mucho antes
rainy,72.6,3,Mucho antes
hot,75.6,2,Mucho antes
hot,45.8,1,Ligeramente antes
foggy,266.8,8,Ligeramente antes
stormy,227.7,11,Mucho antes
hot,15.4,2,Mucho antes
rainy,234.2,11,Mucho antes
foggy,237.8,6,Mucho antes
foggy,25.2,2,Mucho antes
foggy,34.9,5,Mucho antes
foggy,201.2,8,Ligeramente tarde
foggy,62.1,3,Ligeramente antes
cold,8.0,0,Mucho antes
hot,215.7,5,Mucho antes
foggy,210.8,6,Mucho antes
cold,26.0,0,Mucho antes
foggy,51.1,5,Mucho antes
rainy,59.6,5,Mucho antes
stormy,202.3,13,Mucho tarde
rainy,88.4,8,Mucho antes
clear,87.8,4,Mucho antes
stormy,142.5,9,Mucho antes
rainy,85.9,8,Ligeramente antes
cold,191.2,7,Mucho antes
foggy,11.4,1,Ligeramente antes
clear,178.5,4,Ligeramente antes
stormy,45.2,8,Mucho antes
foggy,9.2,5,Mucho tarde
rainy,106.2,9,Mucho antes
clear,252.3,8,Mucho antes
rainy,66.5,7,Mucho antes
stormy,56.2,8,Mucho antes
foggy,159.7,7,Ligeramente tarde
rainy,171.1,10,Ligeramente tarde
stormy,178.0,9,Ligeramente tarde
foggy,187.6,5,Mucho antes
foggy,174.1,12,Mucho tarde
rainy,45.4,6,Mucho antes
foggy,153.2,6,Mucho antes
foggy,64.8,5,Mucho antes
clear,150.0,5,Mucho antes
hot,40.1,1,Mucho antes
foggy,171.0,8,Ligeramente antes
clear,234.2,7,Mucho antes
rainy,270.6,10,Mucho antes
stormy,258.6,10,Ligeramente tarde
stormy,54.7,5,Mucho antes
rainy,135.8,6,Mucho antes
stormy,3.6,5,Mucho antes
hot,114.3,5,Mucho antes
stormy,160.9,8,Mucho antes
clear,220.7,6,Mucho antes
hot,83.6,4,Mucho antes
hot,122.8,6,Mucho antes
rainy,260.0,11,Mucho antes
hot,197.3,5,Mucho antes
foggy,169.4,5,Ligeramente antes
clear,149.6,7,Mucho tarde
cold,154.2,3,Mucho antes
cold,91.0,2,Mucho antes
hot,20.3,1,Ligeramente antes
clear,174.2,5,Mucho antes
cold,262.3,8,Mucho antes
clear,297.1,8,Mucho antes
foggy,29.5,4,Mucho antes
rainy,61.7,5,Mucho antes
stormy,211.7,8,Mucho antes
rainy,167.4,7,Ligeramente tarde
foggy,261.1,15,Mucho antes
cold,108.6,3,Mucho antes
stormy,173.3,11,Mucho antes
foggy,272.5,7,Mucho antes
rainy,200.5,9,Mucho antes
clear,67.2,2,Ligeramente antes
cold,232.6,9,Mucho antes
stormy,44.8,4,Mucho antes
cold,32.7,3,Mucho antes
hot,102.5,5,Mucho antes
clear,147.8,5,Mucho antes
cold,206.3,3,Mucho antes
hot,236.9,5,Ligeramente antes
stormy,192.8,10,Ligeramente tarde
stormy,225.1,12,Mucho antes
clear,297.1,7,Ligeramente antes
stormy,9.1,5,Mucho antes
clear,258.5,7,Ligeramente antes
hot,167.3,6,Ligeramente tarde
cold,117.6,3,Ligeramente antes
foggy,52.2,1,Mucho antes
hot,297.1,10,Ligeramente tarde
stormy,183.5,7,Mucho antes
clear,186.7,7,Mucho antes
foggy,47.2,3,Mucho antes
hot,246.7,7,Mucho antes
cold,147.4,4,Mucho antes
clear,34.9,3,Ligeramente tarde
stormy,21.6,6,Mucho antes
foggy,294.7,12,Mucho antes
rainy,5.2,2,Mucho antes
clear,261.2,8,Ligeramente antes
foggy,38.5,5,Mucho tarde
cold,208.3,7,Mucho antes
cold,65.5,3,Mucho antes
foggy,161.7,5,Ligeramente antes
cold,10.4,0,Mucho antes
clear,253.5,7,Mucho antes
hot,77.4,3,Ligeramente antes
hot,234.1,11,Mucho antes
foggy,262.7,12,Mucho antes
foggy,142.3,7,Mucho tarde
rainy,288.7,15,Mucho tarde
stormy,193.7,11,Mucho antes
hot,61.0,2,Mucho antes
cold,131.4,2,Mucho antes
foggy,87.2,5,Mucho antes
rainy,222.2,13,Mucho antes
hot,245.0,9,Mucho antes
stormy,34.5,5,Mucho antes
hot,64.0,1,Mucho antes
clear,13.2,1,Ligeramente antes
foggy,208.6,9,Mucho antes
cold,190.3,6,Ligeramente tarde
clear,71.2,4,Mucho antes
rainy,192.5,9,Mucho antes
stormy,131.8,7,Ligeramente antes
foggy,209.4,5,Mucho antes
stormy,245.4,14,Mucho antes
hot,55.7,3,Ligeramente antes
stormy,195.7,9,Ligeramente tarde
cold,178.8,6,Mucho antes
stormy,120.9,8,Mucho tarde
foggy,108.4,5,Mucho antes
stormy,290.3,13,Mucho antes
clear,15.6,2,Ligeramente antes
hot,198.9,6,Mucho antes
stormy,261.2,10,Mucho antes
stormy,275.8,15,Mucho tarde
clear,214.2,7,Ligeramente tarde
clear,121.0,3,Mucho antes
foggy,17.4,3,Mucho antes
clear,198.2,5,Mucho antes
foggy,230.2,11,Mucho tarde
cold,94.1,5,Mucho antes
foggy,137.1,7,Mucho tarde
hot,48.8,4,Mucho antes
foggy,54.9,2,Mucho antes
foggy,233.4,7,Mucho antes
hot,76.9,2,Mucho antes
cold,186.4,3,Mucho antes
rainy,101.9,10,Mucho antes
cold,145.8,7,Mucho tarde
stormy,180.1,11,Mucho tarde
rainy,236.1,15,Ligeramente antes
rainy,93.7,6,Mucho tarde
clear,48.2,4,Mucho antes
stormy,119.9,10,Mucho antes
clear,224.0,6,Mucho antes
foggy,46.6,4,Mucho antes
clear,12.5,2,Mucho antes
rainy,58.9,5,Mucho antes
foggy,296.7,8,Ligeramente antes
stormy,78.5,7,Mucho antes
hot,217.6,7,Mucho antes
rainy,297.1,13,Mucho tarde
rainy,127.5,6,Mucho antes
foggy,90.8,7,Mucho antes
foggy,162.3,11,Mucho tarde
foggy,272.3,11,Mucho tarde
clear,84.6,3,Mucho antes
cold,224.6,5,Mucho antes
rainy,119.5,6,Mucho antes
hot,118.1,5,Ligeramente tarde
stormy,43.7,5,Mucho antes
stormy,168.6,12,Mucho antes
cold,20.3,1,Mucho antes
clear,195.7,5,Ligeramente antes
foggy,265.4,9,Mucho antes
rainy,86.3,7,Mucho antes
cold,139.4,5,Mucho antes
clear,122.4,4,Mucho antes
rainy,218.4,10,Mucho antes
stormy,245.8,12,Mucho tarde
clear,110.8,4,Mucho antes
clear,205.2,7,Ligeramente antes
cold,20.1,0,Mucho antes
clear,174.4,6,Mucho antes
rainy,149.5,7,Ligeramente antes
foggy,14.2,3,Mucho antes
foggy,258.8,8,Mucho antes
hot,131.4,4,Mucho antes
rainy,246.3,11,Mucho antes
foggy,130.9,8,Ligeramente antes
stormy,98.4,8,Mucho tarde
clear,138.4,4,Ligeramente antes
foggy,96.1,5,Mucho antes
stormy,45.0,8,Ligeramente antes
rainy,168.1,8,Mucho tarde
foggy,15.1,3,Mucho antes
stormy,5.5,5,Mucho antes
cold,145.8,6,Ligeramente tarde
stormy,205.0,7,Ligeramente antes
clear,267.2,7,Ligeramente antes
hot,83.3,3,Mucho antes
hot,163.9,4,Mucho antes
foggy,276.1,10,Ligeramente tarde
hot,28.5,2,Mucho antes
clear,96.0,3,Mucho antes
cold,53.1,3,Mucho antes
clear,187.8,7,Ligeramente tarde
cold,295.7,6,Mucho antes
rainy,196.6,11,Mucho antes
foggy,265.6,12,Mucho tarde
rainy,210.8,9,Ligeramente tarde
hot,188.8,5,Mucho antes
stormy,101.0,7,Ligeramente antes
foggy,215.2,7,Mucho antes
hot,32.5,3,Mucho antes
cold,8.4,1,Mucho antes
foggy,204.8,5,Mucho antes
hot,272.5,7,Mucho antes
cold,213.8,7,Mucho antes
clear,67.9,3,Mucho antes
rainy,252.0,8,Ligeramente tarde
rainy,158.2,7,Ligeramente antes
stormy,51.3,7,Mucho antes
cold,187.4,5,Ligeramente antes
cold,37.1,2,Mucho antes
stormy,71.2,8,Ligeramente antes
cold,220.8,5,Mucho antes
hot,289.6,10,Mucho tarde
hot,106.0,4,Mucho antes
cold,59.5,2,Mucho antes
hot,46.2,3,Mucho antes
clear,170.0,6,Mucho antes
stormy,4.5,6,Mucho antes
clear,217.5,6,Mucho antes
clear,180.7,5,Ligeramente antes
cold,207.1,6,Mucho antes
hot,108.3,3,Mucho antes
stormy,32.7,4,Ligeramente tarde
cold,289.7,7,Mucho antes
hot,250.4,9,Mucho antes
stormy,163.4,10,Mucho antes
foggy,55.7,5,Ligeramente tarde
rainy,288.7,12,Mucho antes
rainy,95.2,5,Mucho antes
foggy,266.4,12,Mucho antes
clear,66.2,2,Ligeramente antes
clear,86.8,3,Mucho antes
rainy,101.4,6,Ligeramente tarde
foggy,123.4,7,Ligeramente antes
clear,272.0,11,Mucho tarde
rainy,280.4,13,Mucho antes
cold,24.1,0,Mucho antes
stormy,252.3,15,Mucho antes
cold,118.4,3,Mucho antes
rainy,180.9,10,Ligeramente tarde
hot,47.9,2,Mucho antes
clear,35.8,3,Mucho antes
clear,142.4,3,Ligeramente antes
clear,209.0,10,Ligeramente tarde
stormy,274.9,12,Mucho antes
clear,295.9,8,Mucho antes
rainy,248.2,9,Mucho antes
hot,246.6,5,Mucho antes
clear,37.5,3,Mucho antes
cold,128.2,4,Ligeramente antes
clear,213.2,7,Mucho antes
hot,157.2,6,Mucho antes
hot,67.7,4,Mucho antes
cold,62.3,3,Mucho antes
foggy,163.7,9,Mucho antes
clear,261.8,7,Ligeramente antes
stormy,84.1,6,Mucho antes
cold,82.9,2,Mucho antes
hot,284.7,7,Ligeramente antes
stormy,83.8,6,Mucho antes
foggy,27.6,2,Mucho antes
rainy,121.8,8,Mucho tarde
clear,214.9,3,Mucho antes
clear,297.1,6,Ligeramente antes
cold,108.0,3,Ligeramente antes
cold,4.9,2,Mucho antes
stormy,112.3,8,Mucho tarde
foggy,166.4,7,Mucho antes
rainy,68.7,5,Mucho antes
cold,189.4,3,Mucho antes
hot,56.2,3,Mucho antes
clear,291.3,7,Mucho antes
foggy,47.7,4,Ligeramente tarde
foggy,218.3,5,Ligeramente antes
hot,225.1,6,Mucho antes
hot,165.3,4,Mucho antes
hot,80.1,2,Mucho antes
hot,123.3,4,Ligeramente antes
rainy,225.8,8,Ligeramente antes
foggy,120.3,6,Mucho antes
hot,124.6,4,Mucho antes
rainy,160.0,8,Ligeramente antes
stormy,190.4,9,Ligeramente tarde
hot,243.8,7,Ligeramente tarde
hot,270.1,6,Ligeramente antes
foggy,9.3,3,Mucho antes
foggy,236.9,6,Mucho antes
stormy,202.5,8,Ligeramente tarde
clear,283.6,6,Mucho antes
hot,108.1,4,Mucho antes
clear,274.4,8,Mucho antes
hot,34.2,3,Mucho antes
hot,121.0,6,Mucho antes
stormy,127.4,9,Mucho antes
rainy,18.8,3,Mucho antes
foggy,112.8,6,Ligeramente tarde
stormy,92.7,9,Mucho antes
cold,252.6,6,Mucho antes
cold,162.6,4,Mucho antes
clear,21.2,3,Mucho antes
cold,130.0,5,Ligeramente tarde
hot,84.5,5,Mucho antes
cold,60.2,2,Mucho antes
foggy,141.2,7,Mucho tarde
hot,97.0,3,Mucho antes
clear,142.8,5,Ligeramente tarde
stormy,136.4,7,Mucho antes
foggy,77.7,7,Mucho antes
rainy,57.6,5,Mucho antes
rainy,188.6,5,Ligeramente antes
clear,190.9,6,Ligeramente tarde
stormy,67.8,6,Mucho antes
rainy,35.2,6,Mucho antes
clear,231.3,5,Mucho antes
rainy,233.8,12,Mucho tarde
hot,162.9,5,Mucho antes
stormy,162.9,11,Mucho antes
rainy,42.7,3,Mucho antes
stormy,253.9,12,Mucho tarde
rainy,110.8,6,Mucho antes
cold,69.0,2,Ligeramente antes
clear,128.7,5,Ligeramente tarde
foggy,44.1,5,Mucho antes
stormy,80.0,6,Mucho tarde
cold,122.9,7,Mucho antes
clear,67.9,1,Mucho antes
hot,77.9,3,Mucho antes
rainy,148.9,7,Mucho tarde
hot,214.0,5,Ligeramente antes
clear,141.7,5,Ligeramente tarde
rainy,297.1,12,Mucho antes
cold,27.7,1,Mucho antes
stormy,154.0,8,Mucho tarde
clear,121.4,4,Mucho antes
stormy,59.2,5,Ligeramente tarde
hot,8.2,3,Ligeramente tarde
hot,6.0,0,Mucho antes
rainy,210.7,6,Mucho antes
stormy,178.7,10,Mucho antes
clear,187.8,6,Mucho antes
cold,78.5,1,Mucho antes
rainy,178.8,6,Ligeramente tarde
rainy,99.2,7,Ligeramente antes
hot,281.4,6,Mucho antes
clear,9.5,1,Mucho antes
clear,291.2,7,Ligeramente antes
hot,294.0,8,Mucho antes
clear,289.6,10,Ligeramente tarde
cold,257.9,6,Mucho antes
hot,107.5,4,Mucho antes
rainy,266.2,11,Mucho tarde
clear,75.1,2,Mucho antes
clear,103.3,4,Mucho antes
stormy,297.1,9,Mucho antes
stormy,72.2,8,Mucho antes
foggy,92.5,5,Mucho antes
hot,231.6,7,Ligeramente antes
stormy,240.0,13,Mucho tarde
stormy,104.0,8,Mucho antes
clear,246.7,7,Ligeramente antes
rainy,163.6,10,Mucho antes
rainy,193.8,8,Mucho antes
foggy,263.3,9,Mucho antes
rainy,127.5,10,Mucho tarde
rainy,41.4,6,Mucho antes
clear,259.0,6,Mucho antes
rainy,172.5,8,Ligeramente antes
cold,283.0,11,Mucho antes
stormy,181.2,12,Mucho antes
cold,30.7,1,Mucho antes
clear,94.0,3,Mucho antes
foggy,236.1,8,Mucho antes
hot,87.8,3,Mucho antes
hot,249.8,9,Ligeramente tarde
hot,275.6,8,Mucho antes
foggy,133.0,6,Mucho antes
cold,245.8,10,Mucho tarde
rainy,73.3,5,Mucho antes
cold,126.7,5,Mucho antes
cold,227.9,7,Ligeramente tarde
rainy,54.6,5,Mucho antes
hot,101.4,3,Mucho antes
rainy,95.3,5,Mucho antes
cold,286.5,7,Ligeramente antes
foggy,149.0,5,Mucho antes
foggy,95.9,5,Mucho antes
hot,95.2,4,Mucho antes
rainy,114.1,5,Mucho antes
clear,85.8,3,Mucho antes
cold,91.0,3,Mucho antes
cold,128.6,4,Ligeramente antes
clear,207.0,5,Ligeramente antes
hot,73.0,2,Mucho antes
clear,174.6,3,Mucho antes
cold,223.4,5,Mucho antes
rainy,59.9,8,Mucho antes
hot,213.3,7,Mucho antes
rainy,188.5,7,Mucho antes
cold,93.8,4,Ligeramente tarde
rainy,178.2,8,Mucho antes
hot,297.1,13,Mucho tarde
cold,154.8,5,Mucho antes
foggy,248.3,7,Mucho antes
clear,210.0,4,Mucho antes
hot,230.8,6,Mucho antes
clear,27.4,3,Mucho antes
cold,271.6,8,Mucho antes
foggy,51.1,3,Mucho antes
cold,94.4,3,Mucho antes
clear,205.0,8,Ligeramente tarde
cold,100.9,2,Mucho antes
clear,135.8,7,Ligeramente antes
hot,117.4,5,Ligeramente tarde
foggy,271.1,14,Mucho tarde
stormy,96.8,8,Ligeramente antes
rainy,53.5,4,Mucho antes
stormy,41.8,9,Mucho tarde
stormy,25.2,6,Mucho tarde
rainy,273.9,11,Mucho antes
hot,222.9,8,Ligeramente antes
foggy,182.5,6,Mucho antes
foggy,232.1,5,Mucho antes
clear,177.2,5,Mucho antes
clear,265.6,11,Mucho antes
clear,78.5,3,Ligeramente antes
stormy,190.8,9,Mucho antes
clear,244.9,9,Mucho antes
clear,15.5,0,Mucho antes
foggy,46.3,4,Mucho antes
hot,241.8,5,Ligeramente antes
clear,9.6,1,Mucho antes
stormy,244.0,11,Mucho antes
cold,174.7,7,Ligeramente tarde
cold,176.2,4,Mucho antes
cold,169.3,4,Mucho antes
cold,233.5,7,Ligeramente tarde
hot,208.5,4,Mucho antes
hot,73.5,2,Ligeramente antes
stormy,234.1,15,Mucho tarde
hot,208.5,7,Mucho antes
cold,255.2,7,Ligeramente antes
rainy,251.6,8,Ligeramente antes
rainy,99.7,6,Mucho tarde
stormy,168.2,10,Mucho tarde
stormy,226.4,11,Mucho tarde
cold,109.0,3,Ligeramente antes
hot,294.8,10,Mucho tarde
rainy,183.2,10,Ligeramente tarde
hot,262.5,7,Mucho antes
clear,194.1,5,Mucho antes
cold,19.1,1,Mucho antes
foggy,227.1,10,Mucho antes
rainy,71.8,6,Mucho tarde
foggy,234.5,11,Mucho antes
hot,74.5,3,Mucho antes
cold,35.1,4,Ligeramente tarde
clear,210.1,5,Ligeramente antes
hot,121.8,4,Ligeramente antes
stormy,6.2,5,Mucho antes
rainy,272.2,12,Mucho tarde
clear,167.8,5,Ligeramente antes
foggy,179.2,7,Ligeramente antes
foggy,114.3,7,Mucho tarde
hot,108.0,4,Mucho antes
stormy,46.7,5,Mucho tarde
hot,26.0,1,Ligeramente antes
hot,155.8,4,Ligeramente antes
rainy,198.6,11,Mucho tarde
foggy,170.4,9,Mucho tarde
hot,295.1,7,Ligeramente antes
cold,218.3,8,Ligeramente antes
foggy,258.0,11,Mucho antes
stormy,9.2,7,Mucho antes
rainy,21.0,5,Mucho antes
clear,35.9,1,Ligeramente antes
rainy,197.0,8,Ligeramente antes
rainy,273.5,8,Ligeramente antes
stormy,61.4,7,Mucho antes
cold,260.9,7,Ligeramente antes
stormy,64.4,8,Mucho antes
cold,203.3,3,Mucho antes
foggy,16.6,2,Mucho antes
hot,99.2,3,Mucho antes
clear,155.4,6,Ligeramente tarde
hot,174.7,6,Ligeramente tarde
foggy,97.7,6,Mucho antes
stormy,136.2,6,Ligeramente tarde
rainy,26.5,6,Mucho antes
stormy,116.6,4,Mucho antes
hot,109.4,4,Mucho antes
cold,10.5,1,Mucho antes
clear,164.6,5,Ligeramente antes
foggy,289.2,8,Ligeramente antes
stormy,161.0,10,Mucho tarde
hot,14.5,2,Ligeramente antes
clear,21.7,1,Mucho antes
hot,233.8,8,Mucho antes
clear,185.8,6,Mucho antes
foggy,189.8,7,Ligeramente antes
rainy,251.0,13,Mucho tarde
foggy,44.7,4,Ligeramente tarde
foggy,297.1,12,Mucho tarde
rainy,190.3,7,Ligeramente antes
hot,294.3,5,Mucho antes
cold,171.1,7,Ligeramente antes
cold,247.4,7,Mucho antes
clear,164.7,5,Mucho antes
stormy,72.3,9,Mucho tarde
rainy,273.7,13,Mucho antes
cold,146.3,4,Mucho antes
hot,93.5,2,Mucho antes
cold,260.5,5,Mucho antes
foggy,132.2,4,Ligeramente antes
clear,94.7,3,Mucho antes
hot,230.6,7,Ligeramente antes
stormy,108.9,9,Mucho antes
hot,109.9,2,Mucho antes
foggy,260.7,11,Mucho tarde
stormy,222.3,10,Ligeramente tarde
clear,67.7,2,Ligeramente antes
foggy,29.4,4,Mucho antes
stormy,129.3,7,Mucho antes
hot,148.7,2,Mucho antes
foggy,66.1,6,Mucho tarde
clear,297.1,11,Mucho tarde
foggy,86.7,5,Mucho antes
hot,44.5,1,Mucho antes
clear,36.0,1,Mucho antes
stormy,35.3,7,Ligeramente antes
cold,94.2,1,Mucho antes
cold,51.3,3,Mucho antes
rainy,198.8,11,Mucho antes
hot,194.1,5,Mucho antes
rainy,33.9,4,Mucho antes
stormy,248.7,8,Mucho antes
hot,228.1,10,Mucho antes
hot,122.7,4,Mucho antes
foggy,107.1,4,Mucho antes
rainy,58.5,7,Mucho antes
cold,133.5,6,Mucho antes
foggy,138.5,5,Mucho antes
foggy,120.6,7,Mucho antes
stormy,46.7,7,Mucho antes
clear,37.5,1,Ligeramente antes
hot,254.7,7,Mucho antes
cold,45.7,3,Mucho antes
rainy,259.1,12,Mucho tarde
hot,191.0,5,Ligeramente antes
hot,203.2,4,Mucho antes
foggy,113.8,5,Ligeramente tarde
rainy,45.2,6,Mucho antes
foggy,129.4,8,Mucho antes
rainy,185.4,7,Ligeramente antes
foggy,149.6,6,Ligeramente tarde
foggy,265.6,8,Ligeramente tarde
foggy,36.7,6,Mucho tarde
rainy,219.1,9,Mucho antes
cold,161.1,6,Mucho antes
foggy,180.1,6,Mucho antes
stormy,54.2,8,Ligeramente antes
stormy,195.5,8,Ligeramente antes
foggy,157.4,9,Ligeramente tarde
foggy,291.9,10,Mucho antes
rainy,185.8,8,Mucho antes
cold,158.1,5,Mucho antes
hot,60.2,2,Mucho antes
hot,48.4,1,Mucho antes
stormy,139.7,7,Mucho tarde
foggy,210.3,12,Mucho tarde
stormy,37.1,5,Mucho tarde
cold,268.8,7,Mucho antes
clear,255.4,7,Ligeramente antes
rainy,5.2,3,Mucho antes
rainy,236.4,11,Mucho tarde
stormy,279.5,13,Mucho tarde
rainy,185.4,10,Mucho antes
foggy,204.7,7,Mucho antes
clear,55.8,3,Mucho antes
cold,159.2,3,Mucho antes
cold,134.6,4,Mucho antes
foggy,92.8,5,Mucho antes
stormy,145.5,8,Mucho antes
clear,7.4,2,Mucho antes
hot,73.3,3,Ligeramente antes
rainy,102.7,6,Mucho antes
foggy,56.0,5,Mucho antes
rainy,47.3,7,Mucho antes
stormy,163.8,9,Ligeramente tarde
foggy,284.3,9,Ligeramente tarde
hot,161.7,6,Mucho antes
hot,224.5,4,Mucho antes
rainy,104.3,8,Mucho antes
hot,293.3,10,Mucho antes
hot,107.2,4,Mucho antes
clear,282.2,6,Mucho antes
clear,260.1,8,Ligeramente tarde
clear,251.9,6,Mucho antes
cold,287.2,9,Ligeramente tarde
rainy,261.1,10,Mucho tarde
cold,279.4,5,Mucho antes
foggy,148.8,8,Mucho antes
rainy,70.0,7,Mucho tarde
stormy,198.0,10,Mucho antes
cold,138.3,4,Mucho antes
foggy,26.7,1,Mucho antes
clear,262.4,7,Mucho antes
hot,3.6,1,Mucho antes
hot,94.6,3,Mucho antes
stormy,9.8,6,Mucho antes
rainy,115.1,8,Mucho antes
hot,31.4,2,Mucho antes
cold,224.4,7,Mucho antes
cold,206.6,4,Mucho antes
rainy,7.8,6,Mucho antes
stormy,47.8,5,Mucho tarde
stormy,43.2,5,Mucho antes
stormy,237.5,12,Mucho tarde
clear,178.4,5,Mucho antes
hot,148.5,3,Mucho antes
stormy,267.5,14,Mucho antes
stormy,78.6,7,Mucho antes
foggy,85.5,5,Mucho antes
cold,239.0,5,Mucho antes
hot,13.1,1,Mucho antes
stormy,210.0,11,Mucho tarde
stormy,164.0,13,Mucho antes
cold,140.2,6,Mucho antes
hot,12.9,1,Ligeramente antes
foggy,52.7,3,Mucho antes
foggy,102.4,5,Mucho antes
rainy,192.1,8,Ligeramente antes
hot,63.2,2,Mucho antes
cold,297.1,6,Mucho antes
rainy,279.0,11,Mucho tarde
rainy,230.8,9,Mucho antes
foggy,207.6,9,Ligeramente tarde
cold,230.6,4,Mucho antes
stormy,216.4,15,Mucho antes
cold,142.7,4,Mucho antes
rainy,32.2,5,Mucho antes
foggy,52.8,3,Mucho antes
foggy,256.3,8,Ligeramente tarde
cold,273.8,6,Mucho antes
cold,134.2,4,Mucho antes
cold,214.6,7,Ligeramente tarde
foggy,232.4,14,Mucho antes
foggy,176.7,8,Mucho antes
hot,26.6,3,Mucho antes
cold,11.3,1,Mucho antes
stormy,63.5,7,Mucho tarde
hot,83.2,2,Mucho antes
clear,55.3,4,Ligeramente tarde
rainy,134.7,8,Mucho tarde
hot,173.5,5,Mucho antes
foggy,48.4,3,Mucho antes
cold,198.8,5,Mucho antes
cold,236.6,5,Ligeramente antes
cold,291.8,13,Mucho tarde
stormy,235.7,9,Mucho tarde
hot,215.1,4,Mucho antes
stormy,33.9,4,Ligeramente tarde
foggy,218.7,5,Mucho antes
hot,206.2,7,Mucho antes
foggy,125.2,6,Ligeramente tarde
hot,292.6,12,Mucho antes
foggy,73.1,3,Mucho antes
foggy,242.1,9,Mucho tarde
foggy,188.8,7,Ligeramente antes
cold,97.5,6,Mucho antes
foggy,271.3,11,Mucho tarde
stormy,85.3,10,Mucho antes
hot,36.8,1,Mucho antes
cold,278.5,9,Ligeramente tarde
hot,112.5,5,Mucho antes
stormy,75.3,4,Mucho antes
rainy,83.2,4,Ligeramente tarde
rainy,41.6,3,Ligeramente tarde
stormy,229.0,8,Ligeramente tarde
clear,84.1,4,Mucho antes
hot,5.0,2,Mucho antes
hot,297.1,10,Mucho tarde
stormy,212.2,8,Mucho antes
stormy,11.4,5,Mucho antes
cold,289.9,7,Ligeramente antes
cold,268.7,6,Mucho antes
cold,174.6,5,Mucho antes
cold,159.5,6,Mucho antes
hot,128.3,4,Mucho antes
foggy,195.1,8,Ligeramente antes
cold,23.2,1,Ligeramente antes
cold,276.7,6,Ligeramente antes
hot,5.7,2,Mucho antes
cold,16.6,1,Ligeramente antes
stormy,255.1,10,Mucho tarde
clear,202.7,3,Mucho antes
cold,131.4,7,Mucho antes
foggy,67.8,5,Mucho antes
stormy,164.9,12,Mucho tarde
stormy,209.2,10,Mucho antes
hot,47.0,3,Mucho antes
clear,250.1,8,Mucho antes
clear,23.0,1,Ligeramente antes
rainy,244.9,13,Mucho tarde
foggy,191.7,6,Mucho antes
stormy,69.9,5,Mucho antes
clear,114.1,5,Ligeramente tarde
cold,181.7,8,Ligeramente antes
hot,76.4,2,Mucho antes
cold,100.4,2,Mucho antes
foggy,226.3,9,Mucho antes
clear,16.3,3,Mucho antes
hot,205.9,7,Mucho antes
hot,105.9,3,Mucho antes
clear,76.0,5,Ligeramente tarde
clear,89.1,2,Mucho antes
foggy,268.5,11,Mucho tarde
cold,258.5,5,Mucho antes
clear,152.2,2,Mucho antes
stormy,69.4,7,Mucho antes
cold,266.4,11,Mucho antes
clear,73.3,1,Mucho antes
cold,146.1,6,Ligeramente tarde
cold,146.2,3,Mucho antes
foggy,182.6,7,Mucho antes
clear,192.9,6,Mucho antes
hot,205.9,6,Mucho antes
rainy,226.4,10,Mucho tarde
foggy,92.2,3,Mucho antes
clear,251.6,7,Ligeramente antes
foggy,180.9,6,Mucho antes
foggy,294.1,9,Mucho antes
foggy,167.2,7,Ligeramente antes
rainy,244.3,10,Ligeramente tarde
clear,31.4,1,Mucho antes
cold,12.8,2,Ligeramente antes
cold,58.0,3,Mucho antes
stormy,74.4,8,Ligeramente antes
foggy,254.8,9,Mucho antes
hot,79.8,2,Mucho antes
hot,39.5,1,Mucho antes
rainy,28.3,5,Mucho antes
foggy,33.0,3,Mucho antes
rainy,198.0,9,Ligeramente tarde
clear,112.0,6,Mucho antes
foggy,57.3,5,Mucho antes
cold,11.5,1,Mucho antes
hot,284.0,7,Mucho antes
stormy,43.0,3,Mucho antes
stormy,163.0,8,Mucho antes
cold,160.7,6,Mucho antes
foggy,123.2,5,Ligeramente tarde
hot,187.4,4,Mucho antes
clear,103.9,5,Mucho antes
stormy,37.7,4,Mucho antes
foggy,90.6,6,Mucho antes
clear,293.4,7,Mucho antes
stormy,206.1,14,Mucho tarde
rainy,94.7,4,Ligeramente tarde
clear,48.3,1,Mucho antes
foggy,194.0,8,Mucho antes
stormy,109.4,5,Mucho antes
clear,72.7,4,Mucho antes
cold,132.4,5,Mucho antes
clear,82.1,3,Mucho antes
rainy,93.1,6,Mucho tarde
clear,79.3,2,Mucho antes
rainy,188.4,13,Mucho tarde
rainy,252.7,11,Mucho antes
foggy,169.1,5,Mucho antes
cold,252.5,6,Mucho antes
hot,195.3,4,Ligeramente antes
cold,175.7,6,Mucho antes
foggy,288.8,9,Ligeramente tarde
clear,234.3,9,Ligeramente tarde
clear,57.6,2,Mucho antes
rainy,177.7,9,Mucho antes
hot,37.1,2,Mucho antes
rainy,3.6,4,Mucho antes
stormy,127.1,7,Mucho antes
cold,81.0,5,Mucho antes
hot,276.8,8,Mucho antes
stormy,265.3,7,Mucho antes
rainy,198.3,7,Mucho antes
foggy,9.7,5,Mucho antes
cold,33.3,2,Mucho antes
foggy,77.8,8,Mucho tarde
clear,195.1,4,Mucho antes
foggy,164.1,10,Mucho antes
cold,26.4,2,Mucho antes
foggy,217.2,10,Mucho tarde
clear,14.2,0,Mucho antes
hot,216.2,6,Mucho antes
rainy,283.7,7,Mucho antes
stormy,113.0,7,Mucho tarde
clear,248.6,6,Mucho antes
foggy,294.9,9,Ligeramente tarde
hot,30.6,1,Mucho antes
clear,28.8,3,Mucho antes
hot,150.5,5,Mucho antes
clear,291.2,6,Ligeramente antes
stormy,199.0,11,Mucho antes
cold,68.0,4,Mucho antes
cold,96.6,4,Mucho antes
rainy,14.3,5,Mucho antes
rainy,57.1,8,Ligeramente antes
rainy,235.4,8,Ligeramente antes
foggy,295.7,9,Mucho antes
foggy,276.8,9,Ligeramente tarde
clear,85.1,4,Mucho antes
foggy,278.3,13,Mucho tarde
foggy,63.7,4,Mucho antes
clear,67.7,1,Mucho antes
clear,39.5,2,Mucho antes
clear,213.3,4,Mucho antes
rainy,76.9,7,Ligeramente antes
foggy,143.1,6,Mucho antes
rainy,98.0,8,Mucho tarde
cold,37.7,0,Mucho antes
stormy,56.7,9,Mucho antes
hot,48.5,2,Mucho antes
rainy,68.2,5,Mucho antes
rainy,104.0,9,Ligeramente tarde
clear,152.9,5,Mucho antes
foggy,65.8,2,Mucho antes
hot,197.5,7,Mucho antes
rainy,78.6,3,Ligeramente antes
rainy,60.9,5,Mucho antes
clear,267.9,5,Mucho antes
rainy,71.8,6,Mucho antes
clear,91.7,2,Ligeramente antes
stormy,143.7,8,Mucho antes
rainy,269.2,8,Mucho antes
cold,249.7,6,Mucho antes
hot,68.9,4,Mucho antes
hot,4.1,2,Ligeramente antes
foggy,116.2,4,Mucho antes
hot,113.4,4,Mucho antes
stormy,63.0,10,Mucho antes
stormy,167.4,8,Ligeramente antes
cold,274.9,6,Mucho antes
rainy,16.1,4,Mucho antes
stormy,228.7,9,Mucho antes
stormy,38.1,5,Mucho antes
cold,254.6,6,Ligeramente antes
hot,229.1,8,Mucho antes
clear,182.3,8,Ligeramente antes
rainy,260.6,11,Mucho tarde
clear,214.3,6,Mucho antes
cold,269.3,9,Mucho antes
stormy,178.8,10,Ligeramente tarde
hot,57.6,2,Mucho antes
stormy,146.1,8,Ligeramente antes
stormy,78.0,5,Mucho antes
clear,278.0,7,Mucho antes
foggy,92.8,6,Mucho antes
hot,177.9,5,Mucho antes
hot,124.6,3,Mucho antes
foggy,27.6,4,Ligeramente tarde
cold,67.3,4,Mucho antes
rainy,48.7,3,Mucho antes
rainy,123.7,10,Mucho tarde
hot,142.7,2,Mucho antes
clear,82.1,3,Mucho antes
stormy,266.8,10,Mucho antes
stormy,26.9,6,Mucho antes
rainy,130.1,7,Mucho tarde
foggy,18.5,5,Mucho antes
foggy,203.7,8,Mucho antes
rainy,106.2,6,Mucho antes
hot,253.7,5,Mucho antes
foggy,221.9,8,Mucho antes
rainy,107.6,6,Mucho antes
stormy,285.7,9,Mucho antes
stormy,173.8,11,Mucho antes
rainy,105.4,6,Mucho antes
clear,117.5,4,Mucho antes
foggy,208.1,10,Ligeramente tarde
cold,133.9,4,Mucho antes
foggy,194.8,6,Mucho antes
rainy,80.8,4,Mucho antes
rainy,65.1,6,Mucho antes
hot,179.8,4,Mucho antes
clear,97.9,3,Ligeramente antes
stormy,253.2,9,Mucho antes
rainy,256.8,11,Mucho antes
clear,100.0,2,Mucho antes
clear,26.2,2,Mucho antes
foggy,115.3,3,Mucho antes
clear,45.5,1,Mucho antes
cold,274.2,6,Mucho antes
stormy,228.8,9,Mucho antes
foggy,70.4,3,Mucho antes
cold,169.3,4,Mucho antes
hot,91.8,3,Mucho antes
rainy,247.5,9,Ligeramente tarde
hot,297.1,8,Ligeramente antes
cold,191.9,8,Mucho antes
clear,53.4,1,Mucho antes
foggy,53.6,3,Mucho antes
cold,169.8,7,Ligeramente antes
stormy,200.9,12,Mucho antes
cold,286.5,11,Mucho antes
foggy,89.8,5,Mucho antes
clear,70.3,1,Mucho antes
cold,191.4,3,Mucho antes
foggy,181.8,8,Mucho antes
stormy,168.0,7,Mucho antes
foggy,211.4,9,Ligeramente tarde
stormy,162.7,10,Mucho antes
cold,11.6,3,Ligeramente tarde
foggy,83.5,4,Mucho antes
cold,266.5,8,Mucho antes
hot,204.3,7,Ligeramente antes
clear,211.9,7,Mucho antes
cold,147.9,6,Mucho antes
stormy,130.8,9,Mucho antes
rainy,242.2,13,Mucho tarde
stormy,280.0,14,Mucho tarde
clear,42.3,3,Mucho antes
cold,41.0,3,Mucho antes
cold,15.6,1,Mucho antes
cold,61.9,1,Mucho antes
hot,244.7,7,Ligeramente tarde
cold,168.0,7,Ligeramente antes
clear,127.5,6,Mucho antes
cold,150.1,8,Mucho antes
rainy,262.4,13,Mucho antes
cold,245.1,9,Mucho antes
hot,231.3,6,Mucho antes
hot,59.8,2,Mucho antes
cold,201.5,5,Mucho antes
clear,97.0,3,Mucho antes
clear,141.6,3,Mucho antes
clear,44.0,2,Mucho antes
clear,147.2,4,Mucho antes
clear,281.9,6,Ligeramente antes
clear,201.6,6,Mucho antes
stormy,9.8,5,Mucho antes
cold,254.7,6,Mucho antes
clear,199.6,4,Mucho antes
cold,129.7,6,Mucho antes
rainy,131.5,8,Mucho tarde
stormy,230.3,8,Ligeramente antes
foggy,80.7,3,Ligeramente antes
foggy,118.0,5,Mucho antes
foggy,234.3,9,Mucho antes
stormy,264.7,15,Mucho tarde
rainy,252.6,8,Ligeramente antes
stormy,178.2,8,Ligeramente antes
hot,255.3,7,Ligeramente antes
cold,213.8,6,Mucho antes
stormy,248.6,14,Mucho antes
hot,83.0,5,Ligeramente tarde
clear,20.8,1,Mucho antes
hot,291.2,7,Ligeramente antes
stormy,219.7,10,Ligeramente tarde
cold,259.3,11,Mucho antes
hot,193.3,5,Mucho antes
clear,108.9,5,Ligeramente tarde
hot,145.5,5,Mucho antes
hot,211.0,9,Ligeramente tarde
stormy,186.7,13,Mucho antes
cold,8.5,1,Mucho antes
stormy,197.5,10,Mucho antes
rainy,129.5,7,Mucho tarde
clear,240.7,4,Mucho antes
foggy,252.8,8,Ligeramente tarde
rainy,201.5,11,Mucho antes
foggy,120.0,4,Mucho antes
foggy,233.7,7,Ligeramente antes
cold,284.1,9,Ligeramente tarde
foggy,61.0,4,Mucho antes
stormy,246.9,8,Ligeramente tarde
hot,13.8,2,Mucho antes
stormy,73.5,6,Mucho antes
hot,268.8,7,Ligeramente antes
stormy,19.7,8,Mucho antes
hot,30.2,0,Mucho antes
foggy,68.3,5,Mucho antes
rainy,165.5,9,Mucho antes
rainy,167.7,9,Mucho antes
clear,137.3,6,Mucho antes
clear,283.1,6,Mucho antes
clear,22.0,2,Mucho antes
rainy,274.8,17,Mucho tarde
foggy,7.8,3,Mucho antes
cold,18.9,1,Mucho antes
foggy,26.0,4,Mucho antes
hot,245.7,7,Mucho antes
stormy,162.9,9,Mucho antes
rainy,168.8,6,Mucho antes
foggy,143.9,8,Ligeramente antes
rainy,160.1,10,Mucho antes
stormy,31.2,8,Mucho antes
stormy,267.2,11,Mucho antes
clear,174.8,7,Mucho antes
stormy,128.6,9,Mucho antes
stormy,144.6,13,Mucho antes
clear,294.4,8,Ligeramente antes
hot,212.8,7,Mucho antes
clear,223.8,5,Mucho antes
foggy,261.9,12,Mucho tarde
stormy,280.9,14,Mucho antes
stormy,53.2,7,Mucho antes
stormy,270.6,9,Ligeramente tarde
stormy,268.0,14,Mucho antes
stormy,264.8,15,Mucho antes
foggy,174.3,9,Mucho antes
rainy,40.7,4,Mucho antes
hot,202.6,6,Ligeramente antes
foggy,225.2,12,Mucho tarde
hot,15.1,2,Ligeramente antes
stormy,250.8,11,Mucho antes
stormy,221.6,10,Mucho antes
rainy,42.5,5,Mucho antes
stormy,94.9,9,Mucho antes
clear,202.4,7,Ligeramente tarde
stormy,3.6,4,Mucho antes
foggy,203.8,8,Mucho antes
foggy,142.1,5,Mucho antes
hot,215.3,7,Mucho antes
hot,278.9,8,Mucho antes
rainy,286.9,12,Mucho antes
stormy,188.5,11,Mucho tarde
foggy,295.4,8,Mucho antes
stormy,99.2,5,Mucho antes
rainy,281.4,9,Mucho antes
foggy,136.8,6,Ligeramente tarde
hot,264.4,5,Mucho antes
rainy,193.2,10,Mucho tarde
cold,231.9,4,Mucho antes
cold,193.1,7,Mucho antes
stormy,268.3,14,Mucho antes
hot,263.5,5,Mucho antes
foggy,51.5,4,Mucho antes
cold,158.9,3,Mucho antes
stormy,142.7,6,Ligeramente tarde
stormy,65.7,7,Mucho antes
cold,72.7,3,Mucho antes
hot,296.7,9,Mucho antes
hot,246.5,9,Mucho antes
cold,118.2,2,Mucho antes
clear,62.1,1,Mucho antes
rainy,102.6,6,Mucho antes
foggy,97.1,4,Mucho antes
clear,255.3,7,Mucho antes
rainy,96.8,5,Mucho antes
stormy,177.6,10,Mucho antes
clear,267.8,7,Mucho antes
cold,186.6,4,Ligeramente antes
hot,287.1,9,Ligeramente tarde
foggy,11.1,4,Mucho antes
hot,287.1,9,Mucho antes
rainy,285.2,13,Mucho antes
foggy,153.3,6,Mucho antes
hot,262.3,9,Mucho antes
foggy,278.8,12,Mucho antes
stormy,278.6,9,Ligeramente tarde
foggy,204.0,5,Ligeramente antes
cold,272.6,6,Mucho antes
cold,57.6,3,Ligeramente antes
foggy,165.8,6,Mucho antes
rainy,272.9,11,Mucho antes
rainy,297.1,9,Ligeramente tarde
rainy,259.7,7,Ligeramente antes
stormy,12.0,5,Mucho antes
cold,297.1,13,Mucho antes
cold,236.7,9,Mucho antes
stormy,289.1,12,Mucho tarde
stormy,216.8,12,Mucho antes
clear,39.1,3,Mucho antes
foggy,246.4,12,Mucho antes
hot,154.9,5,Mucho antes
stormy,95.9,4,Ligeramente tarde
stormy,14.8,5,Mucho antes
stormy,60.4,7,Ligeramente antes
hot,52.6,1,Mucho antes
stormy,4.7,7,Mucho antes
stormy,147.8,8,Ligeramente antes
clear,58.0,1,Mucho antes
cold,105.5,2,Mucho antes
stormy,220.6,10,Ligeramente tarde
hot,53.1,1,Mucho antes
stormy,91.2,6,Mucho antes
hot,94.7,6,Mucho antes
foggy,185.6,8,Ligeramente antes
cold,285.8,6,Ligeramente antes
clear,250.4,7,Mucho antes
rainy,52.0,4,Ligeramente tarde
rainy,177.8,9,Mucho antes
clear,201.3,6,Mucho antes
foggy,82.1,6,Mucho antes
clear,3.6,0,Mucho antes
foggy,160.9,6,Mucho antes
rainy,262.7,11,Mucho antes
foggy,27.5,5,Mucho antes
foggy,104.5,7,Mucho antes
hot,101.9,4,Mucho antes
clear,173.9,4,Mucho antes
rainy,79.8,6,Mucho antes
hot,233.2,8,Ligeramente tarde
clear,133.7,4,Mucho antes
cold,244.4,8,Ligeramente tarde
cold,215.5,5,Mucho antes
foggy,146.9,7,Ligeramente antes
hot,168.0,7,Ligeramente tarde
stormy,176.0,10,Mucho tarde
stormy,215.8,14,Mucho antes
cold,267.1,7,Ligeramente antes
cold,257.8,6,Mucho antes
clear,227.7,4,Mucho antes
rainy,116.2,8,Ligeramente antes
foggy,243.0,8,Ligeramente antes
foggy,292.1,10,Mucho antes
cold,97.7,2,Mucho antes
hot,197.6,4,Mucho antes
clear,225.2,6,Mucho antes
stormy,232.5,13,Mucho antes
cold,196.2,3,Mucho antes
rainy,117.9,4,Mucho antes
foggy,187.8,7,Mucho antes
stormy,109.1,7,Mucho antes
stormy,279.9,15,Mucho tarde
hot,249.3,4,Mucho antes
hot,4.3,2,Mucho antes
rainy,112.7,6,Mucho antes
cold,152.1,4,Mucho antes
foggy,221.3,10,Mucho antes
clear,182.7,5,Mucho antes
clear,278.6,8,Ligeramente antes
foggy,224.5,7,Ligeramente antes
foggy,192.9,7,Mucho antes
rainy,206.7,11,Mucho tarde
foggy,272.9,7,Ligeramente antes
foggy,152.3,8,Ligeramente antes
rainy,162.9,9,Mucho antes
clear,241.5,5,Mucho antes
clear,71.9,2,Ligeramente antes
rainy,147.9,7,Mucho tarde
stormy,234.2,12,Mucho antes
stormy,223.2,12,Mucho tarde
clear,278.2,5,Mucho antes
hot,245.9,6,Mucho antes
hot,51.9,3,Ligeramente antes
cold,265.7,5,Mucho antes
foggy,206.0,8,Mucho antes
rainy,52.3,6,Mucho antes
foggy,102.8,4,Mucho antes
cold,37.4,1,Mucho antes
stormy,286.0,12,Mucho tarde
rainy,151.9,6,Ligeramente tarde
rainy,162.3,10,Mucho antes
cold,37.5,4,Mucho antes
rainy,139.1,7,Mucho antes
hot,259.5,9,Ligeramente tarde
foggy,245.7,9,Ligeramente tarde
foggy,236.5,8,Ligeramente antes
clear,214.1,6,Mucho antes
cold,237.5,7,Ligeramente tarde
rainy,251.3,10,Mucho antes
clear,197.1,4,Mucho antes
hot,45.0,2,Mucho antes
hot,162.6,7,Mucho antes
cold,16.4,1,Ligeramente antes
hot,200.1,6,Mucho antes
clear,275.8,8,Ligeramente tarde
clear,153.2,5,Ligeramente antes
clear,94.0,4,Mucho antes
rainy,125.9,7,Mucho antes
hot,240.3,6,Mucho antes
foggy,160.1,5,Mucho antes
rainy,261.8,12,Mucho antes
rainy,227.0,9,Mucho antes
stormy,111.2,8,Mucho tarde
cold,197.2,8,Mucho tarde
rainy,73.9,6,Mucho antes
clear,61.4,4,Mucho antes
rainy,22.2,7,Ligeramente antes
stormy,73.5,8,Ligeramente antes
hot,239.1,6,Mucho antes
stormy,27.5,7,Mucho antes
cold,197.0,4,Mucho antes
stormy,108.9,8,Mucho tarde
rainy,295.5,9,Ligeramente tarde
clear,179.0,6,Mucho antes
clear,236.8,10,Ligeramente tarde
foggy,238.2,10,Mucho antes
stormy,133.9,8,Mucho antes
cold,22.5,2,Mucho antes
clear,37.1,1,Mucho antes
rainy,130.4,8,Ligeramente antes
rainy,194.0,6,Mucho antes
clear,161.8,4,Mucho antes
clear,230.0,8,Ligeramente tarde
cold,267.4,5,Mucho antes
clear,67.2,2,Ligeramente antes
cold,108.1,5,Mucho antes
hot,91.3,5,Mucho antes
stormy,51.4,5,Mucho antes
clear,166.6,6,Mucho antes
cold,43.6,4,Mucho antes
hot,13.4,2,Mucho antes
cold,20.5,0,Mucho antes
rainy,226.0,8,Mucho antes
rainy,173.2,6,Mucho antes
foggy,284.6,12,Mucho antes
rainy,277.4,13,Mucho antes
clear,218.9,5,Ligeramente antes
stormy,258.6,11,Mucho antes
clear,45.1,1,Mucho antes
hot,242.4,8,Mucho antes
clear,201.3,7,Ligeramente antes
hot,259.0,11,Mucho tarde
hot,84.5,4,Mucho antes
foggy,226.7,7,Ligeramente tarde
hot,18.0,1,Mucho antes
clear,221.1,8,Ligeramente antes
cold,57.9,3,Mucho antes
clear,285.9,12,Mucho tarde
hot,295.4,8,Mucho antes
cold,124.5,5,Mucho antes
stormy,277.4,13,Mucho antes
stormy,76.5,7,Mucho antes
rainy,185.5,9,Mucho antes
clear,260.4,7,Ligeramente antes
stormy,249.2,9,Ligeramente tarde
hot,106.6,4,Mucho antes
foggy,60.3,5,Mucho antes
stormy,89.0,7,Mucho tarde
foggy,3.6,4,Ligeramente tarde
foggy,101.9,7,Mucho tarde
rainy,216.9,10,Mucho antes
cold,139.0,2,Mucho antes
hot,42.9,3,Mucho antes
rainy,100.9,4,Mucho antes
stormy,78.8,6,Mucho antes
hot,177.2,3,Mucho antes
clear,24.5,0,Mucho antes
rainy,219.6,10,Mucho tarde
foggy,41.7,6,Mucho antes
stormy,291.1,10,Mucho antes
rainy,233.0,6,Ligeramente antes
cold,107.9,5,Mucho antes
rainy,58.1,3,Ligeramente antes
stormy,192.2,8,Ligeramente antes
rainy,288.8,12,Mucho tarde
stormy,150.4,5,Ligeramente antes
hot,152.0,5,Mucho antes
stormy,106.1,9,Mucho antes
foggy,180.1,7,Mucho antes
hot,292.1,7,Mucho antes
stormy,135.7,9,Mucho antes
hot,28.3,1,Mucho antes
stormy,152.9,10,Mucho antes
hot,227.8,8,Mucho antes
stormy,275.8,9,Mucho antes
hot,216.5,8,Mucho antes
clear,249.2,4,Mucho antes
foggy,139.3,5,Mucho antes
clear,29.4,1,Mucho antes
rainy,17.6,5,Mucho antes
rainy,54.6,4,Mucho antes
foggy,126.3,5,Mucho antes
foggy,252.7,8,Mucho antes
stormy,149.0,7,Mucho antes
stormy,105.6,10,Mucho antes
hot,121.0,3,Mucho antes
hot,289.4,8,Mucho antes
stormy,131.8,8,Ligeramente antes
clear,205.7,3,Mucho antes
foggy,288.4,12,Mucho tarde
stormy,200.1,9,Mucho tarde
stormy,166.1,10,Ligeramente tarde
cold,155.3,5,Mucho antes
clear,196.8,10,Mucho antes
cold,168.4,6,Mucho antes
stormy,203.3,9,Mucho tarde
foggy,178.4,9,Mucho tarde
stormy,292.5,17,Ligeramente tarde
hot,257.2,12,Mucho tarde
stormy,29.3,4,Mucho antes
foggy,248.5,11,Mucho tarde
cold,54.4,2,Ligeramente antes
rainy,82.2,8,Ligeramente antes
stormy,61.6,9,Mucho tarde
stormy,118.2,8,Mucho tarde
stormy,106.3,6,Mucho antes
foggy,270.7,6,Mucho antes
hot,164.2,7,Mucho antes
hot,97.2,3,Mucho antes
cold,173.8,7,Mucho antes
cold,160.3,7,Ligeramente antes
hot,292.1,7,Mucho antes
clear,61.5,1,Mucho antes
rainy,229.5,9,Mucho antes
cold,18.5,1,Ligeramente antes
foggy,114.3,4,Ligeramente antes
clear,128.0,3,Mucho antes
clear,281.5,8,Mucho antes
clear,34.2,3,Mucho antes
clear,142.1,4,Mucho antes
cold,83.6,3,Mucho antes
hot,3.6,1,Ligeramente antes
clear,27.7,3,Mucho antes
foggy,118.7,3,Ligeramente antes
cold,233.4,6,Mucho antes
rainy,289.7,9,Ligeramente tarde
hot,148.7,7,Ligeramente antes
foggy,297.1,9,Ligeramente tarde
stormy,13.7,3,Ligeramente tarde
rainy,8.3,6,Mucho tarde
rainy,114.4,7,Mucho tarde
clear,99.5,4,Mucho antes
clear,90.5,2,Mucho antes
hot,264.4,10,Mucho antes
cold,167.7,5,Mucho antes
rainy,113.4,9,Mucho antes
hot,8.5,0,Mucho antes
clear,8.7,0,Mucho antes
foggy,38.5,1,Ligeramente antes
hot,76.3,4,Mucho antes
foggy,10.9,2,Ligeramente antes
cold,56.0,2,Mucho antes
clear,16.3,2,Ligeramente antes
clear,266.5,6,Mucho antes
foggy,168.1,6,Ligeramente tarde
foggy,125.7,4,Mucho antes
clear,105.4,5,Mucho antes
rainy,264.5,9,Ligeramente tarde
hot,105.8,3,Ligeramente antes
clear,122.8,4,Mucho antes
foggy,23.6,5,Mucho antes
foggy,255.0,7,Mucho antes
clear,90.2,3,Mucho antes
hot,200.4,9,Ligeramente tarde
clear,27.6,3,Ligeramente tarde
rainy,96.1,8,Mucho antes
rainy,43.5,7,Mucho antes
clear,225.1,7,Mucho antes
hot,219.2,5,Ligeramente antes
stormy,219.0,9,Ligeramente tarde
rainy,66.2,5,Ligeramente tarde
cold,181.7,3,Mucho antes
clear,30.2,3,Mucho antes
foggy,53.8,4,Mucho antes
clear,289.2,11,Mucho antes
foggy,153.1,8,Mucho antes
clear,194.0,6,Mucho antes
rainy,23.4,5,Mucho antes
cold,61.6,2,Ligeramente antes
cold,274.1,7,Mucho antes
clear,22.3,1,Mucho antes
cold,160.5,5,Ligeramente antes
foggy,249.5,9,Mucho tarde
hot,264.1,11,Mucho tarde
clear,80.7,4,Mucho antes
clear,24.6,3,Mucho antes
stormy,77.4,8,Mucho tarde
rainy,177.3,10,Mucho antes
foggy,187.9,6,Ligeramente tarde
rainy,195.4,9,Ligeramente tarde
foggy,99.3,6,Mucho antes
clear,152.5,6,Ligeramente tarde
foggy,94.2,6,Mucho antes
foggy,267.6,10,Ligeramente tarde
clear,5.2,2,Ligeramente antes
foggy,98.3,5,Mucho antes
hot,228.1,5,Ligeramente antes
cold,297.1,8,Mucho antes
rainy,111.6,9,Mucho antes
hot,99.4,2,Mucho antes
stormy,222.8,13,Mucho tarde
clear,258.4,10,Mucho tarde
rainy,160.3,8,Mucho antes
clear,248.1,10,Mucho tarde
rainy,265.1,9,Mucho antes
cold,99.7,3,Mucho antes
foggy,89.4,6,Mucho antes
hot,32.0,2,Ligeramente antes
stormy,39.6,7,Mucho antes
clear,164.2,6,Mucho antes
clear,32.8,1,Mucho antes
cold,220.4,7,Mucho antes
stormy,140.5,10,Ligeramente tarde
foggy,259.1,14,Mucho antes
foggy,200.2,7,Ligeramente antes
hot,111.3,2,Mucho antes
rainy,70.1,8,Mucho antes
stormy,113.1,6,Mucho antes
stormy,135.7,5,Mucho antes
hot,231.4,7,Mucho antes
cold,95.3,2,Ligeramente antes
rainy,50.8,4,Mucho antes
cold,176.4,7,Ligeramente tarde
stormy,117.5,8,Mucho antes
rainy,115.3,5,Mucho antes
rainy,105.7,7,Mucho antes
hot,154.6,6,Mucho antes
foggy,138.2,7,Mucho antes
stormy,278.9,16,Mucho tarde
clear,83.4,2,Mucho antes
hot,94.2,3,Mucho antes
stormy,95.0,6,Mucho antes
rainy,278.7,14,Mucho antes
clear,10.2,0,Mucho antes
stormy,17.9,7,Mucho tarde
rainy,266.6,7,Ligeramente antes
stormy,67.3,8,Mucho antes
clear,180.7,4,Mucho antes
hot,122.4,4,Mucho antes
stormy,58.6,8,Mucho antes
cold,260.0,6,Mucho antes
foggy,153.8,8,Ligeramente antes
foggy,169.6,5,Mucho antes
foggy,5.0,2,Mucho antes
stormy,172.8,9,Mucho tarde
foggy,39.0,4,Ligeramente tarde
hot,274.0,7,Mucho antes
clear,135.9,5,Mucho antes
clear,289.5,6,Ligeramente antes
cold,106.5,6,Ligeramente tarde
cold,139.6,5,Ligeramente tarde
foggy,6.4,3,Ligeramente tarde
stormy,5.4,6,Mucho antes
hot,201.2,6,Ligeramente antes
stormy,3.6,3,Mucho antes
cold,285.9,5,Mucho antes
cold,290.9,6,Mucho antes
clear,71.6,2,Ligeramente antes
foggy,243.6,12,Mucho tarde
hot,254.9,5,Mucho antes
cold,40.5,2,Mucho antes
clear,244.3,7,Mucho antes
foggy,259.1,9,Ligeramente tarde
cold,112.1,4,Ligeramente antes
foggy,208.4,10,Ligeramente tarde
foggy,80.7,4,Mucho antes
clear,172.9,5,Mucho antes
rainy,168.4,9,Ligeramente tarde
stormy,37.2,6,Mucho antes
rainy,279.3,7,Mucho antes
